:020000040800F2
:10000000180F0020ED0100083D490008AB3E000834
:1000100039490008B50A0008F16200080000000034
:10002000000000000000000000000000CD4C0008AF
:10003000B10B00080000000041490008CF4C000847
:10004000070200080702000807020008070200086C
:10005000070200080702000807020008070200085C
:10006000070200080702000807020008B90A000892
:10007000C90A0008D90A0008E90A000807020008AE
:1000800007020008000000008108000807020008BD
:10009000070200080702000807020008070200081C
:1000A000070200080702000807020008070200080C
:1000B00007020008070200080702000807020008FC
:1000C00007020008070200080702000807020008EC
:1000D00007020008C16200080702000807020008C2
:1000E00007020008070200080702000807020008CC
:1000F00007020008070200080702000800000000CD
:1001000000000000070200080000000007020008CD
:1001100007020008000000000702000807020008AC
:10012000070200080702000807020008F90A000891
:10013000070200080000000000000000070200089D
:10014000070200080702000800000000000000008D
:10015000000000000000000000000000000000009F
:10016000000000000000000000000000070200087E
:10017000070200080000000000000000000000006E
:10018000000000000702000800000000000000005E
:10019000000000000000000000000000000000005F
:1001A000000000000000000007020008070200082D
:1001B000070200080702000807020008000000000C
:1001C000000000000702000800000000000000001E
:1001D0000702000807020008DFF80CD000F08EF9D3
:1001E00000480047696A0008180F00200648804749
:1001F00006480047FEE7FEE7FEE7FEE7FEE7FEE70C
:10020000FEE7FEE7FEE7FEE7414D0008D9010008E2
:100210002DE9F05F0546002092469B46884606463B
:10022000814640241BE0284641464746224600F0CE
:1002300012F953465A46C01A914110D31146184636
:10024000224600F0F9F82D1A67EB01084F462246C6
:100250000120002100F0F0F817EB00094E41201EAC
:10026000A4F10104DFDC484631462A464346BDE896
:10027000F09FD2B201E000F8012B491EFBD270477B
:100280000022F6E710B513460A4604461946FFF762
:10029000F0FF204610BD10B5002200E0521C835C28
:1002A0008C5CA34201D1002BF8D1D8B2E1B2401A44
:1002B00010BD00000FB400B58DB010A909900B90CF
:1002C00000914FF0FF300A9000200C9005480690F6
:1002D000054807906A4609A80F9900F0E1F80DB0AB
:1002E0005DF814FBBD040008DB0400082DE9FF5F86
:1002F0001D464FF0FF3BD5E9014691465F464FF062
:100300000008A9697F1C01988847296A82468847A6
:100310000028F6D1BAF1FF3F0CD024F4C064002EBF
:1003200019DD600614D5BAF12B0F09D0BAF12D0FE3
:100330000ED103E0584604B0BDE8F09F44F4806459
:10034000A9697F1C01988847761E8246002E02DD2F
:10035000BAF1300F03D0B9F1000F26D032E0A9690D
:10036000761E44F400747F1C019888478246002E54
:1003700005DDBAF1780F06D0BAF1580F03D0B9F104
:10038000000F10D01EE0B9F1000F02D0B9F1100F2C
:1003900018D1A969761E24F400747F1C019888473F
:1003A0008246102002E0082000E00A20814609E091
:1003B00008FB0908A969761E44F400747F1C0198A3
:1003C00088478246002E05DD4946504600F053F826
:1003D0000028EDDAE96901988847A00502D46FF09A
:1003E0000100A8E7E00725D1600613D5600502D516
:1003F000C8F1000000E0404629680A1D2A6009682B
:10040000220501D5087015E0220701D5088011E00A
:1004100008600FE02868011D29600068210502D5E9
:1004200080F8008006E0210702D5A0F8008001E0F6
:10043000C0F8008038467EE7202A04DB203A00FA24
:1004400002F1002070479140C2F1200320FA03F32B
:10045000194390407047202A04DB203A21FA02F029
:100460000021704721FA02F3D040C2F120029140EE
:100470000843194670473A2800D2303820F020024D
:10048000412A01D3A2F13700884201D34FF0FF3057
:1004900070470000026811441378016018467047E5
:1004A000D160044951610449116200211161114672
:1004B00000F03CB89504000821050008426842B1EC
:1004C000016811F8013B23B1521EC0E90012184621
:1004D00070470121C160881E704742685AB1C368E5
:1004E000016843B983688B4205D0491E521CC0E99C
:1004F0000012002070474FF0FF307047064C074D48
:1005000006E0E06840F0010394E8070098471034E3
:10051000AC42F6D3FFF764FE48F2010868F2010826
:10052000C0B24FF4F05100F097B900002DE9F34F3D
:100530008BB04FF0000801F10C000C464FF0010B9E
:1005400046460DF1080A0190626901210198904721
:10055000051E2DD0252D2CD0216A8847C0B1626997
:10056000012101989047216A88470028F7D1411E50
:1005700062690198904700E0761CA1690B98884752
:10058000216A88470028F7D1E1690B988847DBE7A3
:10059000A1690B9888470746A84201D1761CD3E78A
:1005A000E1690B9888477F1C02D1B8F1000F6FD02A
:1005B00046E1002762693D463946019890472A285E
:1005C00004D162690121019890470125DFF88492E6
:1005D0006269012101989047A0F130010A290AD2ED
:1005E0004F45E5DC07EB870100EB4107303FDFD4E7
:1005F00045F01005ECE7E90601D46FF000476C28E0
:100600000AD04C2814D0682815D06A280DD0742838
:100610001CD07A281AD01DE0626901210198904708
:100620006C2802D045F0040514E045F002050DE009
:1006300045F020050AE06269012101989047682889
:1006400002D045F0080505E045F400656269012126
:1006500001989047C4E9015765283DD019DC582816
:100660007AD00CDC452837D004DC252826D0412858
:1006700031D131E046282FD047282CD12CE05B28FF
:1006800077D0612828D063287CD0642823D15AE011
:10069000D0E06F2848D008DC66281DD067281BD022
:1006A000692821D06E2816D127E0702845D07328FC
:1006B00068D0752847D078280DD14DE0A1690B98F6
:1006C0008847054625283FF469AFE1690B988847BC
:1006D0006D1C3FF46AAFB3E023466A466FF0010039
:1006E0000B99AFF300809EE045F040006060A807E2
:1006F00023464FF0000236D43EE0E8077FF447AFD0
:100700002068011D21600068290501D506701BE7DE
:10071000290701D5068017E7A90703D5F117C0E916
:10072000006111E706600FE745F040006060A80730
:1007300023464FF0080216D41EE040F60E0125EACB
:100740000100606016E045F040006060A8072346A5
:100750004FF00A0207D40FE045F040006060A807A0
:1007600008D5234610226FF001000B99AFF30080EB
:1007700059E007E0234610226FF001000B99FFF7C4
:10078000B5FD50E04FF000094F464B46632802D0BC
:100790005B2806D040E0E80601D40120A0600127D4
:1007A0003AE062690121019890475E2805D14FF037
:1007B00001096269494601989047216939B90021C8
:1007C0000A46534643F82120491C0829FADBB0B3F6
:1007D000216969B9C11700EBD16253110AEB83019A
:1007E00022F01F02821A01200B68904003430B6025
:1007F00062690121019890475D28E8D1B9F1000FA5
:1008000009D00020514651F82020D24341F8202041
:10081000401C0828F7DB02AB224600976FF001006E
:100820000B99AFF3008000280CDA401C08D1BBF113
:10083000000F05D04FF0FF300DB0BDE8F08FFFE79F
:100840004046F9E7E90701D108F1010806444FF0F5
:10085000000B79E6CCCCCC0C7F2801D9002208E033
:10086000064A02EB5002C007127800D1120902F0CA
:100870000F020120904008407047000008F2010874
:1008800010B5034800F014FD024800F011FD10BD42
:10089000B40000202001002070B50546AC6AE06D70
:1008A00000F0500098BBE06D40F40070E0652068F7
:1008B000006800F00800A8B1206803F060FD10B3E4
:1008C0002068C06800F40050E8B9E06D20F4807042
:1008D000E065E06D00F48050A8B9E06D40F00100E3
:1008E000E06510E02068C06800F0020058B9E06DD3
:1008F00020F48070E065E06D00F4805018B9E06D80
:1009000040F00100E065204600F0CEFC0CE0FFE77F
:10091000E06D00F0100018B1204600F0C7FC03E0C5
:10092000606D416B2846884770BD70B50546AC6A5E
:10093000E06D40F04000E065206E40F0040020666D
:10094000204600F0B3FC70BD70B50446A56A284689
:1009500000F0ABFC70BD000070B50446206803F0E9
:10096000F0FC0646206803F0F1FC98B396BB2068C3
:10097000806800F00D0001280AD1206881681A4AB9
:100980001140891C816000BF03202168086009E0D4
:10099000E06D40F01000E065206E40F00100206640
:1009A000012070BD01F090FB054614E001F08CFBC6
:1009B000401B02280FD92068806800F0010050B168
:1009C000E06D40F01000E065206E40F00100206610
:1009D0000120E6E705E02068806800F001000028BB
:1009E000E4D10020DDE70000C0FFFF7F38B50446FA
:1009F00000200090206803F0A9FC00284FD1206857
:100A000080682849084048B1E06D40F01000E0657A
:100A1000206E40F001002066012038BD206803F000
:100A200075FC00BF2048806800F0E07000F4000012
:100A300080B11E4800681E49B0FBF1F0401C00EB7D
:100A400040008000009002E00098401E0090009856
:100A50000028F9D101F038FB05461AE0206803F0C0
:100A600075FC10B9206803F051FC01F02DFB401B10
:100A700002280ED92068006800F0010048B9E06D36
:100A800040F01000E065206E40F00100206601207B
:100A9000C3E72068006800F001000028DED00020D5
:100AA000BBE700003F000080000300501000002062
:100AB000400D030000BFFEE710B5024801F0B3F897
:100AC00010BD00003805002010B5024801F0ABF859
:100AD00010BD00008C01002010B5024801F0A3F801
:100AE00010BD0000EC01002010B5024801F09BF899
:100AF00010BD00004403002010B5024801F093F837
:100B000010BD0000E402002030B50E4D0468AC4278
:100B100001D20D4901E00C4920310B460478083C14
:100B20001425B4FBF5F2446CA40803EB840484643C
:100B3000054C8034C46402F01F050124AC400465F8
:100B400030BD0000080402400008024001794A1E3E
:100B5000064B03EB82024265044A403282654A1E1C
:100B600002F01F0301229A40C2657047000902404B
:100B700030B5D0E913546C60446D14B1D0E916540B
:100B80006C6090F8444004F01F050124AC40056CF3
:100B90006C60046863608468102C04D10468A260EF
:100BA0000468E16003E00468A1600468E26030BDAD
:100BB0007047002109E0002201E0531C9AB240F680
:100BC000B8339A42F9DB4B1C99B28142F3DB704790
:100BD00072B600BFFEE70000F8B504460D460020DF
:100BE000009000BF94F85800012801D10220F8BD00
:100BF000012084F8580000BF2046FFF7ADFE0646EE
:100C00008EBBE06D20F4885040F00200E065206863
:100C100081681B4A114005F0804242F000421143B6
:100C2000816000BF13E00098401C009015490098B7
:100C300088420CD3E06D20F0020040F01000E06527
:100C400000BF002084F8580000BF0120CFE72068D3
:100C50008168C90F0029E6D1E06D20F0020040F064
:100C60000100E06504E0FFE7E06D40F01000E065A2
:100C700000BF002084F8580000BF3046B7E70000EE
:100C8000C0FFFF3F02DE04007047704770477047A7
:100C9000704700002DE9F0439BB004460E464FF02C
:100CA0000008306800B100BF00BF94F85800012868
:100CB00003D102201BB0BDE8F083012084F8580066
:100CC00000BF0020179018902068B0F1A04F02D10B
:100CD0003148009001E000200090009850B9E06D8C
:100CE00040F02000E06500BF002084F8580000BFFD
:100CF0000120DFE7009803F03DFB0746206803F082
:100D000039FBD8BBD7BB254D306800B394F8380009
:100D1000716841EA4030A96821F460410843A86045
:100D20004FF0A04003F017FB81461B4803F013FB74
:100D300049EA0009B9F1000F27D1B16830680843CA
:100D4000A96840F61F7291430843A8601DE0A86897
:100D500020F46040A8604FF0A04003F0FCFA814608
:100D60000D4803F0F8FA49EA0009B9F1000F0CD177
:100D7000A86840F61F718843A86006E0FFE7E06DB1
:100D800040F02000E0654FF0010800BF002084F82B
:100D9000580000BF40468DE700010050000300509E
:100DA0002DE9F84F05460C464FF0000A0020009050
:100DB000FE49E068884200D000E000BF00BF95F81F
:100DC0005800012802D10220BDE8F88F012085F8E3
:100DD000580000BF286803F0C8FA00287DD12968B0
:100DE000D4E9002001F1300CC0F3012B0CEB8B0394
:100DF000D3F800C000F01F0E4FF01F0B0BFA0EFBD4
:100E00002CEA0B0C00F01F0BC2F3846E0EFA0BFEE3
:100E10004CEA0E0CC3F800C000BF286803F0A5FA26
:100E20008146286803F088FA8046B9F1000F64D142
:100E3000B8F1000FFBD1A068B0F1004F0AD12168D2
:100E40000022286803F0ACFA4FF00041286803F054
:100E5000CCFA08E0A2682168286803F0A1FA002112
:100E6000286803F0C2FA60692968C968C1F3C10142
:100E7000490000FA01F7206904283FD02868226859
:100E8000216900F1600C0CEB8103D3F800C0DFF89E
:100E900020B30CEA0B0C02F0F84B4BF0004B4BEA82
:100EA000070B4CEA0B0CC3F800C000BF2868A2690E
:100EB000216900F1600C0CEB8103D3F800C02CF029
:100EC000807C4CEA020CC3F800C000BF2868227F77
:100ED0002169012A02D1520601E0C6E1002213462F
:100EE00000F1600C0CEB8102D2F800C02CF0007C09
:100EF0004CEA030CC2F800C000BFA7E0002128683C
:100F000003F011FAC0F3120030B90021286803F091
:100F10000AFAC0F3846007E00021286803F003FAAE
:100F200090FAA0F0B0FA80F02168C1F3120119B96B
:100F30002168C1F3846104E0216891FAA1F1B1FA5A
:100F400081F1884204D100221146286803F042FA58
:100F50000121286803F0E7F9C0F3120030B901213C
:100F6000286803F0E0F9C0F3846007E001212868F5
:100F700003F0D9F990FAA0F0B0FA80F02168C1F33B
:100F8000120119B92168C1F3846104E0216891FA62
:100F9000A1F1B1FA81F1884204D10022012128682F
:100FA00003F018FA0221286803F0BDF9C0F312001B
:100FB00030B90221286803F0B6F9C0F3846007E075
:100FC0000221286803F0AFF990FAA0F0B0FA80F09F
:100FD0002168C1F3120119B92168C1F3846104E0E9
:100FE000216891FAA1F1B1FA81F1884204D100227D
:100FF0000221286803F0EEF90321286803F093F931
:10100000C0F3120030B90321286803F08CF9C0F353
:10101000846007E00321286803F085F990FAA0F0C6
:10102000B0FA80F02168C1F3120119B92168C1F347
:10103000846104E0216891FAA1F1B1FA81F188425A
:1010400004D100220321286803F0C4F9286803F0C2
:101050007DF9002872D12868E2682168D0F8B030A4
:10106000C1F3120C23EA0C0302F0180BDFF844C1A1
:101070002CFA0BFC0CEA010C43EA0C03C0F8B0306C
:1010800000BF4A49E068884258D12368C3F312037D
:101090001BB92368C3F3846304E0236893FAA3F3C2
:1010A000B3FA83F35B1C03F01F03092B3ED82368BC
:1010B000C3F312031BB92368C3F3846304E02368FA
:1010C00093FAA3F3B3FA83F35B1C03F01F034FF00F
:1010D000010C0CFA03FC2368C3F312031BB9236849
:1010E000C3F3846304E0236893FAA3F3B3FA83F3AE
:1010F0005B1C03F01F034CEA836C2368C3F31203E9
:101100001BB92368C3F3846304E0236893FAA3F351
:10111000B3FA83F35B1C03F01F0303EB43034FF0AD
:10112000000B4BEA03534CEA030347E02368C3F385
:10113000120323B92368C3F3846305E043E0236803
:1011400093FAA3F3B3FA83F35B1C03F01F034FF08E
:10115000010C0CFA03FC2368C3F312031BB92368C8
:10116000C3F3846304E0236893FAA3F3B3FA83F32D
:101170005B1C03F01F034CEA836C2368C3F3120368
:101180001BB92368C3F3846304E0236893FAA3F3D1
:10119000B3FA83F35B1C03F01F030A3B03EB430327
:1011A0004FF0007B4BEA035306E0000000007F4055
:1011B00000F0FF03FFFF07004CEA03031946A26893
:1011C000286803F0EDF82F492068084050B300BFAD
:1011D0002D48806800F0E07600BF2C4920688842E6
:1011E00003D02B49206888421DD106F40000D0B9F5
:1011F0002868B0F1A04F3ED146F40001224803F028
:10120000E3F8244800682449B0FBF1F0401C00EBEF
:1012100040008000009002E00098401E009000987E
:101220000028F9D127E01D49206888420CD106F03A
:10123000807048B91A49286888421CD046F08071ED
:10124000114803F0C1F816E016492068884212D10F
:1012500006F4800078B91249286888420BD046F419
:101260008001094803F0B0F805E0E86D40F0200087
:10127000E8654FF0010A00BF002085F8580000BF64
:101280005046A1E50000088000030050000021C383
:101290001000C09010000020400D0300000052C755
:1012A00000010050000084CB704770477047000079
:1012B0002DE9F84F0446002000902068056820685A
:1012C0004668C54803F02AF8074605F002000228E0
:1012D00011D106F0020002280DD1E06D00F01000DF
:1012E00018B9E06D40F40060E0652046FFF7CCFCE3
:1012F00002202168086005F00400042803D106F0EC
:101300000400042807D005F0080008285FD106F083
:10131000080008285BD1E06D00F0100018B9E06DFE
:1013200040F40070E065206803F029F8002848D0F8
:10133000AA492068884202D14FF0A04000E020680E
:101340002168884204D01FB1052F01D0092F03D195
:101350002068D0F80C800AE0A0492068884202D1B9
:101360004FF0A04000E020688346DBF80C8008F4D2
:101370000050B0F5005F24D02068006800F008003D
:1013800008281ED1206802F0F0FF90B9206840685C
:1013900020F00C0021684860E06D20F48070E0656A
:1013A000E06D00F4805060B9E06D40F00100E06550
:1013B00007E0E06D40F01000E065206E40F00100B5
:1013C00020662046FFF770FF0C202168086005F0BA
:1013D0002000202803D106F02000202807D005F0A7
:1013E0004000402872D106F0400040286ED1E06DE8
:1013F00000F0100018B9E06D40F40050E06520687E
:10140000C16C01F4C07109B9012100E000218A46D4
:1014100000BF206802F0B3FF81467049206888420F
:1014200002D14FF0A04000E020682168884204D03B
:101430001FB1062F01D0072F03D12068D0F80C80F0
:101440000AE066492068884202D14FF0A04000E0DF
:1014500020688346DBF80C80BAF1000F30D008F02A
:10146000007028B1B9F1000F2AD008F4005038BB41
:101470002068006800F04000402821D108F40010E6
:10148000F0B9206802F058FF90B92068406820F059
:10149000600021684860E06D20F48050E065E06DF8
:1014A00000F4807060B9E06D40F00100E06507E095
:1014B000E06D40F01000E065206E40F00100206615
:1014C0002046FFF7E2FB60202168086005F08000FD
:1014D00080280DD106F08000802809D1E06D40F40D
:1014E0008030E065204600F0A9F98020216808607E
:1014F00005F48070B0F5807F0FD106F48070B0F5F0
:10150000807F0AD1E06D40F40030E0652046FFF7AF
:10151000BEFB4FF480702168086005F40070B0F5E0
:10152000007F0FD106F40070B0F5007F0AD1E06DA6
:1015300040F48020E0652046FFF7AAFB4FF40070DE
:101540002168086005F0100010282AD106F010006C
:10155000102826D1E06B10B90120009010E047B1AF
:1015600000BF1D48806800F4604048B10120009031
:1015700006E02068C06800F0010008B1012000907A
:10158000009801280AD1E06D40F48060E065206E8B
:1015900040F0020020662046FFF788FE10202168F8
:1015A000086005F48060B0F5806F13D106F48060A8
:1015B000B0F5806F0ED1E06D40F48040E065206EA4
:1015C00040F0080020664FF48060216808602046E3
:1015D000FFF75CFBBDE8F88F0003005000010050EE
:1015E0002DE9F84304464FF000080020009014B99C
:1015F0000120BDE8F883606920B194F82400012837
:1016000000D100BFE06D30B9204600F019F900208C
:10161000206684F8580020688168C1F3407131B1B8
:10162000206881687E4A1140816000BF00BF206849
:1016300002F096FEB0B9206881687A4A114041F004
:101640008051816000BF784800687849B0FBF1F0B4
:10165000401C4000009002E00098401E009000985E
:101660000028F9D1206802F07BFE48B9E06D40F017
:101670001000E065206E40F0010020664FF0010888
:10168000206802F072FE0646E06D00F010000028AF
:1016900077D1002EFCD1E06D20F4807040F0020084
:1016A000E065206802F052FEB0B94FF0A04002F0B1
:1016B0004DFE81465E4802F049FE49EA0009B9F153
:1016C000000F09D160685B49896821F47C110143EE
:1016D000584A916000BF00BF607FE16B41EA403033
:1016E000E1680843A168084394F8241040EA0145E2
:1016F00094F82400012803D1208D401E45EA40457E
:10170000E06A28B1A08D00F47870216B084305438E
:101710002068C0684849084028432168C86020689C
:10172000006920F04060616B08432168086120680F
:1017300002F002FE0746002E50D1EFBB207F0021B1
:1017400041EA803194F8380041EA40052068C068D9
:1017500044F20201884328432168C860206988B1A7
:101760002068006940F48030216808612068D0F862
:10177000C0006FF30D00216908432168C1F8C00063
:101780000EE045E02068006920F48030216808619F
:101790002068D0F8C0006FF30D002168C1F8C000C8
:1017A00094F84000012813D1606C40F00101A06C56
:1017B0000843E16C084300E010E0216D0843216814
:1017C000096940F2FC72914308432168086105E011
:1017D0002068006920F00100216808616069012823
:1017E00009D12068006B20F00F00216A491E0843D0
:1017F0002168086305E02068006B20F00F00216875
:101800000863E06D20F0020040F00100E06505E0B3
:10181000E06D40F01000E0654FF001084046E8E65A
:10182000C0FFFF5FC0FFFF7F10000020400D0300DE
:1018300000010050000300500740F0FF7047000017
:1018400010B598B00446142113A8FEF719FD4421E1
:1018500002A8FEF715FD2068B0F1A04F5FD14FF44C
:10186000004002908003119002A800F099FD08B199
:10187000FFF7AEF95D480068401C5C490860084607
:10188000006801280DD100BF5948C06C40F40050D9
:101890005749C8640846C06C00F40050019000BF6E
:1018A00000BF00BF5248C06C40F002005049C864FD
:1018B0000846C06C00F00200019000BF00BF881411
:1018C0001390032014900020159013A9494800F0AC
:1018D00007FB4948494908600520486000214748FE
:1018E0008160C1608021016189004161890081615D
:1018F0002021C161C901016200F014FA08B1FFF7AB
:1019000067F900BF3D486065846200BF0022022184
:10191000122000F05DFC122000F046FC63E0384924
:10192000206888425FD1C00102908003119002A814
:1019300000F036FD08B1FFF74BF92C480068401C59
:101940002A4908600846006801280DD100BF2848D0
:10195000C06C40F400502649C8640846C06C00F4CE
:101960000050019000BF00BF00BF2148C06C40F094
:1019700002001F49C8640846C06C00F002000190D4
:1019800000BF00BF4FF400401390032014900020CC
:10199000159013A9174800F0A3FA174814301949F5
:1019A000086024204860002116488160C1608021C1
:1019B000016189004161890081612021C161C90102
:1019C000016200F0AFF908B1FFF702F900BF0D485E
:1019D0006065846200BF00220221122000F0F8FB43
:1019E000122000F0E1FB18B010BD00000000002044
:1019F00000100240000400481C0002408C0100203E
:101A000000010050EC0100202DE9F04104460F4692
:101A100090463D4802F082FC0646206802F0A5FC94
:101A200000286DD100BF94F85800012802D102208F
:101A3000BDE8F081012084F8580000BF1EB1052EDA
:101A400001D0092E56D12046FEF7D0FF0546002DC5
:101A50004BD1E06D40F60161884340F48070E06551
:101A60002A492068884202D14FF0A04000E0206857
:101A70002168884200D01EB9E06D20F48010E06536
:101A8000E06D00F4805020B1206E20F0060020664A
:101A900001E0002020661E48616DC8621D48616D2E
:101AA00008631D48616D48631C202168086000BF01
:101AB000002084F8580000BF2068406840F0100003
:101AC000216848602068C06840F001002168C86053
:101AD000226802F1400143463A46606D00F08AF9FF
:101AE0000546206802F054FC0BE000BF002084F89B
:101AF000580006E0012500BF002084F8580000E0EF
:101B00000225284694E70000000300500001005021
:101B100099080008490900082B090008014600201F
:101B200091F82520022A03D00422CA63012027E06D
:101B30000A68126822F00E020B681A608A6C12683A
:101B400022F480728B6C1A600A68126822F001021B
:101B50000B681A6091F8442002F01F0301229A409A
:101B60000B6C5A60D1E913325A604A6D42B14A6D2A
:101B7000126822F480724B6D1A60D1E916325A60F5
:101B8000012281F8252000BF002281F8242000BF17
:101B9000704770B50446002594F8250002280BD044
:101BA0000420E063012084F8250000BF002084F8B1
:101BB000240000BF012534E02068006820F00E00FA
:101BC000216808602068006820F001002168086032
:101BD000A06C006820F48070A16C086094F8440048
:101BE00000F01F0101208840216C4860D4E91310E7
:101BF0004860606D40B1606D006820F48070616D78
:101C00000860D4E916104860012084F8250000BF60
:101C1000002084F8240000BFA06B10B12046A16B07
:101C20008847284670BD70B50446206C056820685A
:101C3000066894F8440000F01F0104208840284002
:101C4000E0B106F00400C8B12068006800F0200090
:101C500028B92068006820F004002168086094F822
:101C6000440000F01F0104208840216C4860206B74
:101C7000002856D02046216B884752E094F8440053
:101C800000F01F0102208840284018B306F002002F
:101C900000B32068006800F0200040B920680068A8
:101CA00020F00A0021680860012084F8250094F8DB
:101CB000440000F01F0102208840216C486000BFF2
:101CC000002084F8240000BFE06A50B32046E16A97
:101CD000884726E094F8440000F01F01082088405F
:101CE0002840F0B106F00800D8B12068006820F064
:101CF0000E002168086094F8440000F01F010120E4
:101D00008840216C48600120E06384F8250000BF12
:101D1000002084F8240000BF606B10B12046616B86
:101D2000884770BD70B504460CB9012070BD2F49BD
:101D3000206888420BD22E492068401A1421B0FB3B
:101D4000F1F0800060642A48083820640AE02749DE
:101D50002068401A1421B0FBF1F080006064234831
:101D600008382064022084F825002068056847F6BA
:101D7000F0708543D4E90201084321690843616991
:101D80000843A1690843E1690843216A0843054300
:101D9000206805602046FEF7B7FEA068B0F5804FCA
:101DA00001D1002060602079A16C0860D4E9131093
:101DB0004860606860B16068042809D82046FEF772
:101DC000C5FE0020616D0860D4E91610486003E08C
:101DD00000206065A065E0650020E063012084F8D4
:101DE0002500002084F8240000BF9FE7080402407B
:101DF000080002402DE9F04104460D4616461F46F4
:101E00004FF0000800BF94F82400012802D10220FE
:101E1000BDE8F081012084F8240000BF94F825007B
:101E200001283FD1022084F825000020E0632068CB
:101E3000006820F00100216808603B4632462946D0
:101E40002046FEF795FE206B30B12068006840F018
:101E50000E00216808600BE02068006820F0040094
:101E6000216808602068006840F00A002168086066
:101E7000A06C006800F4803028B1A06C006840F4C9
:101E80008070A16C0860606D28B1606D006840F4DE
:101E90008070616D08602068006840F00100216872
:101EA000086006E000BF002084F8240000BF4FF067
:101EB00002084046ACE7000070B5044600F004F9A3
:101EC00006462546681C10B104480068054400BF5A
:101ED00000F0FAF8801BA842FAD370BD0C00002075
:101EE00078B502460B460021CAE001268E401D68E7
:101EF00005EA0604002C73D01D7905F00305012DB9
:101F000004D01D7905F00305022D13D190684E0011
:101F10000325B540A8434E00DD68B54028439060D6
:101F2000506801258D40A8431D79C5F300158D40EB
:101F3000284350601D7905F00305032D09D0D068B2
:101F40004E000325B540A8434E009D68B540284388
:101F5000D0601D7905F00305022D13D1CE0802F1E2
:101F6000200555F826004D07EE0E0F25B540A84375
:101F70004E07F60E1D69B5402843CE0802F1200534
:101F800045F8260010684E000325B540A8431D798A
:101F900005F003054E00B540284310605D6805F468
:101FA0004035002D6BD000BF384D2D6E45F001053A
:101FB000364E356635462D6E05F00105009500BF9D
:101FC00000BF4FEAB6358E0855F826008D072E0F54
:101FD0000F25B540A843B2F1904F02D100251AE079
:101FE0004DE02B4DAA4201D1012514E0294DAA4212
:101FF00001D102250FE0284DAA4201D103250AE0B4
:10200000264DAA4201D1042505E0254DAA4201D161
:10201000052500E006258E07360FB5402843214DE3
:102020008E0845F82600204D2868A0435D6805F419
:10203000801505B120431C4D28602D1D2868A04344
:102040005D6805F4001505B12043174D2D1D28606E
:10205000154D2D1F2868A0435D6805F4003505B1B6
:102060002043114D2D1F28602D1F2868A0435D6857
:1020700005F4803505B120430B4D083D2860491C0F
:102080001D68CD40002D7FF430AF78BD00100240B8
:102090000004004800080048000C004800100048F8
:1020A000001400480800014008040140024613697A
:1020B0000B400BB1012000E0002070470AB18161A4
:1020C00000E081627047000001480068704700002E
:1020D00004000020034800680349096808440149D6
:1020E00008607047040000200C00002010B5002498
:1020F000032000F0ABF8002000F008F808B101243C
:1021000001E000F02FF8204610BD000070B5044635
:10211000002511480068D8B10F4800684FF47A7163
:10212000B1FBF0F00D490968B1FBF0F6304600F064
:1021300025FF58B9102C07D200222146501E00F06E
:1021400047F80748046004E0012502E0012500E0AB
:102150000125284670BD00000C0000201000002062
:102160000800002008B500BF0E48006E40F00100D6
:102170000C4908660846006E00F00100009000BFA0
:1021800000BF00BF0846806D40F08050886508465B
:10219000806D00F08050009000BF00BF00F0F6F8A6
:1021A00008BD0000001002400146084600280DDB73
:1021B00000BF00BF00F01F0301229A4043099B00AB
:1021C00003F1E023C3F8002100BF00BF00BF704748
:1021D0002DE9F05F80460D46164604F08BF8074661
:1021E00039462A46334601F00700C0F1070ABAF122
:1021F000040F02D94FF0040A01E0C0F1070AD146EA
:1022000000F1040ABAF1070F02D24FF0000A01E010
:10221000A0F1030AD4464FF0010A0AFA09FAAAF11A
:10222000010A0AEA020A0AFA0CFA4FF0010B0BFA49
:102230000CFBABF1010B0BEA030B4AEA0B04214642
:10224000404604F05FF8BDE8F09F000000BF00F0DA
:102250000702064B19684FF6FF031940044B0B4366
:1022600043EA0221014B196000BF70470CED00E00A
:102270000000FA0502468ABB4148006800F4C060CD
:10228000B0F5806F2BD13E488030006820F480701C
:102290003B4BC3F880001846006820F4C06040F44F
:1022A000007018603748006832235843364BB0FB43
:1022B000F3F0411C00E0491E3148406900F48060A1
:1022C000B0F5806F01D10029F5D12D48406900F4A7
:1022D0008060B0F5806F51D10320704708E0284836
:1022E0008030006820F48070254BC3F8800045E002
:1022F000B2F5007F3AD12248006800F4C060B0F522
:10230000806F2AD11E488030006840F480701C4BDA
:10231000C3F880001846006820F4C06040F40070E4
:1023200018601848006832235843174BB0FBF3F08D
:10233000411C00E0491E1248406900F48060B0F57D
:10234000806F01D10029F5D10D48406900F480600B
:10235000B0F5806F12D10320BFE7094880300068D4
:1023600040F48070064BC3F8800007E00448006822
:1023700020F4C06040F48060014B18600020ACE79E
:10238000007000401000002040420F0003488068A9
:1023900040F48040014988607047000000700040B0
:1023A0002DE9F84304460027B846206800F40020D1
:1023B000B0F5002F73D1B946D348806D00F080503E
:1023C00078B900BFD048806D40F08050CE49886514
:1023D0000846806D00F08050009000BF00BF4FF0B5
:1023E0000109CA48006840F48070C8490860FFF7D6
:1023F0006BFE064606E0FFF767FE801B022801D948
:10240000032705E0C148006800F480700028F2D07E
:1024100000BF002F46D1BC489030006800F44075E2
:10242000CDB1206CA84216D0B7489030006820F497
:102430004075B548D0F8900040F48030B249C1F8FA
:1024400090000846D0F8900020F48030C1F8900049
:102450000846C0F8905005F00100A0B1FFF734FE27
:10246000064608E0FFF730FE801B41F288318842C3
:1024700001D9032706E0A4489030006800F002006C
:102480000028EFD000BF5FB99F489030006820F46B
:102490004070216C08439C49C1F8900003E00CE0B7
:1024A000B84600E0B846B9F1010F05D19648806DF5
:1024B00020F080509449886500BF207800F001002A
:1024C00048B191488830006820F0030061680843F3
:1024D0008D49C1F88800207800F00200022809D157
:1024E00089488830006820F00C00A16808438649BC
:1024F000C1F88800207800F00400042809D182483F
:102500008830006820F03000E16808437E49C1F857
:102510008800207800F00800082809D17A4888301F
:10252000006820F0C000216908437749C1F888009D
:10253000207800F02000202809D1734888300068F6
:1025400020F44060616908436F49C1F88800207831
:1025500000F04000402809D16B488830006820F422
:102560004050A16908436849C1F88800207800F00C
:102570008000802809D164488830006820F44040F9
:10258000E16908436049C1F88800208800F4807040
:10259000B0F5807F09D15C488830006820F4403075
:1025A000216A08435849C1F88800208800F4007067
:1025B000B0F5007F09D154488830006820F44020ED
:1025C000616A08435049C1F88800208800F480609F
:1025D000B0F5806F13D14C488830006820F440106B
:1025E000A16A0843484988310860A06AB0F5801F95
:1025F00005D14548C06840F480104349C860208830
:1026000000F40060B0F5006F13D13F4888300068D7
:1026100020F44000E16A08433B4988310860E06AE1
:10262000B0F5800F05D13848C06840F480103649B5
:10263000C860208800F48050B0F5805F13D1324824
:102640008830006820F04070216B08432E498831A3
:102650000860206BB0F1807F05D12B48C06840F442
:1026600080102949C860208800F40050B0F5005F50
:1026700013D125488830006820F04060616B084322
:10268000214988310860606BB0F1006F05D11E48A8
:10269000C06840F480101C49C860208800F4804065
:1026A000B0F5804F13D118488830006820F04060A2
:1026B000A16B0843144988310860A06BB0F1006F2A
:1026C00005D11148C06840F480100F49C8602088C7
:1026D00000F40040B0F5004F13D10B48883000687B
:1026E00020F04050E16B0843074988310860E06BF7
:1026F000B0F1805F05D10448C06840F480300249E1
:10270000C8604046BDE8F8830010024000700040F9
:102710002DE9F04104460D464FF0000814B90120A0
:10272000BDE8F0817D48006800F00F00A8420ED29D
:102730007A48006820F00F0028437849086008466E
:10274000006800F00F00A84201D00120E8E72078DF
:1027500000F00100002864D06068032823D170488D
:10276000006800F0007008B90120D9E702F0EAF82B
:1027700006466C48864237D96948806800F0F00008
:1027800030B1207800F0020002282DD1A06858BB9B
:102790006348806820F0F00040F080006049886065
:1027A0004FF0800820E06068022806D15C4800688D
:1027B00000F4003040B90120B2E75948006800F445
:1027C000806008B90120ABE700F0DEF80646554806
:1027D000864209D95248806820F0F00040F080001D
:1027E0004F4988604FF080084D48806820F0030012
:1027F000616808434A498860FFF766FC074608E0BD
:10280000FFF762FCC01B41F28831884201D90320E6
:1028100086E74348806800F00C006168B0EB810FE8
:10282000EED1207800F00200022820D1207800F0BC
:102830000400042805D13A48806840F4E060384933
:102840008860207800F00800082807D134488068A4
:1028500020F4605040F4E06031498860304880687E
:1028600020F0F000A16808432D49886008E0B8F125
:10287000800F05D12A48806820F0F0002849886040
:102880002648006800F00F00A84219D923480068C4
:1028900020F00F00284321490860FFF715FC074688
:1028A00008E0FFF711FCC01B41F28831884201D9D2
:1028B000032035E71948006800F00F00A842F0D166
:1028C000207800F00400042807D11548806820F41F
:1028D000E060E168084312498860207800F0080051
:1028E000082808D10E48806820F46050216940EA29
:1028F000C1000B49886000F047F809498968C1F3B5
:102900000311094A515C01F01F01C84007490860E2
:1029100007480068FFF7FAFB02E7000000200240CA
:102920000010024000B4C404F0F1010810000020BF
:1029300008000020014800687047000010000020D7
:1029400000B5FFF7F7FF05498968C1F30221044A82
:10295000515C01F01F01C84000BD000000100240A2
:1029600000F2010800B5FFF7E5FF05498968C1F3EA
:10297000C221044A515C01F01F01C84000BD0000A3
:102980000010024000F2010870B5224DAD6805F05C
:102990000C05042D01D120483AE01E4DAD6805F02C
:1029A0000C05082D01D11D4832E01A4DAD6805F027
:1029B0000C050C2D2BD1174DED6805F00304154DBA
:1029C000ED68C5F303156A1C022C0CD0032C09D149
:1029D000124DB5FBF2F50F4EF668C6F3062605FB61
:1029E00006F10AE000BF0C4DB5FBF2F5094EF668A2
:1029F000C6F3062605FB06F100BF00BF054DED68D6
:102A0000C5F341656D1C6B00B1FBF3F000E00020E5
:102A100070BD0000001002400024F40000366E017A
:102A20002DE9F843044614B90120BDE8F883207865
:102A300000F00100002865D0FC48806800F00C0719
:102A4000FA48C06800F003060C2F01D1032E01D014
:102A5000082F0AD1F548006800F40030002851D052
:102A6000606800284ED10120DFE700BF6068B0F544
:102A7000803F06D1ED48006840F48030EB490860A3
:102A80001AE06068B0F5A02F0BD1E848006840F468
:102A90008020E64908600846006840F480300860FD
:102AA0000AE0E248006820F48030E0490860084607
:102AB000006820F48020086000BF606888B1FFF7DC
:102AC00003FB054606E0FFF7FFFA401B642801D927
:102AD0000320AAE7D548006800F400300028F2D0AF
:102AE00010E0FFF7F1FA054606E0FFF7EDFA401BAC
:102AF000642801D9032098E7CC48006800F400302E
:102B00000028F2D1207800F00200022860D1C748E6
:102B1000806800F00C07C548C06800F003060C2F61
:102B200001D1022E01D0042F18D1C048006800F452
:102B3000806018B1E06808B9012076E7BB484068BA
:102B400020F0FE40217C40EA0160B8494860B84866
:102B50000068FFF7DBFA18B3012066E7E06800B30E
:102B6000B248006840F48070B0490860FFF7ACFAE2
:102B7000054606E0FFF7A8FA401B022801D903200A
:102B800053E7AA48006800F480600028F2D0A74804
:102B9000406820F0FE40217C40EA0160A349486083
:102BA00016E0A248006820F48070A0490860FFF792
:102BB0008BFA054606E0FFF787FA401B022801D989
:102BC000032032E79948006800F480600028F2D1C1
:102BD000207800F00800082836D16069D0B1934809
:102BE0009430006840F001009049C1F89400FFF76C
:102BF0006BFA054606E0FFF767FA401B022801D989
:102C0000032012E789489430006800F00200002891
:102C1000F1D019E085489430006820F00100834924
:102C2000C1F89400FFF750FA054606E0FFF74CFAAA
:102C3000401B022801D90320F7E67C489430006845
:102C400000F002000028F1D1207800F004000428F0
:102C500072D14FF000087548806D012121EA107093
:102C600078B100BF7148806D40F080506F49886531
:102C70000846806D00F08050009000BF00BF4FF00C
:102C800001086C48006800F48070B0B969480068B9
:102C900040F4807067490860FFF716FA054606E0C1
:102CA000FFF712FA401B022801D90320BDE6614854
:102CB000006800F480700028F2D000BFA0680128EE
:102CC00008D15A489030006840F001005749C1F8D7
:102CD000900021E0A06805280FD15448903000688A
:102CE00040F004005149C1F890000846D0F8900027
:102CF00040F00100C1F890000EE04C4890300068B0
:102D000020F001004949C1F890000846D0F8900031
:102D100020F00400C1F8900000BFA068A8B1FFF740
:102D2000D3F9054609E0FFF7CFF9401B41F288319E
:102D3000884202D9032078E625E03C4890300068BC
:102D400000F002000028EED013E0FFF7BDF90546C1
:102D500008E0FFF7B9F9401B41F28831884201D9F8
:102D6000032062E631489030006800F0020000283D
:102D7000EFD1B8F1010F05D12C48806D20F08050C3
:102D80002A49886500BF207800F02000202836D12D
:102D9000A069D0B125489830006840F0010023496F
:102DA000C1F89800FFF790F9054606E0FFF78CF9A7
:102DB000401B022801D9032037E61C4898300068E0
:102DC00000F002000028F1D019E01848983000689F
:102DD00020F001001549C1F89800FFF775F9054684
:102DE00006E0FFF771F9401B022801D903201CE619
:102DF0000E489830006800F002000028F1D1E06928
:102E0000002860D00948806800F00C000C287AD0B7
:102E1000E069022858D10548006820F08070034915
:102E20000860FFF751F905460DE000000010024070
:102E30000800002000700040FFF746F9401B022800
:102E400001D90320F1E54A48006800F0007000282D
:102E5000F2D1D4E90810401E41EA0011A06A41EA0B
:102E60000021208E0122C2EB500041EA4051342063
:102E7000005DC2EB500041EA40612C20005D41EA58
:102E8000C0603B49C9683B4A114008433849C860A3
:102E90000846006840F0807008600846C06840F04E
:102EA0008070C860FFF710F9054606E0FFF70CF9DF
:102EB000401B022801D90320B7E52D48006800F027
:102EC00000700028F2D051E02948006820F080709E
:102ED00027490860FFF7F8F8054606E0FFF7F4F821
:102EE000401B022801D903209FE52148006800F01B
:102EF00000700028F2D11E48C0681F4908401C49D4
:102F0000C86033E0FFE7E069012800D18DE518488B
:102F1000C66806F00301206A814225D106F0F0015F
:102F2000606A401EB1EB001F1ED106F4FE41A06A8C
:102F3000B1EB002F18D106F078412C20005DB1EBE9
:102F4000C06F11D106F4C001208E0122C2EB5000E7
:102F5000B1EB405F08D106F0C0613420005DC2EBE8
:102F60005000B1EB406F01D001205EE500205CE530
:102F7000001002400C809F01FCFFEEFE70B504467D
:102F80002546681EB0F1807F01D301200FE0681E46
:102F90004FF0E02148610F214FF0FF3003F0B2F90C
:102FA00000204FF0E021886107200861002070BDFB
:102FB00030B502460B4600BF92F83C00012801D113
:102FC000022030BD012082F83C0000BF022082F8C0
:102FD0003D0010684168106884681D4D1068A84263
:102FE00003D01C4D1068A84203D121F47001586829
:102FF0000143194801401868014310684160144DAD
:103000001068A84213D01068B0F1804F0FD0134D54
:103010001068A8420BD0124D1068A84207D00D4D81
:103020001068A84203D00F4D1068A84205D124F0C3
:1030300080049868044310688460012082F83D0091
:1030400000BF002082F83C0000BF00BFB9E70000CD
:10305000002C0140003401408FFFFFFD00040040C0
:10306000000800400040014010B504460CB90120A2
:1030700010BD94F83D0028B9002084F83C0020469B
:1030800000F02AF8022084F83D00211D206801F09C
:1030900061FE012084F8480000BF84F83E00012151
:1030A0003F20015540200155412001554220015546
:1030B0004320015500BF00BF012084F84400452093
:1030C0000155462001554720015500BF012084F8D5
:1030D0003D000020CCE7000010B586B00446142166
:1030E00001A8FDF7CDF82068B0F1804F47D100BFAF
:1030F0004948806D40F00100474988650846806D69
:1031000000F00100009000BF00BF00BF0846C06C87
:1031100040F00100C8640846C06C00F00100009057
:1031200000BF00BF4FF40040019002200290002039
:10313000039004900120059001A94FF09040FEF704
:10314000CFFE3648364908603820486000213448B0
:103150008160C160802101618900416189008161D4
:103160002021C16100210162FEF7DCFD08B1FDF7FD
:103170002FFD00BF2A4961620846846249E029495F
:103180002068884245D100BF2348806D40F002008E
:10319000214988650846806D00F00200009000BF5C
:1031A00000BF00BF0846C06C40F00200C86408467B
:1031B000C06C00F00200009000BF00BF1020019022
:1031C000022002900020039004900220059001A9A3
:1031D0001548FEF785FE1548154908603D204860F2
:1031E000002113488160C160802101618900416133
:1031F000890081612021C16100210162FEF792FDF9
:1032000008B1FDF7E5FC00BF094961620846846228
:1032100000BF06B010BD0000001002404404024090
:10322000E402002000040040000400484400024082
:10323000440300202DE9F04104460D46002700BF5D
:1032400094F83C00012802D10220BDE8F081012061
:1032500084F83C0000BF022084F83D0020688668A6
:103260003F48064026F47F4620688660286870281C
:1032700024D00CDC00F00F01002964D100110728D4
:1032800061D2DFE800F05354555649353F00354AC6
:10329000811A90424FD009DCB0F5805F0DD0B0F5B7
:1032A000005F18D0B0F1101F4DD143E0102943D07A
:1032B000202942D0502946D140E046E0D5E902130A
:1032C0006A68206801F049FE2068866846F0770643
:1032D0002068866039E0D5E902136A68206801F049
:1032E0003CFE2068806840F48040216888602CE0C3
:1032F000EA686968206801F0C9FE5021206801F081
:1033000037FE22E0EA686968206801F011FF602159
:10331000206801F02DFE18E0EA686968206801F075
:10332000B5FE4021206801F023FE0EE000BF00BF83
:1033300000BF00BF00BF00BF00BF00BF29682068FA
:1033400001F016FE01E0012700BF00BF012084F854
:103350003D0000BF002084F83C0000BF384674E701
:1033600088FFCEFF200010007047704770472DE99E
:10337000F04104460D461646002700BF94F83C0075
:10338000012802D10220BDE8F081012084F83C0030
:1033900000BF96B9EB68D5E90012206801F08AFEFB
:1033A0002068806920F00C002168886120688069AD
:1033B000A96808432168886141E0042E13D1EB68B5
:1033C000D5E90012206801F0C7FE2068806920F46A
:1033D00040602168886120688069A96840EA01200E
:1033E000216888612BE0082E12D1EB68D5E9001224
:1033F000206801F0CEFE2068C06920F00C00216832
:10340000C8612068C069A96808432168C86116E0DE
:103410000C2E13D1EB68D5E90012206801F0D5FE1F
:103420002068C06920F440602168C8612068C069D4
:10343000A96840EA01202168C86100E0012700BFB7
:10344000002084F83C0000BF38469CE710B50446D5
:103450000CB9012010BD94F83D0028B9002084F873
:103460003C00204600F029F8022084F83D00211D90
:10347000206801F06FFC012084F8480000BF84F848
:103480003E0001213F2001554020015541200155BA
:10349000422001554320015500BF00BF012084F8A0
:1034A000440045200155462001554720015500BFE5
:1034B000012084F83D000020CCE770472DE9F05F43
:1034C00004460D46174698464FF0000B15B994F880
:1034D0003E0015E0042D02D13F20005D10E0082DD4
:1034E00002D14020005D0BE00C2D02D14120005D97
:1034F00006E0102D02D14220005D01E04320005D76
:10350000814615B994F844000BE0042D02D1452002
:10351000005D06E0082D02D14620005D01E0472055
:10352000005D8246B9F1020F02D0BAF1020F02D15A
:103530000220BDE8F09FB9F1010F3DD1BAF1010FB2
:103540003AD117B1B8F1000F01D10120F1E71DB94F
:10355000022084F83E001AE0042D03D102213F200E
:10356000015514E0082D03D10221402001550EE041
:103570000C2D03D102214120015508E0102D03D16B
:1035800002214220015502E00221432001551DB9CC
:10359000022084F8440011E0042D03D102214520CB
:1035A00001550BE0082D03D102214620015505E00D
:1035B00002214720015501E00120BAE701222946F6
:1035C000206801F02DFC35B1042D1FD0082D38D016
:1035D0000C2D6CD150E05049606AC1624F49606A5D
:1035E00001634F49606A4163226802F13401434636
:1035F0003A46606AFEF7FEFB08B1012099E72068B1
:10360000C06840F400702168C86053E04249A06A75
:10361000C1624249A06A01634149A06A41632268CC
:1036200002F1380143463A46A06AFEF7E3FB08B1CF
:1036300001207EE72068C06840F480602168C8608F
:1036400038E03549E06AC1623449E06A01633449CF
:10365000E06A4163226802F13C0143463A46E06A6F
:10366000FEF7C8FB08B1012063E72068C06840F49A
:1036700000602168C8601DE02749206BC1622749AE
:10368000206B01632649206B4163226802F14001EF
:1036900043463A46206BFEF7ADFB08B1012048E7F0
:1036A0002068C06840F480502168C86002E04FF094
:1036B000010B00BF00BF1B492068884213D020685F
:1036C000B0F1804F0FD01849206888420BD01749BD
:1036D0002068884207D016492068884203D01549DF
:1036E0002068884210D120688068134900EA0106EA
:1036F000062E0FD0B6F5803F0CD02068006840F051
:1037000001002168086005E02068006840F00100C1
:103710002168086058460CE7434E0008BD4E00087B
:10372000FD4E0008002C014000040040000800404D
:1037300000340140004001400700010070B504461C
:103740000D4600BF94F83C00012801D1022070BD55
:10375000012084F83C0000BF022084F83D00294687
:10376000204601F011FC48B1012084F83D0000BF63
:10377000002084F83C0000BF0120E8E72068C06812
:1037800020F040002168C8602068C06820F48040B4
:103790002168C860012084F83D0000BF002084F843
:1037A0003C0000BF00BFD2E7014600BF91F8840093
:1037B000012801D102207047012081F8840000BF58
:1037C0002420C1F88800086802680868006820F0B2
:1037D00001000B68186022F000520020486608685B
:1037E00002602020C1F8880000BF002081F884001A
:1037F00000BF00BFDFE72DE9F04104460E46174643
:10380000D4F88C00202825D106B117B90120BDE8D5
:10381000F0810120E066002020673A4631462046CC
:1038200002F0E6FB05469DB9E06E01280FD110209D
:103830002168086200BF00BF216851E8001F41F005
:103840001000226842E800010029F5D100E00125BE
:103850002846DCE70220DAE770B505460C46074843
:1038600003F0FCF920B922460549044803F020FA88
:1038700080210348FCF704FD70BD0000D80500203E
:1038800024040020704770B504460D4600BF94F82C
:103890008400012801D1022070BD012084F8840039
:1038A00000BF2420C4F888002068066820680068EB
:1038B00020F00100216808602068806820F06060C6
:1038C000284321688860204601F09EFC206806603D
:1038D0002020C4F8880000BF002084F8840000BFC6
:1038E00000BFD9E770B504460D4600BF94F88400C8
:1038F000012801D1022070BD012084F8840000BF9E
:103900002420C4F88800206806682068006820F039
:103910000100216808602068806820F0604028432A
:1039200021688860204601F06FFC20680660202036
:10393000C4F8880000BF002084F8840000BF00BFE6
:10394000D9E77047704770472DE9F0470446206873
:10395000C569206806682068876840F60F0005EA98
:103960000009B9F1000F0FD105F0200060B106F099
:10397000200010B907F0805030B1606F10B12046C0
:10398000616F8847BDE8F087B9F1000F7ED0D44859
:10399000384018B9D34830400028F7D005F001006E
:1039A00058B106F4807040B1012021680862D4F853
:1039B000900040F00100C4F8900005F0020058B1FA
:1039C00007F0010040B1022021680862D4F890009D
:1039D00040F00400C4F8900005F0040058B107F06E
:1039E000010040B1042021680862D4F8900040F042
:1039F0000200C4F8900005F0080070B106F0200045
:103A000010B9B748384040B1082021680862D4F89E
:103A1000900040F00800C4F8900005F4006060B128
:103A200006F0806048B14FF4006021680862D4F865
:103A3000900040F02000C4F89000D4F890000028D6
:103A400052D005F0200050B106F0200010B907F068
:103A5000805020B1606F10B12046616F8847D4F864
:103A600090A02068806800F04000402802D00AF052
:103A7000280070B3204601F08DFD2068806800F0BA
:103A80004000402826D100BF00BF00E02DE02168A3
:103A9000083151E8001F21F040002168083141E859
:103AA0000002002AF1D100BFD4F8800068B18E482E
:103AB000D4F880108863D4F88000FEF76AF898B1D3
:103AC000D4F88000816B88470EE02046FFF73BFF6B
:103AD0000AE003E02046FFF736FF05E02046FFF747
:103AE00032FF0020C4F890004CE7E06E012865D159
:103AF00005F01000002861D006F010000028FAD070
:103B00001020216808622068806800F0400040288A
:103B100065D1D4F88000006840681FFA80F8B8F1D9
:103B2000000F5BD0B4F85C00404557DDA4F85E8020
:103B3000D4F880000068006800F02000E8BB00BFF7
:103B400000BF216851E8001F21F48070226842E81C
:103B500000010029F5D100BF00BF00BF2168083176
:103B600051E8001F21F001002168083141E80002FE
:103B7000002AF3D100BF00BF00BF2168083151E81F
:103B8000001F21F040002168083141E80002002AAE
:103B9000F3D100BF2020C4F88C000020E06600BFF5
:103BA00000BF216851E8001F21F01000226842E8A0
:103BB00000010029F5D100BF01E004E053E0D4F892
:103BC0008000FDF7ABFF02202067B4F85C00B4F87A
:103BD0005E20801A81B22046FFF73EFED2E634F81E
:103BE0005C0F6188401A1FFA80F860885C3CC8B39B
:103BF000B8F1000F36D000BF00BF216851E8001FA8
:103C000021F49070226842E800010029F5D100BF3C
:103C100000BF00BF2168083151E8001F304AD2437D
:103C200001EA02002168083141E80002002AF1D1CE
:103C300000BF2020C4F88C000020E066606700BF51
:103C400000BF216851E8001F21F01000226842E8FF
:103C500000010029F5D100BF02202067414620461F
:103C6000FFF7FAFD8EE605F4801050B107F48000EE
:103C700038B14FF48010216808622046FFF762FED9
:103C800080E605F0800058B106F0800010B907F416
:103C9000000028B1A06F10B12046A16F884771E6DF
:103CA00005F0400030B106F0400018B1204601F0A8
:103CB000A7FC67E605F4000030B106F0804018B1BB
:103CC0002046FFF73EFE5DE605F0807030B106F05D
:103CD000004018B12046FFF7D5FD53E600BF51E67E
:103CE00001000010200100044354000810B50446F0
:103CF0000CB9012010BDA06900B100E000BFD4F8EC
:103D0000880028B9002084F88400204600F02AF8B2
:103D10002420C4F888002068006820F00100216891
:103D20000860A06A10B1204601F09AFA204601F01E
:103D30009DFF012800D1DDE72068406820F4904015
:103D4000216848602068806820F02A002168886027
:103D50002068006840F0010021680860204601F0FA
:103D6000FBFAC7E710B598B00446142113A8FCF776
:103D700087FA442102A8FCF783FA2F492068884279
:103D800058D1012002900020039002A8FEF708FB02
:103D900008B1FCF71DFF00BF2848006E40F48040CA
:103DA000264908660846006E00F48040019000BF76
:103DB00000BF00BF0846C06C40F00100C864084660
:103DC000C06C00F00100019000BF00BF4FF4C06064
:103DD0001390022014900020159016900720179041
:103DE00013A94FF09040FEF77BF81548154908607D
:103DF00018204860002113488160C1608021016162
:103E0000002141618161C1614FF400510162FDF700
:103E100089FF08B1FCF7DCFE00BF0A48C4F8800047
:103E2000846200BF002211462520FEF7D1F925202B
:103E3000FEF7BAF918B010BD00380140001002407A
:103E4000080002403805002070B504460D461646AD
:103E5000D4F88C00202821D105B10EB9012070BD05
:103E60000020E0660E492068884211D02068406832
:103E700000F4000060B100BF00BF216851E8001FDE
:103E800041F08060226842E800010029F5D100BFBE
:103E900032462946204602F00FF9E0E70220DEE72D
:103EA0000080004070477047704700BFFEE7000089
:103EB00000B585B014216846FCF7E2F94FF6FF70B3
:103EC000009000200190032003900020029069469A
:103ED0000248FEF705F805B000BD000000080048E4
:103EE00000B585B014216846FCF7CAF94FF6FF709B
:103EF0000090012001900320039000200290694669
:103F00000248FDF7EDFF05B000BD000000080048C5
:103F100030B5054600240021084600F0E9F800F01D
:103F200071F900BF03E0284600F030F9641CB4F5D5
:103F3000963FF8D330BD000000B587B0142102A829
:103F4000FCF79EF900BF2B48C06C40F004002949E3
:103F5000C8640846C06C00F00400019000BF00BFB8
:103F600000BF0846C06C40F00100C8640846C06C41
:103F700000F00100019000BF00BF00BF0846C06C08
:103F800040F00200C8640846C06C00F002000190D6
:103F900000BF00BF4FF4487002900120039003203F
:103FA00005900020049002A91348FDF799FF4FF4F3
:103FB000807002900120039003200590002004905F
:103FC00002A94FF09040FDF78BFFFFF789FF4FF0FC
:103FD0009040806940F480704FF0904188610648BD
:103FE0001830006840F4087003491831086007B0C1
:103FF00000BD0000001002400004004810B5FFF7AB
:104000009BFF002000F016F8094908800846008848
:1040100048F23021884202D100F0C8FC01E000F0F3
:1040200055FD002000F006F80149088010BD000091
:104030007800002070B504462748006840F40070FE
:10404000254908600846006840F4807008602248EE
:104050001038006840F020001F49103908601F48E0
:1040600004601D48006840F020001B49086000BF44
:1040700000BF00BF18481038006840F02000164903
:10408000103908600846006840F480700860FFF747
:104090000FFF4FF09040806A40F480704FF09041E5
:1040A000886200BF00BF00BF0C48001F006885B2D7
:1040B0004FF09040806940F480704FF090418861EB
:1040C000FFF70EFF04481038006840F40070024902
:1040D00010390860284670BD2804004814080048BC
:1040E00001B5BDF800000149088008BD7600002038
:1040F00030B504460D462146202000F0BFF8294681
:10410000212000F0BBF830BD01B5BDF80000014929
:10411000088008BD740000202DE9F04706460D46D2
:1041200017464FF0000940F209110020FFF7E0FFA9
:1041300000F068F8002421E0680094FBF0F100FB37
:10414000114088B9B9F1010F0ED14FF0000800BF3E
:1041500005E04FF6FF7000F019F808F10108C5F509
:10416000A0704045F5DC00BF325D611C715C42EA25
:10417000012000F00BF84FF00109A41C05FB07F02B
:10418000B4EB400FD8DBBDE8F08700001B4909689D
:1041900041F40071194A116018491039096841F455
:1041A0008071164A103A11601146096841F02001E9
:1041B0001160134908601149096841F020010F4A54
:1041C000116000BF00BF00BF0C491039096841F001
:1041D00020010A4A103A11601146096841F48071C1
:1041E000116000BF00BF00BF04491039096841F4E5
:1041F0000071024A103A116070470000280400481C
:10420000140800481B48006840F400701949086011
:104210000846006840F4807008601648103800684E
:1042200040F020001349103908602220124908602C
:104230001048006840F020000E49086000BF00BF31
:1042400000BF0C481038006840F0200009491039C0
:1042500008600846006840F48070086000BF00BF36
:1042600000BF04481038006840F40070014910395C
:10427000086070472804004814080048214A126862
:1042800042F400721F4B1A601A46126842F48072A0
:104290001A601C4A103A126842F02002194B103B77
:1042A0001A60194A1060174A126842F02002154B32
:1042B0001A6000BF00BF00BF124A103A126842F0F5
:1042C0002002104B103B1A601A46126842F48072AA
:1042D0001A600D4A11600B4A126842F02002094B25
:1042E0001A6000BF00BF00BF064A103A126842F0D1
:1042F0002002044B103B1A601A46126842F4807286
:104300001A60704728040048140800488168024A6F
:104310001140491C81607047C0FFFF7F01468868DB
:1043200000F01F007047024602F1600000EB8103BD
:10433000186800F0F840704701468868C0F3C00074
:10434000704701468868C0F340007047014688689E
:1043500000F0010070470146886800F001007047D6
:1043600001468868C0F30070704701468868C0F352
:104370008000704701468868C0F38000704701469E
:10438000C86800F4406008B9012070470020FCE7CD
:104390008168024A1140091D81607047C0FFFF7F9C
:1043A00070B500F11404C1F3406504EB85031C688B
:1043B000C1F304560725B540AC43C1F3045502FAD6
:1043C00005F52C431C6070BD826822F0E0720A4340
:1043D0008260704710B500F1600404EB81031C6833
:1043E00024F0004414431C6010BD426922F00042D6
:1043F0000A4342617047000000B58BB0002008906E
:1044000009900A9020216846FBF73AFF4FF0A04040
:10441000204908604FF44030486000211D48816009
:10442000C1600161416104218161002101770121A5
:1044300041770162002180F82410C16201630121EB
:1044400080F838100021C16380F84010FDF7C8F8EB
:1044500008B1FCF7BDFB0020089008A90D48FCF747
:1044600019FC08B1FCF7B4FB0B4800900620019042
:10447000002002907F2003900420049000200590EB
:1044800069460448FCF78CFC08B1FCF7A1FB0BB0B3
:1044900000BD0000B40000200008302E00B589B037
:1044A000202101A8FBF7ECFE1C481D4908604FF4D1
:1044B0004030486000211A488160C160016141615B
:1044C00004218161002101770121417701620021EE
:1044D00080F82410C1620163012180F838100021A6
:1044E000C16380F84010FDF77BF808B1FCF770FB62
:1044F0000C48019006200290002003907F20049039
:10450000042005900020069001A90548FCF748FC0E
:1045100008B1FCF75DFB09B000BD000000010050D0
:10452000200100200080F03E08B500BF2748806CC5
:1045300040F00400254988640846806C00F00400BF
:10454000009000BF00BF00BF0846806C40F0010033
:1045500088640846806C00F00100009000BF00BF36
:1045600000BF0846806C40F0020088640846806CFA
:1045700000F00200009000BF00BF002211460B2097
:10458000FDF726FE0B20FDF70FFE002211460C2042
:10459000FDF71EFE0C20FDF707FE002211460D2040
:1045A000FDF716FE0D20FDF7FFFD002211460E203F
:1045B000FDF70EFE0E20FDF7F7FD002211463B2011
:1045C000FDF706FE3B20FDF7EFFD08BD00100240A1
:1045D00000B587B0142102A8FBF752FE00BF48487F
:1045E000C06C40F004004649C8640846C06C00F046
:1045F0000400019000BF00BF00BF0846C06C40F03F
:104600002000C8640846C06C00F02000019000BF84
:1046100000BF00BF0846C06C40F00100C8640846F7
:10462000C06C00F00100019000BF00BF00BF084651
:10463000C06C40F00200C8640846C06C00F0020084
:10464000019000BF00BF00BF0846C06C40F00800EA
:10465000C8640846C06C00F00800019000BF00BFAD
:1046600001224FF47F412748FDF728FD0022FF215A
:104670002448FDF723FD00224FF480714FF0904055
:10468000FDF71CFD002204211F48FDF717FD4FF622
:10469000FF7002900120039000200490059002A971
:1046A0001848FDF71DFC01200290002003900490A3
:1046B00002A94FF09040FDF713FC07200290002064
:1046C0000390049002A91148FDF70AFC4FF4807092
:1046D00002900120039000200490059002A94FF061
:1046E0009040FDF7FDFB0420029001200390002084
:1046F0000490059002A90448FDF7F2FB07B000BD45
:104700000010024000080048000C00480004004867
:1047100000B591B000200D900E900F9010901421D4
:1047200008A8FBF7ADFD00200590069007900190CA
:104730000290039004904FF08040254908604F207C
:1047400048600021224881604FF6FF71C16000215E
:1047500001618161FEF788FC08B1FCF739FA4FF47A
:1047600080500D900DA91A48FEF764FD08B1FCF7C2
:104770002FFA1748FEF76AFE08B1FCF729FA042061
:1047800008905020099000200A900C9008A9104829
:10479000FEF7D4FF08B1FCF71BFA00200590079044
:1047A00005A90B48FEF704FC08B1FCF711FA00203C
:1047B000019001200290002003900490002201A9A2
:1047C0000348FEF7D4FD08B1FCF702FA11B000BDB2
:1047D0004C02002000B591B000200D900E900F907B
:1047E0001090142108A8FBF74BFD002005900690BF
:1047F0000790019002900390049026482649086093
:10480000502048600021244881604FF6FF71C1604C
:10481000002101618161FEF727FC08B1FCF7D8F99E
:104820004FF480500D900DA91B48FEF703FD08B111
:10483000FCF7CEF91848FEF709FE08B1FCF7C8F9F5
:10484000042008905020099000200A900C9008A99C
:104850001148FEF773FF08B1FCF7BAF90020059084
:10486000079005A90C48FEF7A3FB08B1FCF7B0F9C7
:10487000002001900120029000200390049000226B
:1048800001A90548FEF773FD08B1FCF7A1F911B0C5
:1048900000BD0000000400409802002010B521482F
:1048A000214908604FF41650486000211E4881607D
:1048B000C16001610C21416100218161C16101621E
:1048C00041620020184988620846FFF70FFA08B1D4
:1048D000FCF77EF900211448FFF704F808B1FCF753
:1048E00077F900211048FEF7CEFF08B1FCF770F908
:1048F0000D48FEF759FF08B1FCF76AF901220B4990
:104900000948FFF7A1FA802209490748FEF773FF1B
:1049100008480068006820F004000649096808603B
:1049200010BD000000380140A4040020A4030020B2
:10493000240400203805002000BFFEE700BFFEE78A
:104940007047000070B5164DED6805F00304144D76
:10495000ED68C5F303156B1C022C0CD0032C09D198
:10496000104DB5FBF3F50E4EF668C6F3062605FBB3
:1049700006F10AE000BF0C4DB5FBF3F5084EF668F2
:10498000C6F3062605FB06F100BF00BF044DED6827
:10499000C5F341656D1C6A00B1FBF2F070BD00000B
:1049A0000010024000366E010024F40000B5012121
:1049B0000020FFF763FC4FF47A70FCF7FAF800214F
:1049C0000120FFF75BFC41F290711020FFF756FCCD
:1049D0004FF41C516020FFF751FC01216120FFF7CB
:1049E0004DFC02214620FFF749FC48F2100113203C
:1049F000FFF744FC48F2FE011220FFF73FFC4FF4A2
:104A0000A0610220FFF73AFC41F230010320FFF7DA
:104A100035FC40F203313020FFF730FC40F2033127
:104A20003120FFF72BFC40F203313220FFF726FC48
:104A30004FF440713320FFF721FC03213420FFF7AE
:104A40001DFC40F203313520FFF718FC14213620FD
:104A5000FFF714FC40F203313720FFF70FFC40F260
:104A600003313820FFF70AFC40F203313920FFF709
:104A700005FC4FF440713A20FFF700FC03213B2076
:104A8000FFF7FCFB40F203313C20FFF7F7FB4FF44C
:104A9000A0513D20FFF7F2FB4FF400719220FFF789
:104AA000EDFB40F203319320FFF7E8FB40F60D01E8
:104AB0009020FFF7E3FB41F218010320FFF7DEFB34
:104AC00040F273110720FFF7D9FB00BD10B543F288
:104AD0000801E320FFF7D2FB1221E720FFF7CEFB0E
:104AE00041F23121EF20FFF7C9FB00210120FFF740
:104AF000C5FB4FF4E0610220FFF7C0FB41F230013B
:104B00000320FFF7BBFB00210420FFF7B7FB40F2B7
:104B100007210820FFF7B2FB00210920FFF7AEFBB9
:104B200000210A20FFF7AAFB00210C20FFF7A6FBBB
:104B300000210D20FFF7A2FB00210F20FFF79EFBB5
:104B400000211020FFF79AFB07211120FFF796FBA9
:104B500000211220FFF792FB00211320FFF78EFBAC
:104B6000C820FDF7A9F941F290611020FFF786FBFC
:104B700040F227211120FFF781FB3220FDF79CF93D
:104B80001D211220FFF77AFB3220FDF795F94FF433
:104B900000611320FFF772FB14212920FFF76EFB41
:104BA0000B212B20FFF76AFB3220FDF785F900214E
:104BB0002020FFF763FB00212120FFF75FFB072187
:104BC0003020FFF75BFB40F207713120FFF756FB07
:104BD00006213220FFF752FB40F204713520FFF727
:104BE0004DFB41F604713620FFF748FB04213720C6
:104BF000FFF744FB00213820FFF740FB40F206712D
:104C00003920FFF73BFB40F201713C20FFF736FBF8
:104C10000F213D20FFF732FB00215020FFF72EFB34
:104C2000EF215120FFF72AFB00215220FFF726FB3E
:104C300040F23F115320FFF721FB4FF41C5160203D
:104C4000FFF71CFB01216120FFF718FB00216A2000
:104C5000FFF714FB00218020FFF710FB00218120CB
:104C6000FFF70CFB00218220FFF708FB00218320C7
:104C7000FFF704FB00218420FFF700FB00218520C3
:104C8000FFF7FCFA10219020FFF7F8FA002192209C
:104C9000FFF7F4FA03219320FFF7F0FA4FF488713D
:104CA0009520FFF7EBFA00219720FFF7E7FA0021A4
:104CB0009820FFF7E3FA41F218010320FFF7DEFA2C
:104CC00040F273110720FFF7D9FA10BD704710B5F5
:104CD000FDF700FA10BD00B593B0382105A8FBF729
:104CE000CFFA14216846FBF7CBFA4FF40070FDF7BA
:104CF000C1FA012005900004069002200C900321C7
:104D00000D910E9114210F91022110911191129188
:104D100005A8FDF785FE08B1FBF75AFF0F200090AC
:104D20000320019000200290039004900221684625
:104D3000FDF7EEFC08B1FBF74BFF13B000BD000020
:104D40000348006840F470000149086070470000A3
:104D500088ED00E010B502682A4B98420BD0B0F104
:104D6000804F08D0284B984205D0284B984202D05B
:104D7000274B984203D122F070024B681A43214B13
:104D8000984214D0B0F1804F11D01F4B98420ED0F2
:104D90001E4B98420BD01E4B984208D01D4B984298
:104DA00005D01D4B984202D01C4B984203D122F4EF
:104DB0004072CB681A4322F080034C6943EA040234
:104DC00002608B68C3620B6883620E4B98420BD003
:104DD0000F4B984208D00F4B984205D00E4B98428B
:104DE00002D00E4B984201D10B690363012343614A
:104DF000036903F001031BB1036923F0010303619D
:104E000010BD0000002C01400004004000080040DC
:104E1000003401400040014000440140004801408E
:104E200030B501F01F05012404FA05F3046A9C4320
:104E30000462046A01F01F0502FA05F52C430462BE
:104E400030BD70B50546AC6A606AA8420AD101203F
:104E50002077E86900282BD1012084F83E0084F8EF
:104E6000440025E0A06AA84209D102202077E86921
:104E7000F0B901213F2001554520015518E0E06AB5
:104E8000A84209D104202077E86988B9012140208F
:104E90000155462001550BE0206BA84208D108209F
:104EA0002077E86920B901214120015547200155AB
:104EB0002046FEF75AFA0020207770BD70B50546EF
:104EC000AC6A606AA84202D10120207710E0A06A93
:104ED000A84202D1022020770AE0E06AA84202D16B
:104EE0000420207704E0206BA84201D1082020771D
:104EF0002046FEF73BFA0020207770BD70B50546CE
:104F0000AC6A606AA84204D10120207784F83E0090
:104F10001DE0A06AA84205D10220207701213F2090
:104F2000015514E0E06AA84205D104202077012150
:104F3000402001550BE0206BA84205D108202077C6
:104F400001214120015502E0012084F83D00204666
:104F5000FEF70AFA0020207770BD30B50C46816854
:104F600021F47F4142EA032525432943816030BD76
:104F70000A468168034B194042F0070319438160D8
:104F8000704700008FFFCFFF2DE9F04705460C4624
:104F90004FF0000928688668394806406068064373
:104FA00038480640206806432868866060686028A4
:104FB00051D00EDC302857D006DC002851D0102804
:104FC00050D0202856D14EE040281ED0502851D134
:104FD0003BE02D4A811A904249D00ADC70280DD05E
:104FE000B0F1101F41D0A0F580102038002841D129
:104FF0003CE010293CD040293CD13AE0D4E90313ED
:10500000A2682868FFF7A9FF37E02068052803D0C9
:105010002068B0F1011F02D10120BDE8F0872868A7
:10502000D0F820802868006A20F001002968086212
:105030002868876927F0F007206947EA0017286881
:1050400087612868C0F8208017E02269A168286875
:1050500000F01CF811E02269A168286800F068F8E7
:105060000BE000BF00BF00BF00BF00BF00BF00BF1C
:1050700000BF02E04FF0010900BF00BF4846CCE787
:105080008FFFCFFFF8FFFEFF3000100030B50B465A
:105090001446026A056A25F001050562816921F05E
:1050A000F00141EA041122F00A021A43816102620E
:1050B00030BD000070B50C461546026A066A26F03F
:1050C000010606628169154EB0420ED0B0F1804FE4
:1050D0000BD0134EB04208D0124EB04205D0124E43
:1050E000B04202D0114EB04201D1012600E00026AC
:1050F0001EB121F00301294301E041F0010121F03B
:10510000F001F02606EA0316314322F00A0204F009
:105110000A0632438161026270BD0000002C01402A
:1051200000040040000800400034014000400140FD
:1051300030B50B461446026A056A25F01005056273
:10514000816921F4704141EA043122F0A00242EA6F
:1051500003128161026230BD70B50C461546026AC9
:10516000066A26F010060662816921F4407141EA60
:10517000052121F470414FF4704606EA03363143AD
:1051800022F0A002A02606EA0416324381610262E0
:1051900070BD70B50C461546026A066A26F4807624
:1051A0000662C16921F00301294321F0F001F026D4
:1051B00006EA0316314322F420624FF4206606EA21
:1051C00004263243C161026270BD70B50C461546BB
:1051D000026A066A26F480560662C16921F44071AB
:1051E00041EA052121F470414FF4704606EA033686
:1051F000314322F420424FF4204606EA043632437B
:10520000C161026270BD000070B5456E2DB9012507
:10521000A0F86A50A0F868501CE00823082405682C
:10522000AD68C5F342610568AD686A0F0A4DAD5CB3
:1052300015FB04F5094EB65C95FBF6F5A0F86A502F
:10524000054D6D5C15FB03F5044E765C95FBF6F59C
:10525000A0F8685070BD0000E0F10108E8F1010815
:1052600090F8281001F00801082907D10168496861
:1052700021F40041826B11430268516090F82810BC
:1052800001F0010139B10168496821F40031C26AB5
:1052900011430268516090F8281001F002010229C0
:1052A00007D10168496821F48031026B114302681B
:1052B000516090F8281001F00401042907D1016819
:1052C000496821F48021426B11430268516090F8D3
:1052D000281001F01001102907D10168896821F414
:1052E0008051C26B11430268916090F8281001F060
:1052F0002001202907D10168896821F40051026C3E
:1053000011430268916090F8281001F04001402993
:1053100013D10168496821F48011426C114302687D
:105320005160416CB1F5801F07D10168496821F4D3
:10533000C001826C11430268516090F8281001F09E
:105340008001802907D10168496821F40021C26CDD
:10535000114302685160704738B504460020C4F814
:105360009000FCF7B1FE05462068006800F00800D8
:10537000082821D16FF07E402B4600224FF4001107
:105380000090204600F046FFB0B100BF00BF21688A
:1053900051E8001F21F08000226842E80001002946
:1053A000F5D100BF2020C4F8880000BF002084F899
:1053B000840000BF032038BD2068006800F00400AE
:1053C000042830D16FF07E402B4600224FF480013C
:1053D0000090204600F01EFF28B300BF00BF2168E8
:1053E00051E8001F21F49070226842E80001002972
:1053F000F5D100BF00BF00BF2168083151E8001F90
:1054000021F001002168083141E80002002AF3D1AF
:1054100000BF2020C4F88C0000BF002084F8840066
:1054200000BF0320C7E72020C4F88800C4F88C0020
:105430000020E066206700BF84F8840000BF00BF42
:10544000B9E770B50546AC6A0020A4F85E00A4F880
:1054500056002046FEF777FA70BD2DE9F04105466B
:10546000AC6AD4F88860D4F88C702068806800F04A
:105470008000802807D1212E05D10020A4F85600F5
:10548000204600F0D5F82068806800F040004028F1
:1054900007D1222F05D10020A4F85E00204600F09D
:1054A00079F8D4F8900040F01000C4F8900020463D
:1054B000FEF749FABDE8F08170B50546AC6A286888
:1054C000006800F02000E0BB0020A4F85E0000BFF0
:1054D00000BF216851E8001F21F48070226842E873
:1054E00000010029F5D100BF00BF00BF21680831CD
:1054F00051E8001F21F001002168083141E8000255
:10550000002AF3D100BF00BF00BF2168083151E875
:10551000001F21F040002168083141E80002002A04
:10552000F3D100BF2020C4F88C00E06E01280ED11A
:1055300000BF00BF216851E8001F21F01000226861
:1055400000E004E042E800010029F3D100BF0020A0
:105550002067E06E012805D1B4F85C102046FEF704
:105560007BF902E02046FEF79DFC70BD70B5054654
:10557000AC6A01202067E06E012806D1B4F85C0017
:1055800041082046FEF768F902E02046FEF78BFC52
:1055900070BD000000BF00BF026852E8002F22F477
:1055A0009071036843E80012002AF5D100BF00BFE4
:1055B00000BF0268083252E8002F104B02EA0301D4
:1055C0000268083242E80013002BF2D100BFC16E1E
:1055D00001290CD100BF00BF026852E8002F22F061
:1055E0001001036843E80012002AF5D100BF202112
:1055F000C0F88C100021C16641677047FEFFFFEFC5
:1056000010B5044600BF00BF216851E8001F21F01B
:105610004000226842E800010029F5D100BF2020A7
:10562000C4F888000020A0672046FEF73DFC10BDAE
:1056300000BF00BF026852E8002F22F0C0010368DB
:1056400043E80012002AF5D100BF00BF00BF026886
:10565000083252E8002F22F400010268083242E8C2
:105660000013002BF3D100BF2021C0F88810704731
:105670002DE9F0410446B4F86070D4F88C0022287B
:105680006ED12068406A86B2A56D06EA07002880C0
:10569000A06D801CA065B4F85E00401EA4F85E00FA
:1056A000B4F85E00002861D100BF00BF216851E856
:1056B000001F21F49070226842E800010029F5D112
:1056C00000BF00BF00BF2168083151E8001F21F072
:1056D00001002168083141E80002002AF3D100BF2F
:1056E0002020C4F88C0000206067206720492068D3
:1056F000884211D02068406800F4000060B100BF0B
:1057000000BF216851E8001F21F08060226842E854
:1057100000010029F5D100BFE06E01281CD1002056
:10572000E06600BF00BF216851E8001F21F01000B3
:10573000226842E800010029F5D100BF2068C06955
:10574000C0F3001010B1102021680862B4F85C109A
:105750002046FEF781F809E02046FEF7A3FB05E0AE
:105760002068806940F0080021688861BDE8F08108
:10577000008000402DE9F84F0446B4F860B020687E
:10578000C5692068006800902068D0F808A0D4F8A7
:105790008C0022287ED1B4F86890ADE02068406A81
:1057A0001FFA80F8A76D08EA0B003880A06D801CF6
:1057B000A065B4F85E00401EA4F85E002068C569CC
:1057C00005F00700B0B305F0010060B1009800F4E7
:1057D000807040B1012021680862D4F8900040F048
:1057E0000100C4F8900005F0020058B10AF0010071
:1057F00040B1022021680862D4F8900040F0040013
:10580000C4F8900005F0040058B10AF0010040B15E
:10581000042021680862D4F8900040F00200C4F827
:105820009000D4F8900028B12046FEF78CF80020B4
:10583000C4F89000B4F85E0000285DD100BF00BF3E
:10584000216851E8001F21F48070226842E80001BD
:105850000029F5D100BF00BF00BF2168083151E821
:10586000001F404A01EA02002168083141E80002B5
:10587000002AF2D100BF2020C4F88C00002060670D
:10588000206739492068884213D02068406800F4B6
:10589000000000E05DE060B100BF00BF216851E89A
:1058A000001F21F08060226842E800010029F5D144
:1058B00000BFE06E01281CD10020E06600BF00BFE1
:1058C000216851E8001F21F01000226842E8000121
:1058D0000029F5D100BF2068C069C0F3001010B1E5
:1058E000102021680862B4F85C102046FDF7B4FF70
:1058F00002E02046FEF7D6FAB9F1000F04D005F019
:10590000200000287FF44AAFB4F85E6006B3B4F814
:105910006800B04223DD00BF00BF2168083151E8B4
:10592000001F21F080502168083141E80002002A60
:10593000F3D100BF0D48606700BF00BF216851E888
:10594000001F41F02000226842E800010029F5D143
:1059500005E02068806940F0080021688861BDE8A2
:10596000F88F0000FEFFFFEF008000407156000836
:1059700070B50446B4F86060D4F88C0022286FD16A
:105980002068406A85B2F0B22840A16D0870A06D11
:10599000401CA065B4F85E00401EA4F85E00B4F898
:1059A0005E00002862D100BF00BF216851E8001FDF
:1059B00021F49070226842E800010029F5D100BF6F
:1059C00000BF00BF2168083151E8001F21F001002D
:1059D0002168083141E80002002AF3D100BF2020ED
:1059E000C4F88C0000206067206721492068884245
:1059F00011D02068406800F4000060B100BF00BF13
:105A0000216851E8001F21F08060226842E800010F
:105A10000029F5D100BFE06E01281CD10020E0660E
:105A200000BF00BF216851E8001F21F0100022686C
:105A300042E800010029F5D100BF2068C069C0F329
:105A4000001010B1102021680862B4F85C102046E4
:105A5000FDF702FF0AE02046FEF724FA06E0FFE722
:105A60002068806940F008002168886170BD0000EE
:105A7000008000402DE9F05F0446B4F860A0206883
:105A8000C5692068D0F800B02068D0F80890D4F834
:105A90008C0022287ED1B4F86880ACE02068406A8F
:105AA00087B20AF0FF003840A16D0870A06D401C5D
:105AB000A065B4F85E00401EA4F85E002068C569C9
:105AC00005F00700A8B305F0010058B10BF4807091
:105AD00040B1012021680862D4F8900040F0010034
:105AE000C4F8900005F0020058B109F0010040B17F
:105AF000022021680862D4F8900040F00400C4F845
:105B0000900005F0040058B109F0010040B10420F4
:105B100021680862D4F8900040F00200C4F89000B8
:105B2000D4F8900028B12046FDF70DFF0020C4F8FE
:105B30009000B4F85E0000285DD100BF00BF21686E
:105B400051E8001F21F48070226842E8000100291A
:105B5000F5D100BF00BF00BF2168083151E8001F28
:105B60003F4A01EA02002168083141E80002002AA8
:105B7000F2D100BF2020C4F88C00002060672067AD
:105B800038492068884213D02068406800F400003B
:105B900070B100E05CE000BF00BF216851E8001F69
:105BA00021F08060226842E800010029F5D100BFA1
:105BB000E06E01281CD10020E06600BF00BF216814
:105BC00051E8001F21F01000226842E8000100297E
:105BD000F5D100BF2068C069C0F3001010B11020DB
:105BE00021680862B4F85C102046FDF735FE02E03B
:105BF0002046FEF757F9B8F1000F04D005F0200059
:105C000000287FF44BAFB4F85E6006B3B4F86800C8
:105C1000B04223DD00BF00BF2168083151E8001FFA
:105C200021F080502168083141E80002002AF3D1B8
:105C300000BF0D48606700BF00BF216851E8001F2A
:105C400041F02000226842E800010029F5D105E07A
:105C50002068806940F0080021688861BDE8F09FF5
:105C6000FEFFFFEF00800040715900082DE9FE4F54
:105C7000044600200290D4492068884200D100E008
:105C800000BF2169A068084361690843E16940EAEF
:105C9000010820680068CD49084040EA08002168F2
:105CA00008602068406820F44050E168084321689B
:105CB0004860D4F81880C4492068884202D0206A1D
:105CC00040EA080820688068C149084040EA0800A6
:105CD000216888602068C06A20F00F00616A08436C
:105CE0002168C86200BFBB492068884216D1BA4803
:105CF000006800F0030030B1012808D0022804D069
:105D0000032808D105E0012507E0022505E0042568
:105D100003E0082501E0102500BF6FE0AF492068CF
:105D2000884216D1AC48006800F00C0030B104285D
:105D300008D0082804D00C2808D105E0002507E089
:105D4000022505E0042503E0082501E0102500BF39
:105D500054E0A3492068884216D19F48006800F0AB
:105D6000300030B1102808D0202804D0302808D1C5
:105D700005E0002507E0022505E0042503E00825ED
:105D800001E0102500BF39E096492068884216D10D
:105D90009148006800F0C00030B1402808D0802849
:105DA00004D0C02808D105E0002507E0022505E061
:105DB000042503E0082501E0102500BF1EE082490C
:105DC0002068884219D18448006800F4406048B1D6
:105DD000B0F5806F0AD0B0F5006F05D0B0F5406F18
:105DE00008D105E0002507E0022505E0042503E0D1
:105DF000082501E0102500BF00E0102500BF724912
:105E00002068884259D135B1022D08D0042D08D020
:105E1000082D0DD109E0FCF793FD06460CE0724E0B
:105E20000AE0FCF7B1FD064606E04FF4004603E049
:105E300000260120029000BF00BF002E10D06B4949
:105E4000606A31F81000B6FBF0F9606800EB4000C2
:105E5000484503D860680003484502D201200290FB
:105E6000A6E06249606A31F810C0624600233046FD
:105E70001946FAF7CDF94FF4807C0022A0FB0C3BC9
:105E800001FB0CB100FB0211606840081818514179
:105E9000CDE90001D4F804C062460023FAF7B8F94E
:105EA0000746B7F5407F05D3B7F5801F02D22068BB
:105EB000C7607DE0012002907AE0E069B0F5004F14
:105EC0003FD1092D17D2DFE805F005090D160F1691
:105ED00016161300FCF734FD064610E0FCF742FDF1
:105EE00006460CE0404E0AE0FCF74EFD064606E092
:105EF0004FF4004603E000260120029000BF00BFDF
:105F000086B33A49606A31F81000B6FBF0F0400001
:105F1000616800EB5100B0FBF1F7102F0ED3B7F51D
:105F2000803F0BD24FF6F07007EA000AC7F3420039
:105F30004AEA000A2068C0F80CA039E0012002906B
:105F400036E0092D18D2DFE805F005090E17101705
:105F500017171400FCF7F4FC064611E0FCF702FDED
:105F600006460DE024E0204E0AE0FCF70DFD064653
:105F700006E04FF4004603E000260120029000BF37
:105F800000BFAEB11949606A31F81000B6FBF0F0FD
:105F9000616800EB5100B0FBF1F7102F06D3B7F5A5
:105FA000803F03D2B8B22168C86001E001200290AE
:105FB0000120A4F86A00A4F8680000206067A067C8
:105FC0000298BDE8FE8F000000800040F369FFCF1B
:105FD000FFF4FF11003801408810024000440040E7
:105FE00000480040004C00400024F400C8F10108C3
:105FF00070B504460E46154644F8586FA58000203B
:10600000A06322206063A06A583CF8B12748241D91
:10601000E16FC8622648E16F08632648E16F486374
:106020000020E16F886354F8043C03F12401626DA1
:10603000E06F241F2B46FBF7DDFE38B11020C4F8BB
:1060400090002020C4F88C00012070BD206960B150
:1060500000BF00BF216851E8001F41F48070226832
:1060600042E800010029F5D100BF00BF00BF216850
:10607000083151E8001F41F001002168083141E872
:106080000002002AF3D100BF00BF00BF2168083121
:1060900051E8001F41F040002168083141E800024A
:1060A000002AF3D100BF0020CFE70000B954000858
:1060B0006D5500085B54000830B503469965A3F898
:1060C0005C20A3F85E200020586700BF9868B0F5F8
:1060D000805F0AD1186920B940F2FF10A3F8600070
:1060E00020E0FF20A3F860001CE0986848B9186918
:1060F00018B9FF20A3F8600014E07F20A3F8600027
:1061000010E09868B0F1805F09D1186918B97F2054
:10611000A3F8600006E03F20A3F8600002E0002042
:10612000A3F8600000BF0020C3F890002220C3F84D
:106130008C0000BF00BF1C68083454E8004F44F0D6
:1061400001001C68083444E80005002DF3D100BFAD
:10615000586EB0F1005F2CD1B3F86800904228DC93
:106160009868B0F5805F04D1186910B92548586760
:1061700001E025485867186960B100BF00BF1C687E
:1061800054E8004F44F480701D6845E80004002C7A
:10619000F5D100BF00BF00BF1C68083454E8004FB1
:1061A00044F080501C68083444E80005002DF3D109
:1061B00026E09868B0F5805F04D1186910B91348DB
:1061C000586701E012485867186960B100BF00BF06
:1061D0001C6854E8004F44F490701D6845E80004C2
:1061E000002CF5D10CE000BF00BF1C6854E8004F44
:1061F00044F020001D6845E80004002CF5D100BFE4
:10620000002030BD75570008755A00087156000807
:10621000715900082DE9F04104460D46174698468D
:10622000069E41E0701C00283ED0FBF74DFFA0EB1E
:106230000800B04200D816B90320BDE8F0812068FC
:10624000006800F0040070B3802D2DD0402D2BD0BD
:106250002068C069C0F3C00078B1082021680862D6
:106260002046FFF797F90820C4F8900000BF0020EF
:1062700084F8840000BF0120DFE72068C069C0F314
:10628000C02080B14FF40060216808622046FFF70B
:1062900081F92020C4F8900000BF002084F8840019
:1062A00000BF0320C9E7FFE72068C0692840A84273
:1062B00001D1012000E00020B842B3D00020BCE7AB
:1062C00010B50848FDF740FB802207490548FDF757
:1062D00092FA06480068006820F004000349096843
:1062E000086010BDA404002024040020380500200C
:1062F00000BFFEE702480068C0F3022070470000BC
:106300000CED00E010B5002804DB0A07130E054A67
:10631000135406E00A07140E034A00F00F031B1F74
:10632000D45410BD00E400E018ED00E002E008C81D
:10633000121F08C1002AFAD170477047002001E0FF
:1063400001C1121F002AFBD17047000000201FE08E
:106350001949D1ED000A194951F8201000EE101A20
:10636000B8EE400A30EE800A134981ED000AD1ED03
:10637000010A1249783151F8201000EE101AB8EED7
:10638000400A30EE800A0C4981ED010A411CC8B276
:106390001E28DDDB084890ED000AF3EE0F0A80EEC0
:1063A000201A80ED001A90ED010AF3EE0F0A80EE3C
:1063B000201A80ED011A704790000020440600204A
:1063C0000C480068C0B20B4908600846006860F4D9
:1063D000807008600848006840F0040006490860C2
:1063E00005481030006840F004000349103108608F
:1063F0007047000014080048180C004870B50A46A1
:106400005049884248D1504D2D7800EBC505B5F96B
:1064100004304D4D2D7800EBC505B5F904404A4DCB
:10642000297818E000EBC105B5F904509D4203DD61
:1064300000EBC105B5F9043000EBC105B5F9045016
:10644000A54203DA00EBC105B5F904404D1C95FBEC
:10645000F2F602FB16513D4D2D78A942E2D11D1BEB
:106460003B4E358035462D883A4E3688B54206DAA1
:106470000125394E35700025384E75700BE0364DCC
:106480002D78012D07D10025334E3570344D2D78F0
:106490006D1C334E35704BE03249884248D1324D45
:1064A0002D7800EBC505B5F904302F4D2D7800EBA4
:1064B000C505B5F904402C4D297818E000EBC1055D
:1064C000B5F904509D4203DD00EBC105B5F9043078
:1064D00000EBC105B5F90450A54203DA00EBC10594
:1064E000B5F904404D1C95FBF2F602FB16511F4D09
:1064F0002D78A942E2D11D1B154E358035462D88D9
:10650000144E3688B54206DA0125194E357000253D
:10651000124E75700BE0164D2D78012D07D1002518
:10652000134E3570134D2D786D1C124E357000BF13
:1065300007490988074B1B88994202DD0121074B57
:10654000597070BD34070020980000209900002089
:106550009E0000207A0000209C00002058000020AF
:1065600088000020240800209A0000209B000020C2
:106570009D0000208900002010B5002061490860BE
:106580006149086000BF10E0604951F820105D4A81
:10659000126811445B4A11605D4951F820105A4A53
:1065A00012681144584A1160401C4028ECDB5548E1
:1065B00000688009534908605348006880095249BF
:1065C0000860504890ED000AB8EE400ADFED510A2D
:1065D00080EE801ABDEEC10A4F4880ED000A0846E1
:1065E00090ED000AB8EE400ADFED4A0A80EE801A0C
:1065F000BDEEC10A494880ED000A44F620634FF41D
:10660000C8720121444800F019FA44F620634FF49F
:10661000C8720121414800F011FAFBF755FD04460C
:106620003D4800883E490988084402B221463D4859
:1066300000F07CFAFBF748FD0446384800883849EA
:106640000988084402B22146374800F06FFA1E213B
:106650003448FFF7D3FE1E213348FFF7CFFE2E4804
:1066600000882F490988084400B2304908802B4827
:1066700000882B490988084400B22D4908802B481E
:10668000B0F900002B49098888420BDD2A480078C0
:1066900040B92A480078401C284908700120264942
:1066A00008700DE02148B0F90000224909888842AD
:1066B00006DA21480078012802D100201E4908701E
:1066C0001B48B0F900001B49098888420BDD1C48B3
:1066D000007840B91B480078401C1A490870012016
:1066E000174908700DE01248B0F9000011490988F7
:1066F000884206DA12480078012802D100201049A9
:10670000087010BDAC000020B0000020140900206B
:10671000140A002000247449A4000020A8000020CE
:106720007E00002034070020240800208000002084
:10673000820000207C000020A00000208A000020B1
:10674000A10000208B00002014481549086001209A
:1067500088800872002048721048086102211048A1
:1067600081820121017641760C480D49086204219D
:106770000B488184012180F82810022180F829101B
:106780004FF090400649086301210548818680F852
:106790003810032180F839107047000000040048C9
:1067A0009805002010B500F0B9F84C4908704C4825
:1067B00000780978484049490978084049490870F3
:1067C0004748007845490978484044490978884352
:1067D00045490870414800784149087041480078AF
:1067E000012806D002280CD0032812D0042873D127
:1067F00067E03E480068008864303C4909680880CA
:106800006AE03A48006800886438384909680880B6
:1068100062E03748007838B936480078012803D15B
:1068200035483249086016E031480078012807D120
:1068300030480078012803D130482C4908600AE02C
:106840002B480078022806D12A480078012802D176
:106850002B482649086026480078401C032190FBFD
:10686000F1F201FB1200224908702248007848B971
:1068700024490978481C00EBD0714910A0EB410174
:10688000204A11701B480078022804D1FBF71CFC39
:106890001D49086014E017480078022810D1FBF762
:1068A00013FC19490968401AB0F57A7F08D900200D
:1068B000164908701649087016490870164908707C
:1068C0000AE00C480078401C032190FBF1F201FB28
:1068D00012000849087000BF00BF10BD650000200D
:1068E0006600002067000020680000206C00002087
:1068F000640000208C0000207A0000207C00002032
:106900007E0000208D000020700000208800002004
:10691000890000208A0000208B00002010B5002490
:1069200001210D48FBF7C2FB00B9012402210A48EE
:10693000FBF7BCFB00B9022404210748FBF7B6FBB8
:1069400000B9032401214FF09040FBF7AFFB00B9E1
:106950000424204610BD0000000400480246002028
:10696000002104E0535C8B400343D8B2491C082942
:10697000F8DB1049097888421BD00F490968C9B271
:106980000D4B1960194609686FEA002319430A4B39
:1069900019600A49096841F00401084B1960074968
:1069A0001031096841F00401044B103319600149AA
:1069B000087070476000002014080048180C004858
:1069C00000B51748FFF7CAFF1648007808B901203C
:1069D00000E00020124908701348B0F90000134984
:1069E0000988884201DD012000E000200C49487040
:1069F0000F48B0F900000D490988884201DD0120E7
:106A000000E00020064988700A480078032803DA6D
:106A100009480078032802DB01200149C87100BD44
:106A2000580000208C000020800000207C00002006
:106A300082000020880000208900002030B5044634
:106A400000200DE054F82050954202D244F8202056
:106A500005E054F820509D4201D944F82030401CF4
:106A60008842EFDB30BD0000FBF740FBFEF733F957
:106A7000FDF7AEFDFDF758FDFDF710FFFDF7BCFC7F
:106A8000FDF70CFDFDF744FEFDF7A4FEFFF798FCB3
:106A900040231D4A00211D48FCF710FD40231C4ADD
:106AA00000211C48FCF70AFD7F211B48FAF794F8E7
:106AB0007F211A48FAF790F8FFF746FEFDF79EFA95
:106AC0004FF6FF70FDF70CFB4FF6FF70FDF71CFB58
:106AD0004FF6FF70FDF71CFAF022CF211048FDF7AA
:106AE0001BFB1E220F490C48FAF78EFF1E220D4990
:106AF00078310A48FAF788FF00F0FCF80A4800F0FD
:106B000099F800BFFEE70000140900209802002059
:106B1000140A00204C020020B400002020010020B4
:106B2000A06D000844060020D805002030B53B4B7E
:106B3000984237D13A4B1B7840F83310384B1B78CA
:106B400000EBC3039A80364B1B785B1C1E2493FB1F
:106B5000F4F504FB1533324C237023461B78314C7B
:106B60002478A34209D12F4B1B785B1C1E2493FB76
:106B7000F4F504FB15332B4C237009E0294B1B78EB
:106B80005B1C1E2493FBF4F504FB1533254C23708A
:106B9000244B1B7850F83330CB1A40F6B834A3425C
:106BA000ECD239E0204B984236D1204B1B7840F88C
:106BB00033101E4B1B7800EBC3039A801B4B1B78D2
:106BC0005B1C1E2493FBF4F504FB1533174C237058
:106BD00023461B78164C2478A34209D1144B1B780A
:106BE0005B1C1E2493FBF4F504FB1533104C23703F
:106BF00009E00F4B1B785B1C1E2493FBF4F504FB90
:106C000015330B4C23700A4B1B7850F83330CB1ADA
:106C100040F6B834A342ECD230BD00003407002067
:106C20009900002098000020240800209B000020EC
:106C30009A00002010B504460020606020601E21EC
:106C400004F10800F9F71CFB0020A06210BD01460A
:106C5000886A08B9012070470020FCE70146886A6D
:106C60001E2801D1012070470020FCE730B5034603
:106C70000C461846FFF7EBFF10B14FF0FF3030BD68
:106C800010E003F108005968405C04F8010B5868F3
:106C9000401C1E21B0FBF1F501FB15005860986AFD
:106CA000401E9862101EA2F10102EAD100BFE6E781
:106CB00030B503460C461846FFF7D0FF10B14FF031
:106CC000FF3030BD10E014F8011B03F108001D680F
:106CD00041551868401C1E21B0FBF1F501FB150061
:106CE0001860986A401C9862101EA2F10102EAD155
:106CF00000BFE6E705200149087070471800002032
:106D000038B51B48FFF7A3FF00B138BD1848194933
:106D1000826AFFF7ABFF0020009000246A4616A1AC
:106D20001448F9F7C7FA012801D1164C11E06A4658
:106D300015A11048F9F7BEFA012801D1154C08E059
:106D400015A10C48F9F7A7FA18B114A10948F9F7E9
:106D5000A2FA3CB1BDF80000B0F5805F02DCBDF8DE
:106D60000000208040210348F9F78AFA00BFCCE7F1
:106D7000D8050020040600202450442825687529E1
:106D8000000000007A00002024504828256875295A
:106D9000000000007C0000202456480024564400D7
:106DA0000010CF00F000011BDFFFDFFFDFFFDFFF80
:106DB000DFFFDFFFDFFFDFFFDFFFDFFFDFFFDFFFE3
:106DC000DFFFDFFFDFFFDFFFDFFFDFFFDFFFDFFFD3
:106DD000DFFFDFFFDFFFDFFFDFFFDFFFDFFFDFFFC3
:106DE000DFFFDFFFDFFFDFFFDFFFDFFFDFFFDFFFB3
:106DF000DFFFDFFFDFFFDFFFDFFFDFFFDFFFDFFFA3
:106E0000DFFFDFFFDFFFDFFFDFFFDFFFDFFFDFFF92
:106E1000DFFFDFFFDFFFDFFFDFFFDFFFDFFFDFFF82
:106E2000DFFFDFFFDFFFDFFFDFFFDFFFDFFFDFFF72
:106E3000DFFFDFFFDFFFDFFFDFFFDFFFDFFFDFFF62
:106E4000DFFFDFFFDFFFDFFFDFFFDFFFDFFFDFFF52
:106E5000DFFFDFFFDFFFDFFFDFFFDFFFDFFFDFFF42
:106E6000DFFFDFFFDFFFDFFFDFFFDFFFDFFFDFFF32
:106E7000DFFFDFFFDFFFDFFFDFFFDFFFDFFFDFFF22
:106E8000DFFFDFFFDFFFDFFFDFFFDFFFDFFFDFFF12
:106E9000DFFFDFFFDFFFDFFFDFFFDFFFDFFFDFFF02
:106EA000DFFFDFFFDFFFDFFFDFFFDFFFDFFFDFFFF2
:106EB000DFFFDFFFDFFFDFFFDFFFDFFFDFFFDFFFE2
:106EC000DFFFDFFFDFFFDFFFDFFFDFFFDFFFDFFFD2
:106ED000DFFFDFFFDFFFDFFFDFFFDFFFDFFFDFFFC2
:106EE000DFFFDFFFDFFFDFFFDFFFDFFFDFFFDFFFB2
:106EF000DFFFDFFFDFFFDFFFDFFFDFFFDFFFDFFFA2
:106F0000DFFFDFFFDFFFDFFFDFFFDFFFDFFFDFFF91
:106F1000DFFFDFFFDFFFDFFFDFFFDFFFDFFFDFFF81
:106F2000DFFFDFFFDFFFDFFFDFFFDFFFDFFFDFFF71
:106F3000DFFFDFFFDFFFDFFFDFFFDFFFDFFFDFFF61
:106F4000DFFFDFFFDFFFDFFFDFFFDFFFDFFFDFFF51
:106F5000DFFFDFFFDFFFDFFFDFFFDFFFDFFFDFFF41
:106F6000DFFFDFFFDFFFDFFFDFFFDFFFDFFFDFFF31
:106F7000DFFFDFFFDFFFDFFFDFFFDFFFDFFFDFFF21
:106F8000DFFFDFFFDFFFDFFFDFFFDFFFDFFFDFFF11
:106F9000DFFFDFFFDFFFDFFFDFFFDFFFDFFFDFFF01
:106FA000DFFFDFFFDFFFDFFFDFFFDFFFDFFFDFFFF1
:106FB000DFFFDFFFDFFFDFFFDFFFDFFFDFFFDFFFE1
:106FC000DFFFDFFFDFFFDFFFDFFFDFFFDFFFDFFFD1
:106FD000DFFFDFFFDFFFDFFFDFFFDFFFDFFFDFFFC1
:106FE000DFFFDFFFDFFFDFFFDFFFDFFFDFFFDFFFB1
:106FF000DFFFDFFFDFFFDFFFDFFFDFFFDFFFDFFFA1
:10700000DFFFDFFFDFFFDFFFDFFFDFFFDFFFDFFF90
:10701000DFFFDFFFDFFFDFFFDFFFDFFFDFFFDFFF80
:10702000DFFFDFFFDFFFDFFFDFFFDFFFDFFFDFFF70
:10703000DFFFDFFFDFFFDFFFDFFFDFFFDFFFDFFF60
:10704000DFFFDFFFDFFFDFFFDFFFDFFFDFFFDFFF50
:10705000DFFFDFFFDFFFDFFFDFFFDFFFDFFFDFFF40
:10706000DFFFDFFFDFFFDFFFDFFFDFFFDFFFDFFF30
:10707000DFFFDFFFDFFFDFFFDFFFDFFFDFFFDFFF20
:10708000DFFFDFFFDFFFDFFFDFFFDFFFDFFFDFFF10
:10709000DFFFDFFFDFFFDFFFDFFFDFFFDFFFDFFF00
:1070A000DFFFDFFFDFFFDFFFDFFFDFFFDFFFDFFFF0
:1070B000DFFFDFFFDFFFDFFFDFFFDFFFDFFFDFFFE0
:1070C000DFFFDFFFDFFFDFFFDFFFDFFFDFFFDFFFD0
:1070D000DFFFDFFFDFFFDFFFDFFFDFFFDFFFDFFFC0
:1070E000DFFFDFFFDFFFDFFFDFFFDFFFDFFFDFFFB0
:1070F000DFFFDFFFDFFFDFFFDFFFDFFFDFFFDFFFA0
:10710000DFFFDFFFDFFFDFFFDFFFDFFFDFFFDFFF8F
:10711000DFFFDFFFDFFFDFFFDFFFDFFFDFFFDFFF7F
:10712000DFFFDFFFDFFFDFFFDFFFDFFFDFFFDFFF6F
:10713000DFFFDFFFDFFFDFFFDFFFDFFFDFFFDFFF5F
:10714000DFFFDFFFDFFFDFFFDFFFDFFFDFFFDFFF4F
:10715000DFFFDFFFDFFFDFFFDFFFDFFFDFFFDFFF3F
:10716000DFFFDFFFDFFFDFFFDFFFDFFFDFFFDFFF2F
:10717000DFFFDFFFDFFFDFFFDFFFDFFFDFFFDFFF1F
:10718000DFFFDFFFDFFFDFFFDFFFDFFFDFFFDFFF0F
:10719000DFFFDFFFDFFFDFFFDFFFDFFFDFFFDFFFFF
:1071A000DFFFDFFFDFFFDFFFDFFFDFFFDFFFDFFFEF
:1071B000DFFFDFFFDFFFDFFFDFFFDFFFDFFFDFFFDF
:1071C000DFFFDFFFDFFFDFFFDFFFDFFFDFFFDFFFCF
:1071D000DFFFDFFFDFFFDFFFDFFFDFFFDFFFDFFFBF
:1071E000DFFFDFFFDFFFDFFFDFFFDFFFDFFFDFFFAF
:1071F000DFFFDFFFDFFFDFFFDFFFDFFFDFFFDFFF9F
:10720000DFFFDFFFDFFFDFFFDFFFDFFFDFFFDFFF8E
:10721000DFFFDFFFDFFFDFFFDFFFDFFFDFFFDFFF7E
:10722000DFFFDFFFDFFFDFFFDFFFDFFFDFFFDFFF6E
:10723000DFFFDFFFDFFFDFFFDFFFDFFFDFFFDFFF5E
:10724000DFFFDFFFDFFFDFFFDFFFDFFFDFFFDFFF4E
:10725000DFFFDFFFDFFFDFFFDFFFDFFFDFFFDFFF3E
:10726000DFFFDFFFDFFFDFFFDFFFDFFFDFFFDFFF2E
:10727000DFFFDFFFDFFFDFFFDFFFDFFFDFFFDFFF1E
:10728000DFFFDFFFDFFFDFFFDFFFDFFFDFFFDFFF0E
:10729000DFFFDFFFDFFFDFFFDFFFDFFFDFFFDFFFFE
:1072A000DFFFDFFFDFFFDFFFDFFFDFFFDFFFDFFFEE
:1072B000DFFFDFFFDFFFDFFFDFFFDFFFDFFFDFFFDE
:1072C000DFFFDFFFDFFFDFFFDFFFDFFFDFFFDFFFCE
:1072D000DFFFDFFFDFFFDFFFDFFFDFFFDFFFDFFFBE
:1072E000DFFFDFFFDFFFDFFFDFFFDFFFDFFFDFFFAE
:1072F000DFFFDFFFDFFFDFFFDFFFDFFFDFFFDFFF9E
:10730000DFFFDFFFDFFFDFFFDFFFDFFFDFFFDFFF8D
:10731000DFFFDFFFDFFFDFFFDFFFDFFFDFFFDFFF7D
:10732000DFFFDFFFDFFFDFFFDFFFDFFFDFFFDFFF6D
:10733000DFFFDFFFDFFFDFFFDFFFDFFFDFFFDFFF5D
:10734000DFFFDFFFDFFFDFFFDFFFDFFFDFFFDFFF4D
:10735000DFFFDFFFDFFFDFFFDFFFDFFFDFFFDFFF3D
:10736000DFFFDFFFDFFFDFFFDFFFDFFFDFFFDFFF2D
:10737000DFFFDFFFDFFFDFFFDFFFDFFFDFFFDFFF1D
:10738000DFFFDFFFDFFFDFFFDFFFDFFFDFFFDFFF0D
:10739000DFFFDFFFDFFFDFFFDFFFDFFFDFFFDFFFFD
:1073A000DFFFDFFFDFFFDFFFDFFFDFFFDFFFDFFFED
:1073B000DFFFDFFFDFFFDFFFDFFFDFFFDFFFDFFFDD
:1073C000DFFFDFFFDFFFDFFFDFFFDFFFDFFFDFFFCD
:1073D000DFFFDFFFDFFFDFFFDFFFDFFFDFFFDFFFBD
:1073E000DFFFDFFFDFFFDFFFDFFFDFFFDFFFDFFFAD
:1073F000DFFFDFFFDFFFDFFFDFFFDFFFDFFFDFFF9D
:10740000DFFFDFFFDFFFDFFFDFFFDFFFDFFFDFFF8C
:10741000DFFFDFFFDFFFDFFFDFFFDFFFDFFFDFFF7C
:10742000DFFFDFFFDFFFDFFFDFFFDFFFDFFFDFFF6C
:10743000DFFFDFFFDFFFDFFFDFFFDFFFDFFFDFFF5C
:10744000DFFFDFFFDFFFDFFFDFFFDFFFDFFFDFFF4C
:10745000DFFFDFFFDFFFDFFFDFFFDFFFDFFFDFFF3C
:10746000DFFFDFFFDFFFDFFFDFFFDFFFDFFFDFFF2C
:10747000DFFFDFFFDFFFDFFFDFFFDFFFDFFFDFFF1C
:10748000DFFFDFFFDFFFDFFFDFFFDFFFDFFFDFFF0C
:10749000DFFFDFFFDFFFDFFFDFFFDFFFDFFFDFFFFC
:1074A000DFFFDFFFDFFFDFFFDFFFDFFFDFFFDFFFEC
:1074B000DFFFDFFFDFFFDFFFDFFFDFFFDFFFDFFFDC
:1074C000DFFFDFFFDFFFDFFFDFFFDFFFDFFFDFFFCC
:1074D000DFFFDFFFDFFFDFFFDFFFDFFFDFFFDFFFBC
:1074E000DFFFDFFFDFFFDFFFDFFFDFFFDFFFDFFFAC
:1074F000DFFFDFFFDFFFDFFFDFFFDFFFDFFFDFFF9C
:10750000DFFFDFFFDFFFDFFFDFFFDFFFDFFFDFFF8B
:10751000DFFFDFFFDFFFDFFFDFFFDFFFDFFFDFFF7B
:10752000DFFFDFFFDFFFDFFFDFFFDFFFDFFFDFFF6B
:10753000DFFFDFFFDFFFDFFFDFFFDFFFDFFFDFFF5B
:10754000DFFFDFFFDFFFDFFFDFFFDFFFDFFFDFFF4B
:10755000DFFFDFFFDFFFDFFFDFFFDFFFDFFFDFFF3B
:10756000DFFFDFFFDFFFDFFFDFFFDFFFDFFFDFFF2B
:10757000DFFFDFFFDFFFDFFFDFFFDFFFDFFFDFFF1B
:10758000DFFFDFFFDFFFDFFFDFFFDFFFDFFFDFFF0B
:10759000DFFFDFFFDFFFDFFFDFFFDFFFDFFFDFFFFB
:1075A000DFFFDFFFDFFFDFFFDFFFDFFFDFFFDFFFEB
:1075B000DFFFDFFFDFFFDFFFDFFFDFFFDFFFDFFFDB
:1075C000DFFFDFFFDFFFDFFFDFFFDFFFDFFFDFFFCB
:1075D000DFFFDFFFDFFFDFFFDFFFDFFFDFFFDFFFBB
:1075E000DFFFDFFFDFFFDFFFDFFFDFFFDFFFDFFFAB
:1075F000DFFFDFFFDFFFDFFFDFFFDFFFDFFFDFFF9B
:10760000DFFFDFFFDFFFDFFFDFFFDFFFDFFFDFFF8A
:10761000DFFFDFFFDFFFDFFFDFFFDFFFDFFFDFFF7A
:10762000DFFFDFFFDFFFDFFFDFFFDFFFDFFFDFFF6A
:10763000DFFFDFFFDFFFDFFFDFFFDFFFDFFFDFFF5A
:10764000DFFFDFFFDFFFDFFFDFFFDFFFDFFFDFFF4A
:10765000DFFFDFFFDFFFDFFFDFFFDFFFDFFFDFFF3A
:10766000DFFFDFFFDFFFDFFFDFFFDFFFDFFFDFFF2A
:10767000DFFFDFFFDFFFDFFFDFFFDFFFDFFFDFFF1A
:10768000DFFFDFFFDFFFDFFFDFFFDFFFDFFFDFFF0A
:10769000DFFFDFFFDFFFDFFFDFFFDFFFDFFFDFFFFA
:1076A000DFFFDFFFDFFFDFFFDFFFDFFFDFFFDFFFEA
:1076B000DFFFDFFFDFFFDFFFDFFFDFFFDFFFDFFFDA
:1076C000DFFFDFFFDFFFDFFFDFFFDFFFDFFFDFFFCA
:1076D000DFFFDFFFDFFFDFFFDFFFDFFFDFFFDFFFBA
:1076E000DFFFDFFFDFFFDFFFDFFFDFFFDFFFDFFFAA
:1076F000DFFFDFFFDFFFDFFFDFFFDFFFDFFFDFFF9A
:10770000DFFFDFFFDFFFDFFFDFFFDFFFDFFFDFFF89
:10771000DFFFDFFFDFFFDFFFDFFFDFFFDFFFDFFF79
:10772000DFFFDFFFDFFFDFFFDFFFDFFFDFFFDFFF69
:10773000DFFFDFFFDFFFDFFFDFFFDFFFDFFFDFFF59
:10774000DFFFDFFFDFFFDFFFDFFFDFFFDFFFDFFF49
:10775000DFFFDFFFDFFFDFFFDFFFDFFFDFFFDFFF39
:10776000DFFFDFFFDFFFDFFFDFFFDFFFDFFFDFFF29
:10777000DFFFDFFFDFFFDFFFDFFFDFFFDFFFDFFF19
:10778000DFFFDFFFDFFFDFFFDFFFDFFFDFFFDFFF09
:10779000DFFFDFFFDFFFDFFFDFFFDFFFDFFFDFFFF9
:1077A000DFFFDFFFDFFFDFFFDFFFDFFFDFFFDFFFE9
:1077B000DFFFDFFFDFFFDFFFDFFFDFFFDFFFDFFFD9
:1077C000DFFFDFFFDFFFDFFFDFFFDFFFDFFFDFFFC9
:1077D000DFFFDFFFDFFFDFFFDFFFDFFFDFFFDFFFB9
:1077E000DFFFDFFFDFFFDFFFDFFFDFFFDFFFDFFFA9
:1077F000DFFFDFFFDFFFDFFFDFFFDFFFDFFFDFFF99
:10780000DFFFDFFFDFFFDFFFDFFFDFFFDFFFDFFF88
:10781000DFFFDFFFDFFFDFFFDFFFDFFFDFFFDFFF78
:10782000DFFFDFFFDFFFDFFFDFFFDFFFDFFFDFFF68
:10783000DFFFDFFFDFFFDFFFDFFFDFFFDFFFDFFF58
:10784000DFFFDFFFDFFFDFFFDFFFDFFFDFFFDFFF48
:10785000DFFFDFFFDFFFDFFFDFFFDFFFDFFFDFFF38
:10786000DFFFDFFFDFFFDFFFDFFFDFFFDFFFDFFF28
:10787000DFFFDFFFDFFFDFFFDFFFDFFFDFFFDFFF18
:10788000DFFFDFFFDFFFDFFFDFFFDFFFDFFFDFFF08
:10789000DFFFDFFFDFFFDFFFDFFFDFFFDFFFDFFFF8
:1078A000DFFFDFFFDFFFDFFFDFFFDFFFDFFFDFFFE8
:1078B000DFFFDFFFDFFFDFFFDFFFDFFFDFFFDFFFD8
:1078C000DFFFDFFFDFFFDFFFDFFFDFFFDFFFDFFFC8
:1078D000DFFFDFFFDFFFDFFFDFFFDFFFDFFFDFFFB8
:1078E000DFFFDFFFDFFFDFFFDFFFDFFFDFFFDFFFA8
:1078F000DFFFDFFFDFFFDFFFDFFFDFFFDFFFDFFF98
:10790000DFFFDFFFDFFFDFFFDFFFDFFFDFFFDFFF87
:10791000DFFFDFFFDFFFDFFFDFFFDFFFDFFFDFFF77
:10792000DFFFDFFFDFFFDFFFDFFFDFFFDFFFDFFF67
:10793000DFFFDFFFDFFFDFFFDFFFDFFFDFFFDFFF57
:10794000DFFFDFFFDFFFDFFFDFFFDFFFDFFFDFFF47
:10795000DFFFDFFFDFFFDFFFDFFFDFFFDFFFDFFF37
:10796000DFFFDFFFDFFFDFFFDFFFDFFFDFFFDFFF27
:10797000DFFFDFFFDFFFDFFFDFFFDFFFDFFFDFFF17
:10798000DFFFDFFFDFFFDFFFDFFFDFFFDFFFDFFF07
:10799000DFFFDFFFDFFFDFFFDFFFDFFFDFFFDFFFF7
:1079A000DFFFDFFFDFFFDFFFDFFFDFFFDFFFDFFFE7
:1079B000DFFFDFFFDFFFDFFFDFFFDFFFDFFFDFFFD7
:1079C000DFFFDFFFDFFFDFFFDFFFDFFFDFFFDFFFC7
:1079D000DFFFDFFFDFFFDFFFDFFFDFFFDFFFDFFFB7
:1079E000DFFFDFFFDFFFDFFFDFFFDFFFDFFFDFFFA7
:1079F000DFFFDFFFDFFFDFFFDFFFDFFFDFFFDFFF97
:107A0000DFFFDFFFDFFFDFFFDFFFDFFFDFFFDFFF86
:107A1000DFFFDFFFDFFFDFFFDFFFDFFFDFFFDFFF76
:107A2000DFFFDFFFDFFFDFFFDFFFDFFFDFFFDFFF66
:107A3000DFFFDFFFDFFFDFFFDFFFDFFFDFFFDFFF56
:107A4000DFFFDFFFDFFFDFFFDFFFDFFFDFFFDFFF46
:107A5000DFFFDFFFDFFFDFFFDFFFDFFFDFFFDFFF36
:107A6000DFFFDFFFDFFFDFFFDFFFDFFFDFFFDFFF26
:107A7000DFFFDFFFDFFFDFFFDFFFDFFFDFFFDFFF16
:107A8000DFFFDFFFDFFFDFFFDFFFDFFFDFFFDFFF06
:107A9000DFFFDFFFDFFFDFFFDFFFDFFFDFFFDFFFF6
:107AA000DFFFDFFFDFFFDFFFDFFFDFFFDFFFDFFFE6
:107AB000DFFFDFFFDFFFDFFFDFFFDFFFDFFFDFFFD6
:107AC000DFFFDFFFDFFFDFFFDFFFDFFFDFFFDFFFC6
:107AD000DFFFDFFFDFFFDFFFDFFFDFFFDFFFDFFFB6
:107AE000DFFFDFFFDFFFDFFFDFFFDFFFDFFFDFFFA6
:107AF000DFFFDFFFDFFFDFFFDFFFDFFFDFFFDFFF96
:107B0000DFFFDFFFDFFFDFFFDFFFDFFFDFFFDFFF85
:107B1000DFFFDFFFDFFFDFFFDFFFDFFFDFFFDFFF75
:107B2000DFFFDFFFDFFFDFFFDFFFDFFFDFFFDFFF65
:107B3000DFFFDFFFDFFFDFFFDFFFDFFFDFFFDFFF55
:107B4000DFFFDFFFDFFFDFFFDFFFDFFFDFFFDFFF45
:107B5000DFFFDFFFDFFFDFFFDFFFDFFFDFFFDFFF35
:107B6000DFFFDFFFDFFFDFFFDFFFDFFFDFFFDFFF25
:107B7000DFFFDFFFDFFFDFFFDFFFDFFFDFFFDFFF15
:107B8000DFFFDFFFDFFFDFFFDFFFDFFFDFFFDFFF05
:107B9000DFFFDFFFDFFFDFFFDFFFDFFFDFFFDFFFF5
:107BA000DFFFDFFFDFFFDFFFDFFFDFFFDFFFDFFFE5
:107BB000DFFFDFFFDFFFDFFFDFFFDFFFDFFFDFFFD5
:107BC000DFFFDFFFDFFFDFFFDFFFDFFFDFFFDFFFC5
:107BD000DFFFDFFFDFFFDFFFDFFFDFFFDFFFDFFFB5
:107BE000DFFFDFFFDFFFDFFFDFFFDFFFDFFFDFFFA5
:107BF000DFFFDFFFDFFFDFFFDFFFDFFFDFFFDFFF95
:107C0000DFFFDFFFDFFFDFFFDFFFDFFFDFFFDFFF84
:107C1000DFFFDFFFDFFFDFFFDFFFDFFFDFFFDFFF74
:107C2000DFFFDFFFDFFFDFFFDFFFDFFFDFFFDFFF64
:107C3000DFFFDFFFDFFFDFFFDFFFDFFFDFFFDFFF54
:107C4000DFFFDFFFDFFFDFFFDFFFDFFFDFFFDFFF44
:107C5000DFFFDFFFDFFFDFFFDFFFDFFFDFFFDFFF34
:107C6000DFFFDFFFDFFFDFFFDFFFDFFFDFFFDFFF24
:107C7000DFFFDFFFDFFFDFFFDFFFDFFFDFFFDFFF14
:107C8000DFFFDFFFDFFFDFFFDFFFDFFFDFFFDFFF04
:107C9000DFFFDFFFDFFFDFFFDFFFDFFFDFFFDFFFF4
:107CA000DFFFDFFFDFFFDFFFDFFFDFFFDFFFDFFFE4
:107CB000DFFFDFFFDFFFDFFFDFFFDFFFDFFFDFFFD4
:107CC000DFFFDFFFDFFFDFFFDFFFDFFFDFFFDFFFC4
:107CD000DFFFDFFFDFFFDFFFDFFFDFFFDFFFDFFFB4
:107CE000DFFFDFFFDFFFDFFFDFFFDFFFDFFFDFFFA4
:107CF000DFFFDFFFDFFFDFFFDFFFDFFFDFFFDFFF94
:107D0000DFFFDFFFDFFFDFFFDFFFDFFFDFFFDFFF83
:107D1000DFFFDFFFDFFFDFFFDFFFDFFFDFFFDFFF73
:107D2000DFFFDFFFDFFFDFFFDFFFDFFFDFFFDFFF63
:107D3000DFFFDFFFDFFFDFFFDFFFDFFFDFFFDFFF53
:107D4000DFFFDFFFDFFFDFFFDFFFDFFFDFFFDFFF43
:107D5000DFFFDFFFDFFFDFFFDFFFDFFFDFFFDFFF33
:107D6000DFFFDFFFDFFFDFFFDFFFDFFFDFFFDFFF23
:107D7000DFFFDFFFDFFFDFFFDFFFDFFFDFFFDFFF13
:107D8000DFFFDFFFDFFFDFFFDFFFDFFFDFFFDFFF03
:107D9000DFFFDFFFDFFFDFFFDFFFDFFFDFFFDFFFF3
:107DA000DFFFDFFFDFFFDFFFDFFFDFFFDFFFDFFFE3
:107DB000DFFFDFFFDFFFDFFFDFFFDFFFDFFFDFFFD3
:107DC000DFFFDFFFDFFFDFFFDFFFDFFFDFFFDFFFC3
:107DD000DFFFDFFFDFFFDFFFDFFFDFFFDFFFDFFFB3
:107DE000DFFFDFFFDFFFDFFFDFFFDFFFDFFFDFFFA3
:107DF000DFFFDFFFDFFFDFFFDFFFDFFFDFFFDFFF93
:107E0000DFFFDFFFDFFFDFFFDFFFDFFFDFFFDFFF82
:107E1000DFFFDFFFDFFFDFFFDFFFDFFFDFFFDFFF72
:107E2000DFFFDFFFDFFFDFFFDFFFDFFFDFFFDFFF62
:107E3000DFFFDFFFDFFFDFFFDFFFDFFFDFFFDFFF52
:107E4000DFFFDFFFDFFFDFFFDFFFDFFFDFFFDFFF42
:107E5000DFFFDFFFDFFFDFFFDFFFDFFFDFFFDFFF32
:107E6000DFFFDFFFDFFFDFFFDFFFDFFFDFFFDFFF22
:107E7000DFFFDFFFDFFFDFFFDFFFDFFFDFFFDFFF12
:107E8000DFFFDFFFDFFFDFFFDFFFDFFFDFFFDFFF02
:107E9000DFFFDFFFDFFFDFFFDFFFDFFFDFFFDFFFF2
:107EA000DFFFDFFFDFFFDFFFDFFFDFFFDFFFDFFFE2
:107EB000DFFFDFFFDFFFDFFFDFFFDFFFDFFFDFFFD2
:107EC000DFFFDFFFDFFFDFFFDFFFDFFFDFFFDFFFC2
:107ED000DFFFDFFFDFFFDFFFDFFFDFFFDFFFDFFFB2
:107EE000DFFFDFFFDFFFDFFFDFFFDFFFDFFFDFFFA2
:107EF000DFFFDFFFDFFFDFFFDFFFDFFFDFFFDFFF92
:107F0000DFFFDFFFDFFFDFFFDFFFDFFFDFFFDFFF81
:107F1000DFFFDFFFDFFFDFFFDFFFDFFFDFFFDFFF71
:107F2000DFFFDFFFDFFFDFFFDFFFDFFFDFFFDFFF61
:107F3000DFFFDFFFDFFFDFFFDFFFDFFFDFFFDFFF51
:107F4000DFFFDFFFDFFFDFFFDFFFDFFFDFFFDFFF41
:107F5000DFFFDFFFDFFFDFFFDFFFDFFFDFFFDFFF31
:107F6000DFFFDFFFDFFFDFFFDFFFDFFFDFFFDFFF21
:107F7000DFFFDFFFDFFFDFFFDFFFDFFFDFFFDFFF11
:107F8000DFFFDFFFDFFFDFFFDFFFDFFFDFFFDFFF01
:107F9000DFFFDFFFDFFFDFFFDFFFDFFFDFFFDFFFF1
:107FA000DFFFDFFFDFFFDFFFDFFFDFFFDFFFDFFFE1
:107FB000DFFFDFFFDFFFDFFFDFFFDFFFDFFFDFFFD1
:107FC000DFFFDFFFDFFFDFFFDFFFDFFFDFFFDFFFC1
:107FD000DFFFDFFFDFFFDFFFDFFFDFFFDFFFDFFFB1
:107FE000DFFFDFFFDFFFDFFFDFFFDFFFDFFFDFFFA1
:107FF000DFFFDFFFDFFFDFFFDFFFDFFFDFFFDFFF91
:10800000DFFFDFFFDFFFDFFFDFFFDFFFDFFFDFFF80
:10801000DFFFDFFFDFFFDFFFDFFFDFFFDFFFDFFF70
:10802000DFFFDFFFDFFFDFFFDFFFDFFFDFFFDFFF60
:10803000DFFFDFFFDFFFDFFFDFFFDFFFDFFFDFFF50
:10804000DFFFDFFFDFFFDFFFDFFFDFFFDFFFDFFF40
:10805000DFFFDFFFDFFFDFFFDFFFDFFFDFFFDFFF30
:10806000DFFFDFFFDFFFDFFFDFFFDFFFDFFFDFFF20
:10807000DFFFDFFFDFFFDFFFDFFFDFFFDFFFDFFF10
:10808000DFFFDFFFDFFFDFFFDFFFDFFFDFFFDFFF00
:10809000DFFFDFFFDFFFDFFFDFFFDFFFDFFFDFFFF0
:1080A000DFFFDFFFDFFFDFFFDFFFDFFFDFFFDFFFE0
:1080B000DFFFDFFFDFFFDFFFDFFFDFFFDFFFDFFFD0
:1080C000DFFFDFFFDFFFDFFFDFFFDFFFDFFFDFFFC0
:1080D000DFFFDFFFDFFFDFFFDFFFDFFFDFFFDFFFB0
:1080E000DFFFDFFFDFFFDFFFDFFFDFFFDFFFDFFFA0
:1080F000DFFFDFFFDFFFDFFFDFFFDFFFDFFFDFFF90
:10810000DFFFDFFFDFFFDFFFDFFFDFFFDFFFDFFF7F
:10811000DFFFDFFFDFFFDFFFDFFFDFFFDFFFDFFF6F
:10812000DFFFDFFFDFFFDFFFDFFFDFFFDFFFDFFF5F
:10813000DFFFDFFFDFFFDFFFDFFFDFFFDFFFDFFF4F
:10814000DFFFDFFFDFFFDFFFDFFFDFFFDFFFDFFF3F
:10815000DFFFDFFFDFFFDFFFDFFFDFFFDFFFDFFF2F
:10816000DFFFDFFFDFFFDFFFDFFFDFFFDFFFDFFF1F
:10817000DFFFDFFFDFFFDFFFDFFFDFFFDFFFDFFF0F
:10818000DFFFDFFFDFFFDFFFDFFFDFFFDFFFDFFFFF
:10819000DFFFDFFFDFFFDFFFDFFFDFFFDFFFDFFFEF
:1081A000DFFFDFFFDFFFDFFFDFFFDFFFDFFFDFFFDF
:1081B000DFFFDFFFDFFFDFFFDFFFDFFFDFFFDFFFCF
:1081C000DFFFDFFFDFFFDFFFDFFFDFFFDFFFDFFFBF
:1081D000DFFFDFFFDFFFDFFFDFFFDFFFDFFFDFFFAF
:1081E000DFFFDFFFDFFFDFFFDFFFDFFFDFFFDFFF9F
:1081F000DFFFDFFFDFFFDFFFDFFFDFFFDFFFDFFF8F
:10820000DFFFDFFFDFFFDFFFDFFFDFFFDFFFDFFF7E
:10821000DFFFDFFFDFFFDFFFDFFFDFFFDFFFDFFF6E
:10822000DFFFDFFFDFFFDFFFDFFFDFFFDFFFDFFF5E
:10823000DFFFDFFFDFFFDFFFDFFFDFFFDFFFDFFF4E
:10824000DFFFDFFFDFFFDFFFDFFFDFFFDFFFDFFF3E
:10825000DFFFDFFFDFFFDFFFDFFFDFFFDFFFDFFF2E
:10826000DFFFDFFFDFFFDFFFDFFFDFFFDFFFDFFF1E
:10827000DFFFDFFFDFFFDFFFDFFFDFFFDFFFDFFF0E
:10828000DFFFDFFFDFFFDFFFDFFFDFFFDFFFDFFFFE
:10829000DFFFDFFFDFFFDFFFDFFFDFFFDFFFDFFFEE
:1082A000DFFFDFFFDFFFDFFFDFFFDFFFDFFFDFFFDE
:1082B000DFFFDFFFDFFFDFFFDFFFDFFFDFFFDFFFCE
:1082C000DFFFDFFFDFFFDFFFDFFFDFFFDFFFDFFFBE
:1082D000DFFFDFFFDFFFDFFFDFFFDFFFDFFFDFFFAE
:1082E000DFFFDFFFDFFFDFFFDFFFDFFFDFFFDFFF9E
:1082F000DFFFDFFFDFFFDFFFDFFFDFFFDFFFDFFF8E
:10830000DFFFDFFFDFFFDFFFDFFFDFFFDFFFDFFF7D
:10831000DFFFDFFFDFFFDFFFDFFFDFFFDFFFDFFF6D
:10832000DFFFDFFFDFFFDFFFDFFFDFFFDFFFDFFF5D
:10833000DFFFDFFFDFFFDFFFDFFFDFFFDFFFDFFF4D
:10834000DFFFDFFFDFFFDFFFDFFFDFFFDFFFDFFF3D
:10835000DFFFDFFFDFFFDFFFDFFFDFFFDFFFDFFF2D
:10836000DFFFDFFFDFFFDFFFDFFFDFFFDFFFDFFF1D
:10837000DFFFDFFFDFFFDFFFDFFFDFFFDFFFDFFF0D
:10838000DFFFDFFFDFFFDFFFDFFFDFFFDFFFDFFFFD
:10839000DFFFDFFFDFFFDFFFDFFFDFFFDFFFDFFFED
:1083A000DFFFDFFFDFFFDFFFDFFFDFFFDFFFDFFFDD
:1083B000DFFFDFFFDFFFDFFFDFFFDFFFDFFFDFFFCD
:1083C000DFFFDFFFDFFFDFFFDFFFDFFFDFFFDFFFBD
:1083D000DFFFDFFFDFFFDFFFDFFFDFFFDFFFDFFFAD
:1083E000DFFFDFFFDFFFDFFFDFFFDFFFDFFFDFFF9D
:1083F000DFFFDFFFDFFFDFFFDFFFDFFFDFFFDFFF8D
:10840000DFFFDFFFDFFFDFFFDFFFDFFFDFFFDFFF7C
:10841000DFFFDFFFDFFFDFFFDFFFDFFFDFFFDFFF6C
:10842000DFFFDFFFDFFFDFFFDFFFDFFFDFFFDFFF5C
:10843000DFFFDFFFDFFFDFFFDFFFDFFFDFFFDFFF4C
:10844000DFFFDFFFDFFFDFFFDFFFDFFFDFFFDFFF3C
:10845000DFFFDFFFDFFFDFFFDFFFDFFFDFFFDFFF2C
:10846000DFFFDFFFDFFFDFFFDFFFDFFFDFFFDFFF1C
:10847000DFFFDFFFDFFFDFFFDFFFDFFFDFFFDFFF0C
:10848000DFFFDFFFDFFFDFFFDFFFDFFFDFFFDFFFFC
:10849000DFFFDFFFDFFFDFFFDFFFDFFFDFFFDFFFEC
:1084A000DFFFDFFFDFFFDFFFDFFFDFFFDFFFDFFFDC
:1084B000DFFFDFFFDFFFDFFFDFFFDFFFDFFFDFFFCC
:1084C000DFFFDFFFDFFFDFFFDFFFDFFFDFFFDFFFBC
:1084D000DFFFDFFFDFFFDFFFDFFFDFFFDFFFDFFFAC
:1084E000DFFFDFFFDFFFDFFFDFFFDFFFDFFFDFFF9C
:1084F000DFFFDFFFDFFFDFFFDFFFDFFFDFFFDFFF8C
:10850000DFFFDFFFDFFFDFFFDFFFDFFFDFFFDFFF7B
:10851000DFFFDFFFDFFFDFFFDFFFDFFFDFFFDFFF6B
:10852000DFFFDFFFDFFFDFFFDFFFDFFFDFFFDFFF5B
:10853000DFFFDFFFDFFFDFFFDFFFDFFFDFFFDFFF4B
:10854000DFFFDFFFDFFFDFFFDFFFDFFFDFFFDFFF3B
:10855000DFFFDFFFDFFFDFFFDFFFDFFFDFFFDFFF2B
:10856000DFFFDFFFDFFFDFFFDFFFDFFFDFFFDFFF1B
:10857000DFFFDFFFDFFFDFFFDFFFDFFFDFFFDFFF0B
:10858000DFFFDFFFDFFFDFFFDFFFDFFFDFFFDFFFFB
:10859000DFFFDFFFDFFFDFFFDFFFDFFFDFFFDFFFEB
:1085A000DFFFDFFFDFFFDFFFDFFFDFFFDFFFDFFFDB
:1085B000DFFFDFFFDFFFDFFFDFFFDFFFDFFFDFFFCB
:1085C000DFFFDFFFDFFFDFFFDFFFDFFFDFFFDFFFBB
:1085D000DFFFDFFFDFFFDFFFDFFFDFFFDFFFDFFFAB
:1085E000DFFFDFFFDFFFDFFFDFFFDFFFDFFFDFFF9B
:1085F000DFFFDFFFDFFFDFFFDFFFDFFFDFFFDFFF8B
:10860000DFFFDFFFDFFFDFFFDFFFDFFFDFFFDFFF7A
:10861000DFFFDFFFDFFFDFFFDFFFDFFFDFFFDFFF6A
:10862000DFFFDFFFDFFFDFFFDFFFDFFFDFFFDFFF5A
:10863000DFFFDFFFDFFFDFFFDFFFDFFFDFFFDFFF4A
:10864000DFFFDFFFDFFFDFFFDFFFDFFFDFFFDFFF3A
:10865000DFFFDFFFDFFFDFFFDFFFDFFFDFFFDFFF2A
:10866000DFFFDFFFDFFFDFFFDFFFDFFFDFFFDFFF1A
:10867000DFFFDFFFDFFFDFFFDFFFDFFFDFFFDFFF0A
:10868000DFFFDFFFDFFFDFFFDFFFDFFFDFFFDFFFFA
:10869000DFFFDFFFDFFFDFFFDFFFDFFFDFFFDFFFEA
:1086A000DFFFDFFFDFFFDFFFDFFFDFFFDFFFDFFFDA
:1086B000DFFFDFFFDFFFDFFFDFFFDFFFDFFFDFFFCA
:1086C000DFFFDFFFDFFFDFFFDFFFDFFFDFFFDFFFBA
:1086D000DFFFDFFFDFFFDFFFDFFFDFFFDFFFDFFFAA
:1086E000DFFFDFFFDFFFDFFFDFFFDFFFDFFFDFFF9A
:1086F000DFFFDFFFDFFFDFFFDFFFDFFFDFFFDFFF8A
:10870000DFFFDFFFDFFFDFFFDFFFDFFFDFFFDFFF79
:10871000DFFFDFFFDFFFDFFFDFFFDFFFDFFFDFFF69
:10872000DFFFDFFFDFFFDFFFDFFFDFFFDFFFDFFF59
:10873000DFFFDFFFDFFFDFFFDFFFDFFFDFFFDFFF49
:10874000DFFFDFFFDFFFDFFFDFFFDFFFDFFFDFFF39
:10875000DFFFDFFFDFFFDFFFDFFFDFFFDFFFDFFF29
:10876000DFFFDFFFDFFFDFFFDFFFDFFFDFFFDFFF19
:10877000DFFFDFFFDFFFDFFFDFFFDFFFDFFFDFFF09
:10878000DFFFDFFFDFFFDFFFDFFFDFFFDFFFDFFFF9
:10879000DFFFDFFFDFFFDFFFDFFFDFFFDFFFDFFFE9
:1087A000DFFFDFFFDFFFDFFFDFFFDFFFDFFFDFFFD9
:1087B000DFFFDFFFDFFFDFFFDFFFDFFFDFFFDFFFC9
:1087C000DFFFDFFFDFFFDFFFDFFFDFFFDFFFDFFFB9
:1087D000DFFFDFFFDFFFDFFFDFFFDFFFDFFFDFFFA9
:1087E000DFFFDFFFDFFFDFFFDFFFDFFFDFFFDFFF99
:1087F000DFFFDFFFDFFFDFFFDFFFDFFFDFFFDFFF89
:10880000DFFFDFFFDFFFDFFFDFFFDFFFDFFFDFFF78
:10881000DFFFDFFFDFFFDFFFDFFFDFFFDFFFDFFF68
:10882000DFFFDFFFDFFFDFFFDFFFDFFFDFFFDFFF58
:10883000DFFFDFFFDFFFDFFFDFFFDFFFDFFFDFFF48
:10884000DFFFDFFFDFFFDFFFDFFFDFFFDFFFDFFF38
:10885000DFFFDFFFDFFFDFFFDFFFDFFFDFFFDFFF28
:10886000DFFFDFFFDFFFDFFFDFFFDFFFDFFFDFFF18
:10887000DFFFDFFFDFFFDFFFDFFFDFFFDFFFDFFF08
:10888000DFFFDFFFDFFFDFFFDFFFDFFFDFFFDFFFF8
:10889000DFFFDFFFDFFFDFFFDFFFDFFFDFFFDFFFE8
:1088A000DFFFDFFFDFFFDFFFDFFFDFFFDFFFDFFFD8
:1088B000DFFFDFFFDFFFDFFFDFFFDFFFDFFFDFFFC8
:1088C000DFFFDFFFDFFFDFFFDFFFDFFFDFFFDFFFB8
:1088D000DFFFDFFFDFFFDFFFDFFFDFFFDFFFDFFFA8
:1088E000DFFFDFFFDFFFDFFFDFFFDFFFDFFFDFFF98
:1088F000DFFFDFFFDFFFDFFFDFFFDFFFDFFFDFFF88
:10890000DFFFDFFFDFFFDFFFDFFFDFFFDFFFDFFF77
:10891000DFFFDFFFDFFFDFFFDFFFDFFFDFFFDFFF67
:10892000DFFFDFFFDFFFDFFFDFFFDFFFDFFFDFFF57
:10893000DFFFDFFFDFFFDFFFDFFFDFFFDFFFDFFF47
:10894000DFFFDFFFDFFFDFFFDFFFDFFFDFFFDFFF37
:10895000DFFFDFFFDFFFDFFFDFFFDFFFDFFFDFFF27
:10896000DFFFDFFFDFFFDFFFDFFFDFFFDFFFDFFF17
:10897000DFFFDFFFDFFFDFFFDFFFDFFFDFFFDFFF07
:10898000DFFFDFFFDFFFDFFFDFFFDFFFDFFFDFFFF7
:10899000DFFFDFFFDFFFDFFFDFFFDFFFDFFFDFFFE7
:1089A000DFFFDFFFDFFFDFFFDFFFDFFFDFFFDFFFD7
:1089B000DFFFDFFFDFFFDFFFDFFFDFFFDFFFDFFFC7
:1089C000DFFFDFFFDFFFDFFFDFFFDFFFDFFFDFFFB7
:1089D000DFFFDFFFDFFFDFFFDFFFDFFFDFFFDFFFA7
:1089E000DFFFDFFFDFFFDFFFDFFFDFFFDFFFDFFF97
:1089F000DFFFDFFFDFFFDFFFDFFFDFFFDFFFDFFF87
:108A0000DFFFDFFFDFFFDFFFDFFFDFFFDFFFDFFF76
:108A1000DFFFDFFFDFFFDFFFDFFFDFFFDFFFDFFF66
:108A2000DFFFDFFFDFFFDFFFDFFFDFFFDFFFDFFF56
:108A3000DFFFDFFFDFFFDFFFDFFFDFFFDFFFDFFF46
:108A4000DFFFDFFFDFFFDFFFDFFFDFFFDFFFDFFF36
:108A5000DFFFDFFFDFFFDFFFDFFFDFFFDFFFDFFF26
:108A6000DFFFDFFFDFFFDFFFDFFFDFFFDFFFDFFF16
:108A7000DFFFDFFFDFFFDFFFDFFFDFFFDFFFDFFF06
:108A8000DFFFDFFFDFFFDFFFDFFFDFFFDFFFDFFFF6
:108A9000DFFFDFFFDFFFDFFFDFFFDFFFDFFFDFFFE6
:108AA000DFFFDFFFDFFFDFFFDFFFDFFFDFFFDFFFD6
:108AB000DFFFDFFFDFFFDFFFDFFFDFFFDFFFDFFFC6
:108AC000DFFFDFFFDFFFDFFFDFFFDFFFDFFFDFFFB6
:108AD000DFFFDFFFDFFFDFFFDFFFDFFFDFFFDFFFA6
:108AE000DFFFDFFFDFFFDFFFDFFFDFFFDFFFDFFF96
:108AF000DFFFDFFFDFFFDFFFDFFFDFFFDFFFDFFF86
:108B0000DFFFDFFFDFFFDFFFDFFFDFFFDFFFDFFF75
:108B1000DFFFDFFFDFFFDFFFDFFFDFFFDFFFDFFF65
:108B2000DFFFDFFFDFFFDFFFDFFFDFFFDFFFDFFF55
:108B3000DFFFDFFFDFFFDFFFDFFFDFFFDFFFDFFF45
:108B4000DFFFDFFFDFFFDFFFDFFFDFFFDFFFDFFF35
:108B5000DFFFDFFFDFFFDFFFDFFFDFFFDFFFDFFF25
:108B6000DFFFDFFFDFFFDFFFDFFFDFFFDFFFDFFF15
:108B7000DFFFDFFFDFFFDFFFDFFFDFFFDFFFDFFF05
:108B8000DFFFDFFFDFFFDFFFDFFFDFFFDFFFDFFFF5
:108B9000DFFFDFFFDFFFDFFFDFFFDFFFDFFFDFFFE5
:108BA000DFFFDFFFDFFFDFFFDFFFDFFFDFFFDFFFD5
:108BB000DFFFDFFFDFFFDFFFDFFFDFFFDFFFDFFFC5
:108BC000DFFFDFFFDFFFDFFFDFFFDFFFDFFFDFFFB5
:108BD000DFFFDFFFDFFFDFFFDFFFDFFFDFFFDFFFA5
:108BE000DFFFDFFFDFFFDFFFDFFFDFFFDFFFDFFF95
:108BF000DFFFDFFFDFFFDFFFDFFFDFFFDFFFDFFF85
:108C0000DFFFDFFFDFFFDFFFDFFFDFFFDFFFDFFF74
:108C1000DFFFDFFFDFFFDFFFDFFFDFFFDFFFDFFF64
:108C2000DFFFDFFFDFFFDFFFDFFFDFFFDFFFDFFF54
:108C3000DFFFDFFFDFFFDFFFDFFFDFFFDFFFDFFF44
:108C4000DFFFDFFFDFFFDFFFDFFFDFFFDFFFDFFF34
:108C5000DFFFDFFFDFFFDFFFDFFFDFFFDFFFDFFF24
:108C6000DFFFDFFFDFFFDFFFDFFFDFFFDFFFDFFF14
:108C7000DFFFDFFFDFFFDFFFDFFFDFFFDFFFDFFF04
:108C8000DFFFDFFFDFFFDFFFDFFFDFFFDFFFDFFFF4
:108C9000DFFFDFFFDFFFDFFFDFFFDFFFDFFFDFFFE4
:108CA000DFFFDFFFDFFFDFFFDFFFDFFFDFFFDFFFD4
:108CB000DFFFDFFFDFFFDFFFDFFFDFFFDFFFDFFFC4
:108CC000DFFFDFFFDFFFDFFFDFFFDFFFDFFFDFFFB4
:108CD000DFFFDFFFDFFFDFFFDFFFDFFFDFFFDFFFA4
:108CE000DFFFDFFFDFFFDFFFDFFFDFFFDFFFDFFF94
:108CF000DFFFDFFFDFFFDFFFDFFFDFFFDFFFDFFF84
:108D0000DFFFDFFFDFFFDFFFDFFFDFFFDFFFDFFF73
:108D1000DFFFDFFFDFFFDFFFDFFFDFFFDFFFDFFF63
:108D2000DFFFDFFFDFFFDFFFDFFFDFFFDFFFDFFF53
:108D3000DFFFDFFFDFFFDFFFDFFFDFFFDFFFDFFF43
:108D4000DFFFDFFFDFFFDFFFDFFFDFFFDFFFDFFF33
:108D5000DFFFDFFFDFFFDFFFDFFFDFFFDFFFDFFF23
:108D6000DFFFDFFFDFFFDFFFDFFFDFFFDFFFDFFF13
:108D7000DFFFDFFFDFFFDFFFDFFFDFFFDFFFDFFF03
:108D8000DFFFDFFFDFFFDFFFDFFFDFFFDFFFDFFFF3
:108D9000DFFFDFFFDFFFDFFFDFFFDFFFDFFFDFFFE3
:108DA000DFFFDFFFDFFFDFFFDFFFDFFFDFFFDFFFD3
:108DB000DFFFDFFFDFFFDFFFDFFFDFFFDFFFDFFFC3
:108DC000DFFFDFFFDFFFDFFFDFFFDFFFDFFFDFFFB3
:108DD000DFFFDFFFDFFFDFFFDFFFDFFFDFFFDFFFA3
:108DE000DFFFDFFFDFFFDFFFDFFFDFFFDFFFDFFF93
:108DF000DFFFDFFFDFFFDFFFDFFFDFFFDFFFDFFF83
:108E0000DFFFDFFFDFFFDFFFDFFFDFFFDFFFDFFF72
:108E1000DFFFDFFFDFFFDFFFDFFFDFFFDFFFDFFF62
:108E2000DFFFDFFFDFFFDFFFDFFFDFFFDFFFDFFF52
:108E3000DFFFDFFFDFFFDFFFDFFFDFFFDFFFDFFF42
:108E4000DFFFDFFFDFFFDFFFDFFFDFFFDFFFDFFF32
:108E5000DFFFDFFFDFFFDFFFDFFFDFFFDFFFDFFF22
:108E6000DFFFDFFFDFFFDFFFDFFFDFFFDFFFDFFF12
:108E7000DFFFDFFFDFFFDFFFDFFFDFFFDFFFDFFF02
:108E8000DFFFDFFFDFFFDFFFDFFFDFFFDFFFDFFFF2
:108E9000DFFFDFFFDFFFDFFFDFFFDFFFDFFFDFFFE2
:108EA000DFFFDFFFDFFFDFFFDFFFDFFFDFFFDFFFD2
:108EB000DFFFDFFFDFFFDFFFDFFFDFFFDFFFDFFFC2
:108EC000DFFFDFFFDFFFDFFFDFFFDFFFDFFFDFFFB2
:108ED000DFFFDFFFDFFFDFFFDFFFDFFFDFFFDFFFA2
:108EE000DFFFDFFFDFFFDFFFDFFFDFFFDFFFDFFF92
:108EF000DFFFDFFFDFFFDFFFDFFFDFFFDFFFDFFF82
:108F0000DFFFDFFFDFFFDFFFDFFFDFFFDFFFDFFF71
:108F1000DFFFDFFFDFFFDFFFDFFFDFFFDFFFDFFF61
:108F2000DFFFDFFFDFFFDFFFDFFFDFFFDFFFDFFF51
:108F3000DFFFDFFFDFFFDFFFDFFFDFFFDFFFDFFF41
:108F4000DFFFDFFFDFFFDFFFDFFFDFFFDFFFDFFF31
:108F5000DFFFDFFFDFFFDFFFDFFFDFFFDFFFDFFF21
:108F6000DFFFDFFFDFFFDFFFDFFFDFFFDFFFDFFF11
:108F7000DFFFDFFFDFFFDFFFDFFFDFFFDFFFDFFF01
:108F8000DFFFDFFFDFFFDFFFDFFFDFFFDFFFDFFFF1
:108F9000DFFFDFFFDFFFDFFFDFFFDFFFDFFFDFFFE1
:108FA000DFFFDFFFDFFFDFFFDFFFDFFFDFFFDFFFD1
:108FB000DFFFDFFFDFFFDFFFDFFFDFFFDFFFDFFFC1
:108FC000DFFFDFFFDFFFDFFFDFFFDFFFDFFFDFFFB1
:108FD000DFFFDFFFDFFFDFFFDFFFDFFFDFFFDFFFA1
:108FE000DFFFDFFFDFFFDFFFDFFFDFFFDFFFDFFF91
:108FF000DFFFDFFFDFFFDFFFDFFFDFFFDFFFDFFF81
:10900000DFFFDFFFDFFFDFFFDFFFDFFFDFFFDFFF70
:10901000DFFFDFFFDFFFDFFFDFFFDFFFDFFFDFFF60
:10902000DFFFDFFFDFFFDFFFDFFFDFFFDFFFDFFF50
:10903000DFFFDFFFDFFFDFFFDFFFDFFFDFFFDFFF40
:10904000DFFFDFFFDFFFDFFFDFFFDFFFDFFFDFFF30
:10905000DFFFDFFFDFFFDFFFDFFFDFFFDFFFDFFF20
:10906000DFFFDFFFDFFFDFFFDFFFDFFFDFFFDFFF10
:10907000DFFFDFFFDFFFDFFFDFFFDFFFDFFFDFFF00
:10908000DFFFDFFFDFFFDFFFDFFFDFFFDFFFDFFFF0
:10909000DFFFDFFFDFFFDFFFDFFFDFFFDFFFDFFFE0
:1090A000DFFFDFFFDFFFDFFFDFFFDFFFDFFFDFFFD0
:1090B000DFFFDFFFDFFFDFFFDFFFDFFFDFFFDFFFC0
:1090C000DFFFDFFFDFFFDFFFDFFFDFFFDFFFDFFFB0
:1090D000DFFFDFFFDFFFDFFFDFFFDFFFDFFFDFFFA0
:1090E000DFFFDFFFDFFFDFFFDFFFDFFFDFFFDFFF90
:1090F000DFFFDFFFDFFFDFFFDFFFDFFFDFFFDFFF80
:10910000DFFFDFFFDFFFDFFFDFFFDFFFDFFFDFFF6F
:10911000DFFFDFFFDFFFDFFFDFFFDFFFDFFFDFFF5F
:10912000DFFFDFFFDFFFDFFFDFFFDFFFDFFFDFFF4F
:10913000DFFFDFFFDFFFDFFFDFFFDFFFDFFFDFFF3F
:10914000DFFFDFFFDFFFDFFFDFFFDFFFDFFFDFFF2F
:10915000DFFFDFFFDFFFDFFFDFFFDFFFDFFFDFFF1F
:10916000DFFFDFFFDFFFDFFFDFFFDFFFDFFFDFFF0F
:10917000DFFFDFFFDFFFDFFFDFFFDFFFDFFFDFFFFF
:10918000DFFFDFFFDFFFDFFFDFFFDFFFDFFFDFFFEF
:10919000DFFFDFFFDFFFDFFFDFFFDFFFDFFFDFFFDF
:1091A000DFFFDFFFDFFFDFFFDFFFDFFFDFFFDFFFCF
:1091B000DFFFDFFFDFFFDFFFDFFFDFFFDFFFDFFFBF
:1091C000DFFFDFFFDFFFDFFFDFFFDFFFDFFFDFFFAF
:1091D000DFFFDFFFDFFFDFFFDFFFDFFFDFFFDFFF9F
:1091E000DFFFDFFFDFFFDFFFDFFFDFFFDFFFDFFF8F
:1091F000DFFFDFFFDFFFDFFFDFFFDFFFDFFFDFFF7F
:10920000DFFFDFFFDFFFDFFFDFFFDFFFDFFFDFFF6E
:10921000DFFFDFFFDFFFDFFFDFFFDFFFDFFFDFFF5E
:10922000DFFFDFFFDFFFDFFFDFFFDFFFDFFFDFFF4E
:10923000DFFFDFFFDFFFDFFFDFFFDFFFDFFFDFFF3E
:10924000DFFFDFFFDFFFDFFFDFFFDFFFDFFFDFFF2E
:10925000DFFFDFFFDFFFDFFFDFFFDFFFDFFFDFFF1E
:10926000DFFFDFFFDFFFDFFFDFFFDFFFDFFFDFFF0E
:10927000DFFFDFFFDFFFDFFFDFFFDFFFDFFFDFFFFE
:10928000DFFFDFFFDFFFDFFFDFFFDFFFDFFFDFFFEE
:10929000DFFFDFFFDFFFDFFFDFFFDFFFDFFFDFFFDE
:1092A000DFFFDFFFDFFFDFFFDFFFDFFFDFFFDFFFCE
:1092B000DFFFDFFFDFFFDFFFDFFFDFFFDFFFDFFFBE
:1092C000DFFFDFFFDFFFDFFFDFFFDFFFDFFFDFFFAE
:1092D000DFFFDFFFDFFFDFFFDFFFDFFFDFFFDFFF9E
:1092E000DFFFDFFFDFFFDFFFDFFFDFFFDFFFDFFF8E
:1092F000DFFFDFFFDFFFDFFFDFFFDFFFDFFFDFFF7E
:10930000DFFFDFFFDFFFDFFFDFFFDFFFDFFFDFFF6D
:10931000DFFFDFFFDFFFDFFFDFFFDFFFDFFFDFFF5D
:10932000DFFFDFFFDFFFDFFFDFFFDFFFDFFFDFFF4D
:10933000DFFFDFFFDFFFDFFFDFFFDFFFDFFFDFFF3D
:10934000DFFFDFFFDFFFDFFFDFFFDFFFDFFFDFFF2D
:10935000DFFFDFFFDFFFDFFFDFFFDFFFDFFFDFFF1D
:10936000DFFFDFFFDFFFDFFFDFFFDFFFDFFFDFFF0D
:10937000DFFFDFFFDFFFDFFFDFFFDFFFDFFFDFFFFD
:10938000DFFFDFFFDFFFDFFFDFFFDFFFDFFFDFFFED
:10939000DFFFDFFFDFFFDFFFDFFFDFFFDFFFDFFFDD
:1093A000DFFFDFFFDFFFDFFFDFFFDFFFDFFFDFFFCD
:1093B000DFFFDFFFDFFFDFFFDFFFDFFFDFFFDFFFBD
:1093C000DFFFDFFFDFFFDFFFDFFFDFFFDFFFDFFFAD
:1093D000DFFFDFFFDFFFDFFFDFFFDFFFDFFFDFFF9D
:1093E000DFFFDFFFDFFFDFFFDFFFDFFFDFFFDFFF8D
:1093F000DFFFDFFFDFFFDFFFDFFFDFFFDFFFDFFF7D
:10940000DFFFDFFFDFFFDFFFDFFFDFFFDFFFDFFF6C
:10941000DFFFDFFFDFFFDFFFDFFFDFFFDFFFDFFF5C
:10942000DFFFDFFFDFFFDFFFDFFFDFFFDFFFDFFF4C
:10943000DFFFDFFFDFFFDFFFDFFFDFFFDFFFDFFF3C
:10944000DFFFDFFFDFFFDFFFDFFFDFFFDFFFDFFF2C
:10945000DFFFDFFFDFFFDFFFDFFFDFFFDFFFDFFF1C
:10946000DFFFDFFFDFFFDFFFDFFFDFFFDFFFDFFF0C
:10947000DFFFDFFFDFFFDFFFDFFFDFFFDFFFDFFFFC
:10948000DFFFDFFFDFFFDFFFDFFFDFFFDFFFDFFFEC
:10949000DFFFDFFFDFFFDFFFDFFFDFFFDFFFDFFFDC
:1094A000DFFFDFFFDFFFDFFFDFFFDFFFDFFFDFFFCC
:1094B000DFFFDFFFDFFFDFFFDFFFDFFFDFFFDFFFBC
:1094C000DFFFDFFFDFFFDFFFDFFFDFFFDFFFDFFFAC
:1094D000DFFFDFFFDFFFDFFFDFFFDFFFDFFFDFFF9C
:1094E000DFFFDFFFDFFFDFFFDFFFDFFFDFFFDFFF8C
:1094F000DFFFDFFFDFFFDFFFDFFFDFFFDFFFDFFF7C
:10950000DFFFDFFFDFFFDFFFDFFFDFFFDFFFDFFF6B
:10951000DFFFDFFFDFFFDFFFDFFFDFFFDFFFDFFF5B
:10952000DFFFDFFFDFFFDFFFDFFFDFFFDFFFDFFF4B
:10953000DFFFDFFFDFFFDFFFDFFFDFFFDFFFDFFF3B
:10954000DFFFDFFFDFFFDFFFDFFFDFFFDFFFDFFF2B
:10955000DFFFDFFFDFFFDFFFDFFFDFFFDFFFDFFF1B
:10956000DFFFDFFFDFFFDFFFDFFFDFFFDFFFDFFF0B
:10957000DFFFDFFFDFFFDFFFDFFFDFFFDFFFDFFFFB
:10958000DFFFDFFFDFFFDFFFDFFFDFFFDFFFDFFFEB
:10959000DFFFDFFFDFFFDFFFDFFFDFFFDFFFDFFFDB
:1095A000DFFFDFFFDFFFDFFFDFFFDFFFDFFFDFFFCB
:1095B000DFFFDFFFDFFFDFFFDFFFDFFFDFFFDFFFBB
:1095C000DFFFDFFFDFFFDFFFDFFFDFFFDFFFDFFFAB
:1095D000DFFFDFFFDFFFDFFFDFFFDFFFDFFFDFFF9B
:1095E000DFFFDFFFDFFFDFFFDFFFDFFFDFFFDFFF8B
:1095F000DFFFDFFFDFFFDFFFDFFFDFFFDFFFDFFF7B
:10960000DFFFDFFFDFFFDFFFDFFFDFFFDFFFDFFF6A
:10961000DFFFDFFFDFFFDFFFDFFFDFFFDFFFDFFF5A
:10962000DFFFDFFFDFFFDFFFDFFFDFFFDFFFDFFF4A
:10963000DFFFDFFFDFFFDFFFDFFFDFFFDFFFDFFF3A
:10964000DFFFDFFFDFFFDFFFDFFFDFFFDFFFDFFF2A
:10965000DFFFDFFFDFFFDFFFDFFFDFFFDFFFDFFF1A
:10966000DFFFDFFFDFFFDFFFDFFFDFFFDFFFDFFF0A
:10967000DFFFDFFFDFFFDFFFDFFFDFFFDFFFDFFFFA
:10968000DFFFDFFFDFFFDFFFDFFFDFFFDFFFDFFFEA
:10969000DFFFDFFFDFFFDFFFDFFFDFFFDFFFDFFFDA
:1096A000DFFFDFFFDFFFDFFFDFFFDFFFDFFFDFFFCA
:1096B000DFFFDFFFDFFFDFFFDFFFDFFFDFFFDFFFBA
:1096C000DFFFDFFFDFFFDFFFDFFFDFFFDFFFDFFFAA
:1096D000DFFFDFFFDFFFDFFFDFFFDFFFDFFFDFFF9A
:1096E000DFFFDFFFDFFFDFFFDFFFDFFFDFFFDFFF8A
:1096F000DFFFDFFFDFFFDFFFDFFFDFFFDFFFDFFF7A
:10970000DFFFDFFFDFFFDFFFDFFFDFFFDFFFDFFF69
:10971000DFFFDFFFDFFFDFFFDFFFDFFFDFFFDFFF59
:10972000DFFFDFFFDFFFDFFFDFFFDFFFDFFFDFFF49
:10973000DFFFDFFFDFFFDFFFDFFFDFFFDFFFDFFF39
:10974000DFFFDFFFDFFFDFFFDFFFDFFFDFFFDFFF29
:10975000DFFFDFFFDFFFDFFFDFFFDFFFDFFFDFFF19
:10976000DFFFDFFFDFFFDFFFDFFFDFFFDFFFDFFF09
:10977000DFFFDFFFDFFFDFFFDFFFDFFFDFFFDFFFF9
:10978000DFFFDFFFDFFFDFFFDFFFDFFFDFFFDFFFE9
:10979000DFFFDFFFDFFFDFFFDFFFDFFFDFFFDFFFD9
:1097A000DFFFDFFFDFFFDFFFDFFFDFFFDFFFDFFFC9
:1097B000DFFFDFFFDFFFDFFFDFFFDFFFDFFFDFFFB9
:1097C000DFFFDFFFDFFFDFFFDFFFDFFFDFFFDFFFA9
:1097D000DFFFDFFFDFFFDFFFDFFFDFFFDFFFDFFF99
:1097E000DFFFDFFFDFFFDFFFDFFFDFFFDFFFDFFF89
:1097F000DFFFDFFFDFFFDFFFDFFFDFFFDFFFDFFF79
:10980000DFFFDFFFDFFFDFFFDFFFDFFFDFFFDFFF68
:10981000DFFFDFFFDFFFDFFFDFFFDFFFDFFFDFFF58
:10982000DFFFDFFFDFFFDFFFDFFFDFFFDFFFDFFF48
:10983000DFFFDFFFDFFFDFFFDFFFDFFFDFFFDFFF38
:10984000DFFFDFFFDFFFDFFFDFFFDFFFDFFFDFFF28
:10985000DFFFDFFFDFFFDFFFDFFFDFFFDFFFDFFF18
:10986000DFFFDFFFDFFFDFFFDFFFDFFFDFFFDFFF08
:10987000DFFFDFFFDFFFDFFFDFFFDFFFDFFFDFFFF8
:10988000DFFFDFFFDFFFDFFFDFFFDFFFDFFFDFFFE8
:10989000DFFFDFFFDFFFDFFFDFFFDFFFDFFFDFFFD8
:1098A000DFFFDFFFDFFFDFFFDFFFDFFFDFFFDFFFC8
:1098B000DFFFDFFFDFFFDFFFDFFFDFFFDFFFDFFFB8
:1098C000DFFFDFFFDFFFDFFFDFFFDFFFDFFFDFFFA8
:1098D000DFFFDFFFDFFFDFFFDFFFDFFFDFFFDFFF98
:1098E000DFFFDFFFDFFFDFFFDFFFDFFFDFFFDFFF88
:1098F000DFFFDFFFDFFFDFFFDFFFDFFFDFFFDFFF78
:10990000DFFFDFFFDFFFDFFFDFFFDFFFDFFFDFFF67
:10991000DFFFDFFFDFFFDFFFDFFFDFFFDFFFDFFF57
:10992000DFFFDFFFDFFFDFFFDFFFDFFFDFFFDFFF47
:10993000DFFFDFFFDFFFDFFFDFFFDFFFDFFFDFFF37
:10994000DFFFDFFFDFFFDFFFDFFFDFFFDFFFDFFF27
:10995000DFFFDFFFDFFFDFFFDFFFDFFFDFFFDFFF17
:10996000DFFFDFFFDFFFDFFFDFFFDFFFDFFFDFFF07
:10997000DFFFDFFFDFFFDFFFDFFFDFFFDFFFDFFFF7
:10998000DFFFDFFFDFFFDFFFDFFFDFFFDFFFDFFFE7
:10999000DFFFDFFFDFFFDFFFDFFFDFFFDFFFDFFFD7
:1099A000DFFFDFFFDFFFDFFFDFFFDFFFDFFFDFFFC7
:1099B000DFFFDFFFDFFFDFFFDFFFDFFFDFFFDFFFB7
:1099C000DFFFDFFFDFFFDFFFDFFFDFFFDFFFDFFFA7
:1099D000DFFFDFFFDFFFDFFFDFFFDFFFDFFFDFFF97
:1099E000DFFFDFFFDFFFDFFFDFFFDFFFDFFFDFFF87
:1099F000DFFFDFFFDFFFDFFFDFFFDFFFDFFFDFFF77
:109A0000DFFFDFFFDFFFDFFFDFFFDFFFDFFFDFFF66
:109A1000DFFFDFFFDFFFDFFFDFFFDFFFDFFFDFFF56
:109A2000DFFFDFFFDFFFDFFFDFFFDFFFDFFFDFFF46
:109A3000DFFFDFFFDFFFDFFFDFFFDFFFDFFFDFFF36
:109A4000DFFFDFFFDFFFDFFFDFFFDFFFDFFFDFFF26
:109A5000DFFFDFFFDFFFDFFFDFFFDFFFDFFFDFFF16
:109A6000DFFFDFFFDFFFDFFFDFFFDFFFDFFFDFFF06
:109A7000DFFFDFFFDFFFDFFFDFFFDFFFDFFFDFFFF6
:109A8000DFFFDFFFDFFFDFFFDFFFDFFFDFFFDFFFE6
:109A9000DFFFDFFFDFFFDFFFDFFFDFFFDFFFDFFFD6
:109AA000DFFFDFFFDFFFDFFFDFFFDFFFDFFFDFFFC6
:109AB000DFFFDFFFDFFFDFFFDFFFDFFFDFFFDFFFB6
:109AC000DFFFDFFFDFFFDFFFDFFFDFFFDFFFDFFFA6
:109AD000DFFFDFFFDFFFDFFFDFFFDFFFDFFFDFFF96
:109AE000DFFFDFFFDFFFDFFFDFFFDFFFDFFFDFFF86
:109AF000DFFFDFFFDFFFDFFFDFFFDFFFDFFFDFFF76
:109B0000DFFFDFFFDFFFDFFFDFFFDFFFDFFFDFFF65
:109B1000DFFFDFFFDFFFDFFFDFFFDFFFDFFFDFFF55
:109B2000DFFFDFFFDFFFDFFFDFFFDFFFDFFFDFFF45
:109B3000DFFFDFFFDFFFDFFFDFFFDFFFDFFFDFFF35
:109B4000DFFFDFFFDFFFDFFFDFFFDFFFDFFFDFFF25
:109B5000DFFFDFFFDFFFDFFFDFFFDFFFDFFFDFFF15
:109B6000DFFFDFFFDFFFDFFFDFFFDFFFDFFFDFFF05
:109B7000DFFFDFFFDFFFDFFFDFFFDFFFDFFFDFFFF5
:109B8000DFFFDFFFDFFFDFFFDFFFDFFFDFFFDFFFE5
:109B9000DFFFDFFFDFFFDFFFDFFFDFFFDFFFDFFFD5
:109BA000DFFFDFFFDFFFDFFFDFFFDFFFDFFFDFFFC5
:109BB000DFFFDFFFDFFFDFFFDFFFDFFFDFFFDFFFB5
:109BC000DFFFDFFFDFFFDFFFDFFFDFFFDFFFDFFFA5
:109BD000DFFFDFFFDFFFDFFFDFFFDFFFDFFFDFFF95
:109BE000DFFFDFFFDFFFDFFFDFFFDFFFDFFFDFFF85
:109BF000DFFFDFFFDFFFDFFFDFFFDFFFDFFFDFFF75
:109C0000DFFFDFFFDFFFDFFFDFFFDFFFDFFFDFFF64
:109C1000DFFFDFFFDFFFDFFFDFFFDFFFDFFFDFFF54
:109C2000DFFFDFFFDFFFDFFFDFFFDFFFDFFFDFFF44
:109C3000DFFFDFFFDFFFDFFFDFFFDFFFDFFFDFFF34
:109C4000DFFFDFFFDFFFDFFFDFFFDFFFDFFFDFFF24
:109C5000DFFFDFFFDFFFDFFFDFFFDFFFDFFFDFFF14
:109C6000DFFFDFFFDFFFDFFFDFFFDFFFDFFFDFFF04
:109C7000DFFFDFFFDFFFDFFFDFFFDFFFDFFFDFFFF4
:109C8000DFFFDFFFDFFFDFFFDFFFDFFFDFFFDFFFE4
:109C9000DFFFDFFFDFFFDFFFDFFFDFFFDFFFDFFFD4
:109CA000DFFFDFFFDFFFDFFFDFFFDFFFDFFFDFFFC4
:109CB000DFFFDFFFDFFFDFFFDFFFDFFFDFFFDFFFB4
:109CC000DFFFDFFFDFFFDFFFDFFFDFFFDFFFDFFFA4
:109CD000DFFFDFFFDFFFDFFFDFFFDFFFDFFFDFFF94
:109CE000DFFFDFFFDFFFDFFFDFFFDFFFDFFFDFFF84
:109CF000DFFFDFFFDFFFDFFFDFFFDFFFDFFFDFFF74
:109D0000DFFFDFFFDFFFDFFFDFFFDFFFDFFFDFFF63
:109D1000DFFFDFFFDFFFDFFFDFFFDFFFDFFFDFFF53
:109D2000DFFFDFFFDFFFDFFFDFFFDFFFDFFFDFFF43
:109D3000DFFFDFFFDFFFDFFFDFFFDFFFDFFFDFFF33
:109D4000DFFFDFFFDFFFDFFFDFFFDFFFDFFFDFFF23
:109D5000DFFFDFFFDFFFDFFFDFFFDFFFDFFFDFFF13
:109D6000DFFFDFFFDFFFDFFFDFFFDFFFDFFFDFFF03
:109D7000DFFFDFFFDFFFDFFFDFFFDFFFDFFFDFFFF3
:109D8000DFFFDFFFDFFFDFFFDFFFDFFFDFFFDFFFE3
:109D9000DFFFDFFFDFFFDFFFDFFFDFFFDFFFDFFFD3
:109DA000DFFFDFFFDFFFDFFFDFFFDFFFDFFFDFFFC3
:109DB000DFFFDFFFDFFFDFFFDFFFDFFFDFFFDFFFB3
:109DC000DFFFDFFFDFFFDFFFDFFFDFFFDFFFDFFFA3
:109DD000DFFFDFFFDFFFDFFFDFFFDFFFDFFFDFFF93
:109DE000DFFFDFFFDFFFDFFFDFFFDFFFDFFFDFFF83
:109DF000DFFFDFFFDFFFDFFFDFFFDFFFDFFFDFFF73
:109E0000DFFFDFFFDFFFDFFFDFFFDFFFDFFFDFFF62
:109E1000DFFFDFFFDFFFDFFFDFFFDFFFDFFFDFFF52
:109E2000DFFFDFFFDFFFDFFFDFFFDFFFDFFFDFFF42
:109E3000DFFFDFFFDFFFDFFFDFFFDFFFDFFFDFFF32
:109E4000DFFFDFFFDFFFDFFFDFFFDFFFDFFFDFFF22
:109E5000DFFFDFFFDFFFDFFFDFFFDFFFDFFFDFFF12
:109E6000DFFFDFFFDFFFDFFFDFFFDFFFDFFFDFFF02
:109E7000DFFFDFFFDFFFDFFFDFFFDFFFDFFFDFFFF2
:109E8000DFFFDFFFDFFFDFFFDFFFDFFFDFFFDFFFE2
:109E9000DFFFDFFFDFFFDFFFDFFFDFFFDFFFDFFFD2
:109EA000DFFFDFFFDFFFDFFFDFFFDFFFDFFFDFFFC2
:109EB000DFFFDFFFDFFFDFFFDFFFDFFFDFFFDFFFB2
:109EC000DFFFDFFFDFFFDFFFDFFFDFFFDFFFDFFFA2
:109ED000DFFFDFFFDFFFDFFFDFFFDFFFDFFFDFFF92
:109EE000DFFFDFFFDFFFDFFFDFFFDFFFDFFFDFFF82
:109EF000DFFFDFFFDFFFDFFFDFFFDFFFDFFFDFFF72
:109F0000DFFFDFFFDFFFDFFFDFFFDFFFDFFFDFFF61
:109F1000DFFFDFFFDFFFDFFFDFFFDFFFDFFFDFFF51
:109F2000DFFFDFFFDFFFDFFFDFFFDFFFDFFFDFFF41
:109F3000DFFFDFFFDFFFDFFFDFFFDFFFDFFFDFFF31
:109F4000DFFFDFFFDFFFDFFFDFFFDFFFDFFFDFFF21
:109F5000DFFFDFFFDFFFDFFFDFFFDFFFDFFFDFFF11
:109F6000DFFFDFFFDFFFDFFFDFFFDFFFDFFFDFFF01
:109F7000DFFFDFFFDFFFDFFFDFFFDFFFDFFFDFFFF1
:109F8000DFFFDFFFDFFFDFFFDFFFDFFFDFFFDFFFE1
:109F9000DFFFDFFFDFFFDFFFDFFFDFFFDFFFDFFFD1
:109FA000DFFFDFFFDFFFDFFFDFFFDFFFDFFFDFFFC1
:109FB000DFFFDFFFDFFFDFFFDFFFDFFFDFFFDFFFB1
:109FC000DFFFDFFFDFFFDFFFDFFFDFFFDFFFDFFFA1
:109FD000DFFFDFFFDFFFDFFFDFFFDFFFDFFFDFFF91
:109FE000DFFFDFFFDFFFDFFFDFFFDFFFDFFFDFFF81
:109FF000DFFFDFFFDFFFDFFFDFFFDFFFDFFFDFFF71
:10A00000DFFFDFFFDFFFDFFFDFFFDFFFDFFFDFFF60
:10A01000DFFFDFFFDFFFDFFFDFFFDFFFDFFFDFFF50
:10A02000DFFFDFFFDFFFDFFFDFFFDFFFDFFFDFFF40
:10A03000DFFFDFFFDFFFDFFFDFFFDFFFDFFFDFFF30
:10A04000DFFFDFFFDFFFDFFFDFFFDFFFDFFFDFFF20
:10A05000DFFFDFFFDFFFDFFFDFFFDFFFDFFFDFFF10
:10A06000DFFFDFFFDFFFDFFFDFFFDFFFDFFFDFFF00
:10A07000DFFFDFFFDFFFDFFFDFFFDFFFDFFFDFFFF0
:10A08000DFFFDFFFDFFFDFFFDFFFDFFFDFFFDFFFE0
:10A09000DFFFDFFFDFFFDFFFDFFFDFFFDFFFDFFFD0
:10A0A000DFFFDFFFDFFFDFFFDFFFDFFFDFFFDFFFC0
:10A0B000DFFFDFFFDFFFDFFFDFFFDFFFDFFFDFFFB0
:10A0C000DFFFDFFFDFFFDFFFDFFFDFFFDFFFDFFFA0
:10A0D000DFFFDFFFDFFFDFFFDFFFDFFFDFFFDFFF90
:10A0E000DFFFDFFFDFFFDFFFDFFFDFFFDFFFDFFF80
:10A0F000DFFFDFFFDFFFDFFFDFFFDFFFDFFFDFFF70
:10A10000DFFFDFFFDFFFDFFFDFFFDFFFDFFFDFFF5F
:10A11000DFFFDFFFDFFFDFFFDFFFDFFFDFFFDFFF4F
:10A12000DFFFDFFFDFFFDFFFDFFFDFFFDFFFDFFF3F
:10A13000DFFFDFFFDFFFDFFFDFFFDFFFDFFFDFFF2F
:10A14000DFFFDFFFDFFFDFFFDFFFDFFFDFFFDFFF1F
:10A15000DFFFDFFFDFFFDFFFDFFFDFFFDFFFDFFF0F
:10A16000DFFFDFFFDFFFDFFFDFFFDFFFDFFFDFFFFF
:10A17000DFFFDFFFDFFFDFFFDFFFDFFFDFFFDFFFEF
:10A18000DFFFDFFFDFFFDFFFDFFFDFFFDFFFDFFFDF
:10A19000DFFFDFFFDFFFDFFFDFFFDFFFDFFFDFFFCF
:10A1A000DFFFDFFFDFFFDFFFDFFFDFFFDFFFDFFFBF
:10A1B000DFFFDFFFDFFFDFFFDFFFDFFFDFFFDFFFAF
:10A1C000DFFFDFFFDFFFDFFFDFFFDFFFDFFFDFFF9F
:10A1D000DFFFDFFFDFFFDFFFDFFFDFFFDFFFDFFF8F
:10A1E000DFFFDFFFDFFFDFFFDFFFDFFFDFFFDFFF7F
:10A1F000DFFFDFFFDFFFDFFFDFFFDFFFDFFFDFFF6F
:10A20000DFFFDFFFDFFFDFFFDFFFDFFFDFFFDFFF5E
:10A21000DFFFDFFFDFFFDFFFDFFFDFFFDFFFDFFF4E
:10A22000DFFFDFFFDFFFDFFFDFFFDFFFDFFFDFFF3E
:10A23000DFFFDFFFDFFFDFFFDFFFDFFFDFFFDFFF2E
:10A24000DFFFDFFFDFFFDFFFDFFFDFFFDFFFDFFF1E
:10A25000DFFFDFFFDFFFDFFFDFFFDFFFDFFFDFFF0E
:10A26000DFFFDFFFDFFFDFFFDFFFDFFFDFFFDFFFFE
:10A27000DFFFDFFFDFFFDFFFDFFFDFFFDFFFDFFFEE
:10A28000DFFFDFFFDFFFDFFFDFFFDFFFDFFFDFFFDE
:10A29000DFFFDFFFDFFFDFFFDFFFDFFFDFFFDFFFCE
:10A2A000DFFFDFFFDFFFDFFFDFFFDFFFDFFFDFFFBE
:10A2B000DFFFDFFFDFFFDFFFDFFFDFFFDFFFDFFFAE
:10A2C000DFFFDFFFDFFFDFFFDFFFDFFFDFFFDFFF9E
:10A2D000DFFFDFFFDFFFDFFFDFFFDFFFDFFFDFFF8E
:10A2E000DFFFDFFFDFFFDFFFDFFFDFFFDFFFDFFF7E
:10A2F000DFFFDFFFDFFFDFFFDFFFDFFFDFFFDFFF6E
:10A30000DFFFDFFFDFFFDFFFDFFFDFFFDFFFDFFF5D
:10A31000DFFFDFFFDFFFDFFFDFFFDFFFDFFFDFFF4D
:10A32000DFFFDFFFDFFFDFFFDFFFDFFFDFFFDFFF3D
:10A33000DFFFDFFFDFFFDFFFDFFFDFFFDFFFDFFF2D
:10A34000DFFFDFFFDFFFDFFFDFFFDFFFDFFFDFFF1D
:10A35000DFFFDFFFDFFFDFFFDFFFDFFFDFFFDFFF0D
:10A36000DFFFDFFFDFFFDFFFDFFFDFFFDFFFDFFFFD
:10A37000DFFFDFFFDFFFDFFFDFFFDFFFDFFFDFFFED
:10A38000DFFFDFFFDFFFDFFFDFFFDFFFDFFFDFFFDD
:10A39000DFFFDFFFDFFFDFFFDFFFDFFFDFFFDFFFCD
:10A3A000DFFFDFFFDFFFDFFFDFFFDFFFDFFFDFFFBD
:10A3B000DFFFDFFFDFFFDFFFDFFFDFFFDFFFDFFFAD
:10A3C000DFFFDFFFDFFFDFFFDFFFDFFFDFFFDFFF9D
:10A3D000DFFFDFFFDFFFDFFFDFFFDFFFDFFFDFFF8D
:10A3E000DFFFDFFFDFFFDFFFDFFFDFFFDFFFDFFF7D
:10A3F000DFFFDFFFDFFFDFFFDFFFDFFFDFFFDFFF6D
:10A40000DFFFDFFFDFFFDFFFDFFFDFFFDFFFDFFF5C
:10A41000DFFFDFFFDFFFDFFFDFFFDFFFDFFFDFFF4C
:10A42000DFFFDFFFDFFFDFFFDFFFDFFFDFFFDFFF3C
:10A43000DFFFDFFFDFFFDFFFDFFFDFFFDFFFDFFF2C
:10A44000DFFFDFFFDFFFDFFFDFFFDFFFDFFFDFFF1C
:10A45000DFFFDFFFDFFFDFFFDFFFDFFFDFFFDFFF0C
:10A46000DFFFDFFFDFFFDFFFDFFFDFFFDFFFDFFFFC
:10A47000DFFFDFFFDFFFDFFFDFFFDFFFDFFFDFFFEC
:10A48000DFFFDFFFDFFFDFFFDFFFDFFFDFFFDFFFDC
:10A49000DFFFDFFFDFFFDFFFDFFFDFFFDFFFDFFFCC
:10A4A000DFFFDFFFDFFFDFFFDFFFDFFFDFFFDFFFBC
:10A4B000DFFFDFFFDFFFDFFFDFFFDFFFDFFFDFFFAC
:10A4C000DFFFDFFFDFFFDFFFDFFFDFFFDFFFDFFF9C
:10A4D000DFFFDFFFDFFFDFFFDFFFDFFFDFFFDFFF8C
:10A4E000DFFFDFFFDFFFDFFFDFFFDFFFDFFFDFFF7C
:10A4F000DFFFDFFFDFFFDFFFDFFFDFFFDFFFDFFF6C
:10A50000DFFFDFFFDFFFDFFFDFFFDFFFDFFFDFFF5B
:10A51000DFFFDFFFDFFFDFFFDFFFDFFFDFFFDFFF4B
:10A52000DFFFDFFFDFFFDFFFDFFFDFFFDFFFDFFF3B
:10A53000DFFFDFFFDFFFDFFFDFFFDFFFDFFFDFFF2B
:10A54000DFFFDFFFDFFFDFFFDFFFDFFFDFFFDFFF1B
:10A55000DFFFDFFFDFFFDFFFDFFFDFFFDFFFDFFF0B
:10A56000DFFFDFFFDFFFDFFFDFFFDFFFDFFFDFFFFB
:10A57000DFFFDFFFDFFFDFFFDFFFDFFFDFFFDFFFEB
:10A58000DFFFDFFFDFFFDFFFDFFFDFFFDFFFDFFFDB
:10A59000DFFFDFFFDFFFDFFFDFFFDFFFDFFFDFFFCB
:10A5A000DFFFDFFFDFFFDFFFDFFFDFFFDFFFDFFFBB
:10A5B000DFFFDFFFDFFFDFFFDFFFDFFFDFFFDFFFAB
:10A5C000DFFFDFFFDFFFDFFFDFFFDFFFDFFFDFFF9B
:10A5D000DFFFDFFFDFFFDFFFDFFFDFFFDFFFDFFF8B
:10A5E000DFFFDFFFDFFFDFFFDFFFDFFFDFFFDFFF7B
:10A5F000DFFFDFFFDFFFDFFFDFFFDFFFDFFFDFFF6B
:10A60000DFFFDFFFDFFFDFFFDFFFDFFFDFFFDFFF5A
:10A61000DFFFDFFFDFFFDFFFDFFFDFFFDFFFDFFF4A
:10A62000DFFFDFFFDFFFDFFFDFFFDFFFDFFFDFFF3A
:10A63000DFFFDFFFDFFFDFFFDFFFDFFFDFFFDFFF2A
:10A64000DFFFDFFFDFFFDFFFDFFFDFFFDFFFDFFF1A
:10A65000DFFFDFFFDFFFDFFFDFFFDFFFDFFFDFFF0A
:10A66000DFFFDFFFDFFFDFFFDFFFDFFFDFFFDFFFFA
:10A67000DFFFDFFFDFFFDFFFDFFFDFFFDFFFDFFFEA
:10A68000DFFFDFFFDFFFDFFFDFFFDFFFDFFFDFFFDA
:10A69000DFFFDFFFDFFFDFFFDFFFDFFFDFFFDFFFCA
:10A6A000DFFFDFFFDFFFDFFFDFFFDFFFDFFFDFFFBA
:10A6B000DFFFDFFFDFFFDFFFDFFFDFFFDFFFDFFFAA
:10A6C000DFFFDFFFDFFFDFFFDFFFDFFFDFFFDFFF9A
:10A6D000DFFFDFFFDFFFDFFFDFFFDFFFDFFFDFFF8A
:10A6E000DFFFDFFFDFFFDFFFDFFFDFFFDFFFDFFF7A
:10A6F000DFFFDFFFDFFFDFFFDFFFDFFFDFFFDFFF6A
:10A70000DFFFDFFFDFFFDFFFDFFFDFFFDFFFDFFF59
:10A71000DFFFDFFFDFFFDFFFDFFFDFFFDFFFDFFF49
:10A72000DFFFDFFFDFFFDFFFDFFFDFFFDFFFDFFF39
:10A73000DFFFDFFFDFFFDFFFDFFFDFFFDFFFDFFF29
:10A74000DFFFDFFFDFFFDFFFDFFFDFFFDFFFDFFF19
:10A75000DFFFDFFFDFFFDFFFDFFFDFFFDFFFDFFF09
:10A76000DFFFDFFFDFFFDFFFDFFFDFFFDFFFDFFFF9
:10A77000DFFFDFFFDFFFDFFFDFFFDFFFDFFFDFFFE9
:10A78000DFFFDFFFDFFFDFFFDFFFDFFFDFFFDFFFD9
:10A79000DFFFDFFFDFFFDFFFDFFFDFFFDFFFDFFFC9
:10A7A000DFFFDFFFDFFFDFFFDFFFDFFFDFFFDFFFB9
:10A7B000DFFFDFFFDFFFDFFFDFFFDFFFDFFFDFFFA9
:10A7C000DFFFDFFFDFFFDFFFDFFFDFFFDFFFDFFF99
:10A7D000DFFFDFFFDFFFDFFFDFFFDFFFDFFFDFFF89
:10A7E000DFFFDFFFDFFFDFFFDFFFDFFFDFFFDFFF79
:10A7F000DFFFDFFFDFFFDFFFDFFFDFFFDFFFDFFF69
:10A80000DFFFDFFFDFFFDFFFDFFFDFFFDFFFDFFF58
:10A81000DFFFDFFFDFFFDFFFDFFFDFFFDFFFDFFF48
:10A82000DFFFDFFFDFFFDFFFDFFFDFFFDFFFDFFF38
:10A83000DFFFDFFFDFFFDFFFDFFFDFFFDFFFDFFF28
:10A84000DFFFDFFFDFFFDFFFDFFFDFFFDFFFDFFF18
:10A85000DFFFDFFFDFFFDFFFDFFFDFFFDFFFDFFF08
:10A86000DFFFDFFFDFFFDFFFDFFFDFFFDFFFDFFFF8
:10A87000DFFFDFFFDFFFDFFFDFFFDFFFDFFFDFFFE8
:10A88000DFFFDFFFDFFFDFFFDFFFDFFFDFFFDFFFD8
:10A89000DFFFDFFFDFFFDFFFDFFFDFFFDFFFDFFFC8
:10A8A000DFFFDFFFDFFFDFFFDFFFDFFFDFFFDFFFB8
:10A8B000DFFFDFFFDFFFDFFFDFFFDFFFDFFFDFFFA8
:10A8C000DFFFDFFFDFFFDFFFDFFFDFFFDFFFDFFF98
:10A8D000DFFFDFFFDFFFDFFFDFFFDFFFDFFFDFFF88
:10A8E000DFFFDFFFDFFFDFFFDFFFDFFFDFFFDFFF78
:10A8F000DFFFDFFFDFFFDFFFDFFFDFFFDFFFDFFF68
:10A90000DFFFDFFFDFFFDFFFDFFFDFFFDFFFDFFF57
:10A91000DFFFDFFFDFFFDFFFDFFFDFFFDFFFDFFF47
:10A92000DFFFDFFFDFFFDFFFDFFFDFFFDFFFDFFF37
:10A93000DFFFDFFFDFFFDFFFDFFFDFFFDFFFDFFF27
:10A94000DFFFDFFFDFFFDFFFDFFFDFFFDFFFDFFF17
:10A95000DFFFDFFFDFFFDFFFDFFFDFFFDFFFDFFF07
:10A96000DFFFDFFFDFFFDFFFDFFFDFFFDFFFDFFFF7
:10A97000DFFFDFFFDFFFDFFFDFFFDFFFDFFFDFFFE7
:10A98000DFFFDFFFDFFFDFFFDFFFDFFFDFFFDFFFD7
:10A99000DFFFDFFFDFFFDFFFDFFFDFFFDFFFDFFFC7
:10A9A000DFFFDFFFDFFFDFFFDFFFDFFFDFFFDFFFB7
:10A9B000DFFFDFFFDFFFDFFFDFFFDFFFDFFFDFFFA7
:10A9C000DFFFDFFFDFFFDFFFDFFFDFFFDFFFDFFF97
:10A9D000DFFFDFFFDFFFDFFFDFFFDFFFDFFFDFFF87
:10A9E000DFFFDFFFDFFFDFFFDFFFDFFFDFFFDFFF77
:10A9F000DFFFDFFFDFFFDFFFDFFFDFFFDFFFDFFF67
:10AA0000DFFFDFFFDFFFDFFFDFFFDFFFDFFFDFFF56
:10AA1000DFFFDFFFDFFFDFFFDFFFDFFFDFFFDFFF46
:10AA2000DFFFDFFFDFFFDFFFDFFFDFFFDFFFDFFF36
:10AA3000DFFFDFFFDFFFDFFFDFFFDFFFDFFFDFFF26
:10AA4000DFFFDFFFDFFFDFFFDFFFDFFFDFFFDFFF16
:10AA5000DFFFDFFFDFFFDFFFDFFFDFFFDFFFDFFF06
:10AA6000DFFFDFFFDFFFDFFFDFFFDFFFDFFFDFFFF6
:10AA7000DFFFDFFFDFFFDFFFDFFFDFFFDFFFDFFFE6
:10AA8000DFFFDFFFDFFFDFFFDFFFDFFFDFFFDFFFD6
:10AA9000DFFFDFFFDFFFDFFFDFFFDFFFDFFFDFFFC6
:10AAA000DFFFDFFFDFFFDFFFDFFFDFFFDFFFDFFFB6
:10AAB000DFFFDFFFDFFFDFFFDFFFDFFFDFFFDFFFA6
:10AAC000DFFFDFFFDFFFDFFFDFFFDFFFDFFFDFFF96
:10AAD000DFFFDFFFDFFFDFFFDFFFDFFFDFFFDFFF86
:10AAE000DFFFDFFFDFFFDFFFDFFFDFFFDFFFDFFF76
:10AAF000DFFFDFFFDFFFDFFFDFFFDFFFDFFFDFFF66
:10AB0000DFFFDFFFDFFFDFFFDFFFDFFFDFFFDFFF55
:10AB1000DFFFDFFFDFFFDFFFDFFFDFFFDFFFDFFF45
:10AB2000DFFFDFFFDFFFDFFFDFFFDFFFDFFFDFFF35
:10AB3000DFFFDFFFDFFFDFFFDFFFDFFFDFFFDFFF25
:10AB4000DFFFDFFFDFFFDFFFDFFFDFFFDFFFDFFF15
:10AB5000DFFFDFFFDFFFDFFFDFFFDFFFDFFFDFFF05
:10AB6000DFFFDFFFDFFFDFFFDFFFDFFFDFFFDFFFF5
:10AB7000DFFFDFFFDFFFDFFFDFFFDFFFDFFFDFFFE5
:10AB8000DFFFDFFFDFFFDFFFDFFFDFFFDFFFDFFFD5
:10AB9000DFFFDFFFDFFFDFFFDFFFDFFFDFFFDFFFC5
:10ABA000DFFFDFFFDFFFDFFFDFFFDFFFDFFFDFFFB5
:10ABB000DFFFDFFFDFFFDFFFDFFFDFFFDFFFDFFFA5
:10ABC000DFFFDFFFDFFFDFFFDFFFDFFFDFFFDFFF95
:10ABD000DFFFDFFFDFFFDFFFDFFFDFFFDFFFDFFF85
:10ABE000DFFFDFFFDFFFDFFFDFFFDFFFDFFFDFFF75
:10ABF000DFFFDFFFDFFFDFFFDFFFDFFFDFFFDFFF65
:10AC0000DFFFDFFFDFFFDFFFDFFFDFFFDFFFDFFF54
:10AC1000DFFFDFFFDFFFDFFFDFFFDFFFDFFFDFFF44
:10AC2000DFFFDFFFDFFFDFFFDFFFDFFFDFFFDFFF34
:10AC3000DFFFDFFFDFFFDFFFDFFFDFFFDFFFDFFF24
:10AC4000DFFFDFFFDFFFDFFFDFFFDFFFDFFFDFFF14
:10AC5000DFFFDFFFDFFFDFFFDFFFDFFFDFFFDFFF04
:10AC6000DFFFDFFFDFFFDFFFDFFFDFFFDFFFDFFFF4
:10AC7000DFFFDFFFDFFFDFFFDFFFDFFFDFFFDFFFE4
:10AC8000DFFFDFFFDFFFDFFFDFFFDFFFDFFFDFFFD4
:10AC9000DFFFDFFFDFFFDFFFDFFFDFFFDFFFDFFFC4
:10ACA000DFFFDFFFDFFFDFFFDFFFDFFFDFFFDFFFB4
:10ACB000DFFFDFFFDFFFDFFFDFFFDFFFDFFFDFFFA4
:10ACC000DFFFDFFFDFFFDFFFDFFFDFFFDFFFDFFF94
:10ACD000DFFFDFFFDFFFDFFFDFFFDFFFDFFFDFFF84
:10ACE000DFFFDFFFDFFFDFFFDFFFDFFFDFFFDFFF74
:10ACF000DFFFDFFFDFFFDFFFDFFFDFFFDFFFDFFF64
:10AD0000DFFFDFFFDFFFDFFFDFFFDFFFDFFFDFFF53
:10AD1000DFFFDFFFDFFFDFFFDFFFDFFFDFFFDFFF43
:10AD2000DFFFDFFFDFFFDFFFDFFFDFFFDFFFDFFF33
:10AD3000DFFFDFFFDFFFDFFFDFFFDFFFDFFFDFFF23
:10AD4000DFFFDFFFDFFFDFFFDFFFDFFFDFFFDFFF13
:10AD5000DFFFDFFFDFFFDFFFDFFFDFFFDFFFDFFF03
:10AD6000DFFFDFFFDFFFDFFFDFFFDFFFDFFFDFFFF3
:10AD7000DFFFDFFFDFFFDFFFDFFFDFFFDFFFDFFFE3
:10AD8000DFFFDFFFDFFFDFFFDFFFDFFFDFFFDFFFD3
:10AD9000DFFFDFFFDFFFDFFFDFFFDFFFDFFFDFFFC3
:10ADA000DFFFDFFFDFFFDFFFDFFFDFFFDFFFDFFFB3
:10ADB000DFFFDFFFDFFFDFFFDFFFDFFFDFFFDFFFA3
:10ADC000DFFFDFFFDFFFDFFFDFFFDFFFDFFFDFFF93
:10ADD000DFFFDFFFDFFFDFFFDFFFDFFFDFFFDFFF83
:10ADE000DFFFDFFFDFFFDFFFDFFFDFFFDFFFDFFF73
:10ADF000DFFFDFFFDFFFDFFFDFFFDFFFDFFFDFFF63
:10AE0000DFFFDFFFDFFFDFFFDFFFDFFFDFFFDFFF52
:10AE1000DFFFDFFFDFFFDFFFDFFFDFFFDFFFDFFF42
:10AE2000DFFFDFFFDFFFDFFFDFFFDFFFDFFFDFFF32
:10AE3000DFFFDFFFDFFFDFFFDFFFDFFFDFFFDFFF22
:10AE4000DFFFDFFFDFFFDFFFDFFFDFFFDFFFDFFF12
:10AE5000DFFFDFFFDFFFDFFFDFFFDFFFDFFFDFFF02
:10AE6000DFFFDFFFDFFFDFFFDFFFDFFFDFFFDFFFF2
:10AE7000DFFFDFFFDFFFDFFFDFFFDFFFDFFFDFFFE2
:10AE8000DFFFDFFFDFFFDFFFDFFFDFFFDFFFDFFFD2
:10AE9000DFFFDFFFDFFFDFFFDFFFDFFFDFFFDFFFC2
:10AEA000DFFFDFFFDFFFDFFFDFFFDFFFDFFFDFFFB2
:10AEB000DFFFDFFFDFFFDFFFDFFFDFFFDFFFDFFFA2
:10AEC000DFFFDFFFDFFFDFFFDFFFDFFFDFFFDFFF92
:10AED000DFFFDFFFDFFFDFFFDFFFDFFFDFFFDFFF82
:10AEE000DFFFDFFFDFFFDFFFDFFFDFFFDFFFDFFF72
:10AEF000DFFFDFFFDFFFDFFFDFFFDFFFDFFFDFFF62
:10AF0000DFFFDFFFDFFFDFFFDFFFDFFFDFFFDFFF51
:10AF1000DFFFDFFFDFFFDFFFDFFFDFFFDFFFDFFF41
:10AF2000DFFFDFFFDFFFDFFFDFFFDFFFDFFFDFFF31
:10AF3000DFFFDFFFDFFFDFFFDFFFDFFFDFFFDFFF21
:10AF4000DFFFDFFFDFFFDFFFDFFFDFFFDFFFDFFF11
:10AF5000DFFFDFFFDFFFDFFFDFFFDFFFDFFFDFFF01
:10AF6000DFFFDFFFDFFFDFFFDFFFDFFFDFFFDFFFF1
:10AF7000DFFFDFFFDFFFDFFFDFFFDFFFDFFFDFFFE1
:10AF8000DFFFDFFFDFFFDFFFDFFFDFFFDFFFDFFFD1
:10AF9000DFFFDFFFDFFFDFFFDFFFDFFFDFFFDFFFC1
:10AFA000DFFFDFFFDFFFDFFFDFFFDFFFDFFFDFFFB1
:10AFB000DFFFDFFFDFFFDFFFDFFFDFFFDFFFDFFFA1
:10AFC000DFFFDFFFDFFFDFFFDFFFDFFFDFFFDFFF91
:10AFD000DFFFDFFFDFFFDFFFDFFFDFFFDFFFDFFF81
:10AFE000DFFFDFFFDFFFDFFFDFFFDFFFDFFFDFFF71
:10AFF000DFFFDFFFDFFFDFFFDFFFDFFFDFFFDFFF61
:10B00000DFFFDFFFDFFFDFFFDFFFDFFFDFFFDFFF50
:10B01000DFFFDFFFDFFFDFFFDFFFDFFFDFFFDFFF40
:10B02000DFFFDFFFDFFFDFFFDFFFDFFFDFFFDFFF30
:10B03000DFFFDFFFDFFFDFFFDFFFDFFFDFFFDFFF20
:10B04000DFFFDFFFDFFFDFFFDFFFDFFFDFFFDFFF10
:10B05000DFFFDFFFDFFFDFFFDFFFDFFFDFFFDFFF00
:10B06000DFFFDFFFDFFFDFFFDFFFDFFFDFFFDFFFF0
:10B07000DFFFDFFFDFFFDFFFDFFFDFFFDFFFDFFFE0
:10B08000DFFFDFFFDFFFDFFFDFFFDFFFDFFFDFFFD0
:10B09000DFFFDFFFDFFFDFFFDFFFDFFFDFFFDFFFC0
:10B0A000DFFFDFFFDFFFDFFFDFFFDFFFDFFFDFFFB0
:10B0B000DFFFDFFFDFFFDFFFDFFFDFFFDFFFDFFFA0
:10B0C000DFFFDFFFDFFFDFFFDFFFDFFFDFFFDFFF90
:10B0D000DFFFDFFFDFFFDFFFDFFFDFFFDFFFDFFF80
:10B0E000DFFFDFFFDFFFDFFFDFFFDFFFDFFFDFFF70
:10B0F000DFFFDFFFDFFFDFFFDFFFDFFFDFFFDFFF60
:10B10000DFFFDFFFDFFFDFFFDFFFDFFFDFFFDFFF4F
:10B11000DFFFDFFFDFFFDFFFDFFFDFFFDFFFDFFF3F
:10B12000DFFFDFFFDFFFDFFFDFFFDFFFDFFFDFFF2F
:10B13000DFFFDFFFDFFFDFFFDFFFDFFFDFFFDFFF1F
:10B14000DFFFDFFFDFFFDFFFDFFFDFFFDFFFDFFF0F
:10B15000DFFFDFFFDFFFDFFFDFFFDFFFDFFFDFFFFF
:10B16000DFFFDFFFDFFFDFFFDFFFDFFFDFFFDFFFEF
:10B17000DFFFDFFFDFFFDFFFDFFFDFFFDFFFDFFFDF
:10B18000DFFFDFFFDFFFDFFFDFFFDFFFDFFFDFFFCF
:10B19000DFFFDFFFDFFFDFFFDFFFDFFFDFFFDFFFBF
:10B1A000DFFFDFFFDFFFDFFFDFFFDFFFDFFFDFFFAF
:10B1B000DFFFDFFFDFFFDFFFDFFFDFFFDFFFDFFF9F
:10B1C000DFFFDFFFDFFFDFFFDFFFDFFFDFFFDFFF8F
:10B1D000DFFFDFFFDFFFDFFFDFFFDFFFDFFFDFFF7F
:10B1E000DFFFDFFFDFFFDFFFDFFFDFFFDFFFDFFF6F
:10B1F000DFFFDFFFDFFFDFFFDFFFDFFFDFFFDFFF5F
:10B20000DFFFDFFFDFFFDFFFDFFFDFFFDFFFDFFF4E
:10B21000DFFFDFFFDFFFDFFFDFFFDFFFDFFFDFFF3E
:10B22000DFFFDFFFDFFFDFFFDFFFDFFFDFFFDFFF2E
:10B23000DFFFDFFFDFFFDFFFDFFFDFFFDFFFDFFF1E
:10B24000DFFFDFFFDFFFDFFFDFFFDFFFDFFFDFFF0E
:10B25000DFFFDFFFDFFFDFFFDFFFDFFFDFFFDFFFFE
:10B26000DFFFDFFFDFFFDFFFDFFFDFFFDFFFDFFFEE
:10B27000DFFFDFFFDFFFDFFFDFFFDFFFDFFFDFFFDE
:10B28000DFFFDFFFDFFFDFFFDFFFDFFFDFFFDFFFCE
:10B29000DFFFDFFFDFFFDFFFDFFFDFFFDFFFDFFFBE
:10B2A000DFFFDFFFDFFFDFFFDFFFDFFFDFFFDFFFAE
:10B2B000DFFFDFFFDFFFDFFFDFFFDFFFDFFFDFFF9E
:10B2C000DFFFDFFFDFFFDFFFDFFFDFFFDFFFDFFF8E
:10B2D000DFFFDFFFDFFFDFFFDFFFDFFFDFFFDFFF7E
:10B2E000DFFFDFFFDFFFDFFFDFFFDFFFDFFFDFFF6E
:10B2F000DFFFDFFFDFFFDFFFDFFFDFFFDFFFDFFF5E
:10B30000DFFFDFFFDFFFDFFFDFFFDFFFDFFFDFFF4D
:10B31000DFFFDFFFDFFFDFFFDFFFDFFFDFFFDFFF3D
:10B32000DFFFDFFFDFFFDFFFDFFFDFFFDFFFDFFF2D
:10B33000DFFFDFFFDFFFDFFFDFFFDFFFDFFFDFFF1D
:10B34000DFFFDFFFDFFFDFFFDFFFDFFFDFFFDFFF0D
:10B35000DFFFDFFFDFFFDFFFDFFFDFFFDFFFDFFFFD
:10B36000DFFFDFFFDFFFDFFFDFFFDFFFDFFFDFFFED
:10B37000DFFFDFFFDFFFDFFFDFFFDFFFDFFFDFFFDD
:10B38000DFFFDFFFDFFFDFFFDFFFDFFFDFFFDFFFCD
:10B39000DFFFDFFFDFFFDFFFDFFFDFFFDFFFDFFFBD
:10B3A000DFFFDFFFDFFFDFFFDFFFDFFFDFFFDFFFAD
:10B3B000DFFFDFFFDFFFDFFFDFFFDFFFDFFFDFFF9D
:10B3C000DFFFDFFFDFFFDFFFDFFFDFFFDFFFDFFF8D
:10B3D000DFFFDFFFDFFFDFFFDFFFDFFFDFFFDFFF7D
:10B3E000DFFFDFFFDFFFDFFFDFFFDFFFDFFFDFFF6D
:10B3F000DFFFDFFFDFFFDFFFDFFFDFFFDFFFDFFF5D
:10B40000DFFFDFFFDFFFDFFFDFFFDFFFDFFFDFFF4C
:10B41000DFFFDFFFDFFFDFFFDFFFDFFFDFFFDFFF3C
:10B42000DFFFDFFFDFFFDFFFDFFFDFFFDFFFDFFF2C
:10B43000DFFFDFFFDFFFDFFFDFFFDFFFDFFFDFFF1C
:10B44000DFFFDFFFDFFFDFFFDFFFDFFFDFFFDFFF0C
:10B45000DFFFDFFFDFFFDFFFDFFFDFFFDFFFDFFFFC
:10B46000DFFFDFFFDFFFDFFFDFFFDFFFDFFFDFFFEC
:10B47000DFFFDFFFDFFFDFFFDFFFDFFFDFFFDFFFDC
:10B48000DFFFDFFFDFFFDFFFDFFFDFFFDFFFDFFFCC
:10B49000DFFFDFFFDFFFDFFFDFFFDFFFDFFFDFFFBC
:10B4A000DFFFDFFFDFFFDFFFDFFFDFFFDFFFDFFFAC
:10B4B000DFFFDFFFDFFFDFFFDFFFDFFFDFFFDFFF9C
:10B4C000DFFFDFFFDFFFDFFFDFFFDFFFDFFFDFFF8C
:10B4D000DFFFDFFFDFFFDFFFDFFFDFFFDFFFDFFF7C
:10B4E000DFFFDFFFDFFFDFFFDFFFDFFFDFFFDFFF6C
:10B4F000DFFFDFFFDFFFDFFFDFFFDFFFDFFFDFFF5C
:10B50000DFFFDFFFDFFFDFFFDFFFDFFFDFFFDFFF4B
:10B51000DFFFDFFFDFFFDFFFDFFFDFFFDFFFDFFF3B
:10B52000DFFFDFFFDFFFDFFFDFFFDFFFDFFFDFFF2B
:10B53000DFFFDFFFDFFFDFFFDFFFDFFFDFFFDFFF1B
:10B54000DFFFDFFFDFFFDFFFDFFFDFFFDFFFDFFF0B
:10B55000DFFFDFFFDFFFDFFFDFFFDFFFDFFFDFFFFB
:10B56000DFFFDFFFDFFFDFFFDFFFDFFFDFFFDFFFEB
:10B57000DFFFDFFFDFFF9FC71F67DFFFDFFFDFFFAB
:10B58000DFFFDFFFDFFFDFFFDFFFDFFFDFFFDFFFCB
:10B59000DFFFDFFFDFFFDFFFDFFFDFFFDFFFDFFFBB
:10B5A000DFFFDFFFDFFFDFFFDFFFDFFFDFFFDFFFAB
:10B5B000DFFFDFFFDFFFDFFFDFFFDFFFDFFFDFFF9B
:10B5C000DFFFDFFFDFFFDFFFDFFFDFFFDFFFDFFF8B
:10B5D000DFFFDFFFDFFFDFFFDFFFDFFFDFFFDFFF7B
:10B5E000DFFFDFFFDFFFDFFFDFFFDFFFDFFFDFFF6B
:10B5F000DFFFDFFFDFFFDFFFDFFFDFFFDFFFDFFF5B
:10B60000DFFFDFFFDFFFDFFFDFFFDFFFDFFFDFFF4A
:10B61000DFFFDFFFDFFFDFFFDFFFDFFFDFFFDFFF3A
:10B62000DFFFDFFFDFFFDFFFDFFFDFFFDFFFDFFF2A
:10B63000DFFFDFFFDFFFDFFFDFFFDFFFDFFFDFFF1A
:10B64000DFFFDFFFDFFFDFFFDFFFDFFFDFFFDFFF0A
:10B65000DFFFDFFFDFFFDFFFDFFFDFFFDFFFDFFFFA
:10B66000DFFFDFFFDFFFDFFFDFFFDFFFDFFFDFFFEA
:10B67000DFFFDFFFDFFFDFFFDFFFDFFFDFFFDFFFDA
:10B68000DFFFDFFFDFFFDFFFDFFFDFFFDFFFDFFFCA
:10B69000DFFFDFFFDFFFDFFFDFFFDFFFDFFFDFFFBA
:10B6A000DFFFDFFFDFFFDFFFDFFFDFFFDFFFDFFFAA
:10B6B000DFFFDFFFDFFFDFFFDFFFDFFFBFEF3F0663
:10B6C0003F063F063F069FD7DFFFDFFFDFFFDFFFBD
:10B6D000DFFFDFFFDFFFDFFFDFFFDFFFDFFFDFFF7A
:10B6E000DFFFDFFFDFFFDFFFDFFFDFFFDFFFDFFF6A
:10B6F000DFFFDFFFDFFFDFFFDFFFDFFFDFFFDFFF5A
:10B70000DFFFDFFFDFFFDFFFDFFFDFFFDFFFDFFF49
:10B71000DFFFDF3E7F067F067FAFDFFFDFFFDFFF5C
:10B72000DFFFDFFFDFFFDFFFDFFFDFFFDFFFDFFF29
:10B73000DFFFDFFFDFFFDFFFDFFFDFFFDFFFDFFF19
:10B74000DFFFDFFFDFFFDFFFDFFFDFFFDFFFDFFF09
:10B75000DFFFDFFFDFFFDFFFDFFFDFFFDFFFDFFFF9
:10B76000DFFFDFFFDFFFDFFFDFFFDFFFDFFFDFFFE9
:10B77000DFFFDFFFDFFFDFFFDFFFDFFFDFFFDFFFD9
:10B78000DFFFDFFFDFFFDFFFDFFFDFFFDFFFDFFFC9
:10B79000DFFFDFFFDFFFDFFFDFFFDFFFDFFFDFFFB9
:10B7A000DFFFDFFFDFFFDFFFDFFFDFFFDFFFDFFFA9
:10B7B000DFFFDFFFDFFFDFFFDFFFDFFFDFFFDFFF99
:10B7C000DFFFDFFFDFFFDFFFDFFFDFFFDFFFDFFF89
:10B7D000DFFFDFFFDFFFDFFFDFFFDFFFDFFFDFFF79
:10B7E000DFFFDFFFDFFFDFFFDFFFDFFFDFFFDFFF69
:10B7F000DFFFDFFFDFFFDFFFDFFFDFFFDFFFDFFF59
:10B80000DFFFDFFFDFFFDFFFDFFFDFFFDFFFDFFF48
:10B81000DFFFDFFFDFFFDFFFDFFFDFFFDFFFDFFF38
:10B82000DFFFDFFFDFFFDFFFDFFFDFFFDFFFDFFF28
:10B83000DFFFDFFFDFFFDFFFDFFFDFFFDFFFDFFF18
:10B84000DFFFDFFFDFFFDFFFDFFFDFFFDFFFDFFF08
:10B85000DFFFDFFFDFFFDFFF1F973F061F061F062B
:10B860001F061F061F063F0EDFFFDFFFDFFFDFFFA4
:10B87000DFFFDFFFDFFFDFFFDFFFDFFFDFFFDFFFD8
:10B88000DFFFDFFFDFFFDFFFDFFFDFFFDFFFDFFFC8
:10B89000DFFFDFFFDFFFDFFFDFFFDFFFDFFFDFFFB8
:10B8A000DFFFDFFFDFFFDFFFDFFFDFFFDFFFDFEFB8
:10B8B0009F067F067F069F0655ADDFFFDFFFDFFF98
:10B8C000DFFFDFFFDFFFDFFFDFFFDFFFDFFFDFFF88
:10B8D000DFFFDFFFDFFFDFFFDFFFDFFFDFFFDFFF78
:10B8E000DFFFDFFFDFFFDFFFDFFFDFFFDFFFDFFF68
:10B8F000DFFFDFFFDFFFDFFFDFFFDFFFDFFFDFFF58
:10B90000DFFFDFFFDFFFDFFFDFFFDFFFDFFF7FA7FF
:10B910009F069F063F7FDFEFDFFFDFFFDFFFDFFFD9
:10B92000DFFFDFFFDFFFDFFFDFFFDFFFDFFFDFFF27
:10B93000DFFFDFFFDFFFDFFFDFFFDFFFDFFFDFFF17
:10B94000DFFFDFFFDFFFDFFFDFFFDFFFDFFFDFFF07
:10B95000DFFFDFF7BFE7DFFFDFFFDFFFDFFFDFFF37
:10B96000DFFFDFFFDFFFDFFFDFFFDFFFDFFFDFFFE7
:10B97000DFFFDFFFDFFFDFFFDFFFDFFFDFFFDFFFD7
:10B98000DFFFDFFFDFFFDFFFDFFFDFFFDFFFDFFFC7
:10B99000DFFFDFFFDFFFDFFFDFFFDFFFDFFFDFFFB7
:10B9A000DFFFDFFFDFFFDFFFDFFFDFFFDFFFDFFFA7
:10B9B000DFFFDFFFDFFFDFFFDFFFDFFFDFFFDFFF97
:10B9C000DFFFDFFFDFFFDFFFDFFFDFFFDFFFDFFF87
:10B9D000DFFFDFFFDFFFDFFFDFFFDFFFDFFFDFFF77
:10B9E000DFFFDFFFDFFFDFFFDFFFDFFFDFFFDFFF67
:10B9F000DFFFDFFFDFFF1F061F061F061F061F06F4
:10BA00001F061F063F063DDFDFFFDFFFDFFFDFFF13
:10BA1000DFFFDFFFDFFFDFFFDFFFDFFFDFFFDFFF36
:10BA2000DFFFDFFFDFFFDFFFDFFFDFFFDFFFDFFF26
:10BA3000DFFFDFFFDFFFDFFFDFFFDFFFDFFFDFFF16
:10BA4000DFFFDFFFDFFFDFFFDFFFDFFF3F7F9F065F
:10BA50007F067F069F063174BAD6DFFFDFFFDFFF68
:10BA6000DFFFDFFFDFFFDFFFDFFFDFFFDFFFDFFFE6
:10BA7000DFFFDFFFDFFFDFFFDFFFDFFFDFFFDFFFD6
:10BA8000DFFFDFFFDFFFDFFFDFFFDFFFDFFFDFFFC6
:10BA9000DFFFDFFFDFFFDFFFDFFFDFFFDFFFDFFFB6
:10BAA000DFFFDFFFDFFFDFFFDFFFDF469F067F06F1
:10BAB0007F069F06BF1EDFFFDFFFDFFFDFFFDFFF29
:10BAC000DFFFDFFFDFFFDFFFDFFFDFFFDFFFDFFF86
:10BAD000DFFFDFFFDFFFDFFFDFFFDFFFDFFFDFFF76
:10BAE000DFFFDFFFDFFFDFFFDFFFDFFFDFFFDFFF66
:10BAF0001F77BF1EDFFFDFFFDFFFDFFFDFFFDFFF9F
:10BB0000DFFFDFFFDFFFDFFFDFFFDFFFDFFFDFFF45
:10BB1000DFFFDFFFDFFFDFFFDFFFDFFFDFFFDFFF35
:10BB2000DFFFDFFFDFFFDFFFDFFFDFFFDFFFDFFF25
:10BB3000DFFFDFFFDFFFDFFFDFFFDFFFDFFFDFFF15
:10BB4000DFFFDFFFDFFFDFFFDFFFDFFFDFFFDFFF05
:10BB5000DFFFDFFFDFFFDFFFDFFFDFFFDFFFDFFFF5
:10BB6000DFFFDFFFDFFFDFFFDFFFDFFFDFFFDFFFE5
:10BB7000DFFFDFFFDFFFDFFFDFFFDFFFDFFFDFFFD5
:10BB8000DFFFDFFFDFFFDFFFDFFFDFFFDFFFDFFFC5
:10BB9000DFF75F1E1F061F061F061F061F061F0674
:10BBA0001F063F063F061CE7DFFFDFFFDFFFDFFF6B
:10BBB000DFFFDFFFDFFFDFFFDFFFDFFFDFFFDFFF95
:10BBC000DFFFDFFFDFFFDFFFDFFFDFFFDFFFDFFF85
:10BBD000DFFFDFFFDFFFDFFFDFFFDFFFDFFFDFFF75
:10BBE000DFFFDFFFDFFFDFFFDFFF9F069F067F0630
:10BBF0007F069F067F061D16BFEFDFFFDFFFDFFF1B
:10BC0000DFFFDFFFDFFFDFFFDFFFDFFFDFFFDFFF44
:10BC1000DFFFDFFFDFFFDFFFDFFFDFFFDFFFDFFF34
:10BC2000DFFFDFFFDFFFDFFFDFFFDFFFDFFFDFFF24
:10BC3000DFFFDFFFDFFFDFFFDFFFDFFFDFFFDFFF14
:10BC4000DFFFDFFFDFFF7F067F067F067F067F06C1
:10BC50007F067F067F0EDFFFDFFFDFFFDFFFDFFFF7
:10BC6000DFFFDFFFDFFFDFFFDFFFDFFFDFFFDFFFE4
:10BC7000DFFFDFFFDFFFDFFFDFFFDFFFDFFFDFFFD4
:10BC8000DFFFDFFFDFFFDFFFDFFFDFFFBF267F0616
:10BC90007F063B6EDFFFDFFFDFFFDFFFDFFFDFFF42
:10BCA000DFFFDFFFDFFFDFFFDFFFDFFFDFFFDFFFA4
:10BCB000DFFFDFFFDFFFDFFFDFFFDFFFDFFFDFFF94
:10BCC000DFFFDFFFDFFFDFFFDFFFDFFFDFFFDFFF84
:10BCD000DFFFDFFFDFFFDFFFDFFFDFFFDFFFDFFF74
:10BCE000DFFFDFFFDFFFDFFFDFFFDFFFDFFFDFFF64
:10BCF000DFFFDFFFDFFFDFFFDFFFDFFFDFFFDFFF54
:10BD0000DFFFDFFFDFFFDFFFDFFFDFFFDFFFDFFF43
:10BD1000DFFFDFFFDFFFDFFFDFFFDFFFDFFFDFFF33
:10BD2000DFFFDFFFDFFFDFFFDFFFDFFFDFFF9F3E24
:10BD30003F061F061F061F061F061F061F061F06BB
:10BD40001F061F06526475ADDFFFDFFFDFFFDFFF59
:10BD5000DFFFDFFFDFFFDFFFDFFFDFFFDFFFDFFFF3
:10BD6000DFFFDFFFDFFFDFFFDFFFDFFFDFFFDFFFE3
:10BD7000DFFFDFFFDFFFDFFFDFFFDFFFDFFFDFFFD3
:10BD8000DFFFDFFFDFFF3F7F7F067F067F067F0647
:10BD90007F067F067F069F069FC7DFFFDFFFDFFF6F
:10BDA000DFFFDFFFDFFFDFFFDFFFDFFFDFFFDFFFA3
:10BDB000DFFFDFFFDFFFDFFFDFFFDFFFDFFFDFFF93
:10BDC000DFFFDFFFDFFFDFFFDFFFDFFFDFFFDFFF83
:10BDD000DFFFDFFFDFFFDFFFDFFFDFFFDFFFDFFF73
:10BDE000DFFF9F0E7F067F067F067F067F067F06AA
:10BDF0007F069F06164DDFFFDFFFDFFFDFFFDFFF60
:10BE0000DFFFDFFFDFFFDFFFDFFFDFFFDFFFDFFF42
:10BE1000DFFFDFFFDFFFDFFFDFFFDFFFDFFFDFFF32
:10BE2000DFFFDFFFDFFFDFFFDFFF9F067F067F060D
:10BE30009F06B294BEF7DFFFDFFFDFFFDFFFDFFF0C
:10BE4000DFFFDFFFDFFFDFFFDFFFDFFFDFFFDFFF02
:10BE5000DFFFDFFFDFFFDFFFDFFFDFFFDFFFDFFFF2
:10BE6000DFFFDFFFDFFFDFFFDFFFDFFFDFFFDFFFE2
:10BE7000DFFFDFFFDFFFDFFFDFFFDFFFDFFFDFFFD2
:10BE8000DFFFDFFFDFFFDFFFDFFFDFFFDFFFDFFFC2
:10BE9000DFFFDFFFDFFFDFFFDFFFDFFFDFFFDFFFB2
:10BEA000DFFFDFFFDFFFDFFFDFFFDFFFDFFFDFFFA2
:10BEB000DFFFDFFFDFFFDFFFDFFFDFFFDFFFDFFF92
:10BEC000DFFFDFFFDFFFDFFFDFFFDFFF3F063F06B4
:10BED0001F061F061F061F061F061F061F061F063A
:10BEE0001F061F061074DFFFDFFFDFFFDFFFDFFF2E
:10BEF000DFFFDFFFDFFFDFFFDFFFDFFFDFFFDFFF52
:10BF0000DFFFDFFFDFFFDFFFDFFFDFFFDFFFDFFF41
:10BF1000DFFFDFFFDFFFDFFFDFFFDFFFDFFFDFFF31
:10BF2000DFFFDFFF9F067F067F067F067F067F0617
:10BF30007F067F067F067F06FBDEDFFFDFFFDFFF7A
:10BF4000DFFFDFFFDFFFDFFFDFFFDFFFDFFFDFFF01
:10BF5000DFFFDFFFDFFFDFFFDFFFDFFFDFFFDFFFF1
:10BF6000DFFFDFFFDFFFDFFFDFFFDFFFDFFFDFFFE1
:10BF7000DFFFDFFFDFFFDFFFDFFFDFFFDFFFBFDF11
:10BF80009F067F067F067F067F067F067F067F0669
:10BF90009F069F06D39CDFFFDFFFDFFFDFFFDFFF92
:10BFA000DFFFDFFFDFFFDFFFDFFFDFFFDFFFDFFFA1
:10BFB000DFFFDFFFDFFFDFFFDFFFDFFFDFFFDFFF91
:10BFC000DFFFDFFFDFFF7FA79F067F067F069F065D
:10BFD000583D3084DFFF7FBF3F871F77DFFFDFFFE4
:10BFE000DFFFDFFFDFFFDFFFDFFFDFFFDFFFDFFF61
:10BFF000DFFFDFFFDFFFDFFFDFFFDFFFDFFFDFFF51
:10C00000DFFFDFFFDFFFDFFFDFFFDFFFDFFFDFFF40
:10C01000DFFFDFFFDFFFDFFFDFFFDFFFDFFFDFFF30
:10C02000DFFFDFFFDFFFDFFFDFFFDFFFDFFFDFFF20
:10C03000DFFFDFFFDFFFDFFFDFFFDFFFDFFFDFFF10
:10C04000DFFFDFFFDFFFDFFFDFFFDFFFDFFFDFFF00
:10C05000DFFFDFFFDFFFDFFFDFFFDFFFDFFFDFFFF0
:10C06000DFFFDFFFDFFFDFFFDFFF3F063F061F06CB
:10C070001F061F061F061F061F061F061F061F0698
:10C080003F06D64C1CE7DFFFDFFFDFFFDFFFDFFFF0
:10C09000DFFFDFFFDFFFDFFFDFFFDFFFDFFFDFFFB0
:10C0A000DFFFDFFFDFFFDFFFDFFFDFFFDFFFDFFFA0
:10C0B000DFFFDFFFDFFFDFFFDFFFDFFFDFFFDFFF90
:10C0C000DFFF9F067F067F067F067F067F067F06CF
:10C0D0007F067F067F06F55C1CE7DFFFDFFFDFFFE3
:10C0E000DFFFDFFFDFFFDFFFDFFFDFFFDFFFDFFF60
:10C0F000DFFFDFFFDFFFDFFFDFFFDFFFDFFFDFFF50
:10C10000DFFFDFFFDFFFDFFFDFFFDFFFDFFFDFFF3F
:10C11000DFFFDFFFDFFFDFFFDFFFDFFF5F9F9F0648
:10C120007F067F067F067F067F067F067F069F06C7
:10C130009F06EF7B59CEDFFFDFFFDFFFDFFFDFFF73
:10C14000DFFFDFFFDFFFDFFFDFFFDFFFDFFFDFFFFF
:10C15000DFFFDFFFDFFFDFFFDFFFDFFFDFFFDFFFEF
:10C16000DFFFDFFFFF5E9F067F067F069F065E0EF6
:10C17000164D9F169F067F067F061F6FDFFFDFFFAE
:10C18000DFFFDFFFDFFFDFFFDFFFDFFFDFFFDFFFBF
:10C19000DFFFDFFFDFFFDFFFDFFFDFFFDFFFDFFFAF
:10C1A000DFFFDFFFDFFFDFFFDFFFDFFFDFFFDFFF9F
:10C1B000DFFFDFFFDFFFDFFFDFFFDFFFDFFFDFFF8F
:10C1C000DFFFDFFFDFFFDFFFDFFFDFFFDFFFDFFF7F
:10C1D000DFFFDFFFDFFFDFFFDFFFDFFFDFFFDFFF6F
:10C1E000DFFFDFFFDFFFDFFFDFFFDFFFDFFFDFFF5F
:10C1F000DFFFDFFFDFFFDFFFDFFFDFFFDFFFDFFF4F
:10C20000DFFFDFFFDFFFDFFF9F463F061F061F0642
:10C210001F061F061F061F061F061F061F063F06D6
:10C220001F061084DFFFDFFFDFFFDFFFDFFFDFFF21
:10C23000DFFFDFFFDFFFDFFFDFFFDFFFDFFFDFFF0E
:10C24000DFFFDFFFDFFFDFFFDFFFDFFFDFFFDFFFFE
:10C25000DFFFDFFFDFFFDFFFDFFFDFFFDFFF1F6F3E
:10C260009F067F067F067F067F067F067F067F0686
:10C270007F067F069F063745DFFFDFFFDFFFDFFF1B
:10C28000DFFFDFFFDFFFDFFFDFFFDFFFDFFFDFFFBE
:10C29000DFFFDFFFDFFFDFFFDFFFDFFFDFFFDFFFAE
:10C2A000DFFFDFFFDFFFDFFFDFFFDFFFDFFFDFFF9E
:10C2B000DFFFDFFFDFFFDFFFDFFF1F6F9F067F0670
:10C2C0007F067F067F067F067F067F067F067F0646
:10C2D000DB25EF7BDFFFDFFFDFFFDFFFDFFFDFFFC0
:10C2E000DFFFDFFFDFFFDFFFDFFFDFFFDFFFDFFF5E
:10C2F000DFFFDFFFDFFFDFFFDFFFDFFFDFFFDFFF4E
:10C30000DFFF9F069F067F067F067F067F067F066C
:10C310007F067F067F067F069F069D56DFFFDFFFB5
:10C32000DFFFDFFFDFFFDFFFDFFFDFFFDFFFDFFF1D
:10C33000DFFFDFFFDFFFDFFFDFFFDFFFDFFFDFFF0D
:10C34000DFFFDFFFDFFFDFFFDFFFDFFFDFFFDFFFFD
:10C35000DFFFDFFFDFFFDFFFDFFFDFFFDFFFDFFFED
:10C36000DFFFDFFFDFFFDFFFDFFFDFFFDFFFDFFFDD
:10C37000DFFFDFFFDFFFDFFFDFFFDFFFDFFFDFFFCD
:10C38000DFFFDFFFDFFFDFFFDFFFDFFFDFFFDFFFBD
:10C39000DFFFDFFFDFFFDFFFDFFFDFFFDFFFDFFFAD
:10C3A000DFFFDFFFDFFF5FB73F061F061F061F0629
:10C3B0001F061F061F061F061F061F063F063F0615
:10C3C000EF7BDFFFDFFFDFFFDFFFDFFFDFFFDFFFF1
:10C3D000DFFFDFFFDFFFDFFFDFFFDFFFDFFFDFFF6D
:10C3E000DFFFDFFFDFFFDFFFDFFFDFFFDFFFDFFF5D
:10C3F000DFFFDFFFDFFFDFFFDFFF5F979F069F06A7
:10C400007F067F067F067F067F067F067F067F0604
:10C410007F069F069F06718CDFFFDFFFDFFFDFFFD8
:10C42000DFFFDFFFDFFFDFFFDFFFDFFFDFFFDFFF1C
:10C43000DFFFDFFFDFFFDFFFDFFFDFFFDFFFDFFF0C
:10C44000DFFFDFFFDFFFDFFFDFFFDFFFDFFFDFFFFC
:10C45000DFFFDFFFDFFFDFFF7FA79F067F067F068F
:10C460007F067F067F067F067F067F067F069F0684
:10C47000F64C9AD6DFFFDFFFDFFFDFFFDFFFDFFFD6
:10C48000DFFFDFFFDFFFDFFFDFFFDFFFDFFFDFFFBC
:10C49000DFFFDFFFDFFFDFFFDFFFDFFFDFFFDFFFAC
:10C4A0009F069F067F067F067F067F067F067F0624
:10C4B0007F067F067F069F069F06568DDFFFDFFF04
:10C4C000DFFFDFFFDFFFDFFFDFFFDFFFDFFFDFFF7C
:10C4D000DFFFDFFFDFFFDFFFDFFFDFFFDFFFDFFF6C
:10C4E000DFFFDFFFDFFFDFFFDFFFDFFFDFFFDFFF5C
:10C4F000DFFFDFFFDFFFDFFFDFFFDFFFDFFFDFFF4C
:10C50000DFFFDFFFDFFFDFFFDFFFDFFFDFFFDFFF3B
:10C51000DFFFDFFFDFFFDFFFDFFFDFFFDFFFDFFF2B
:10C52000DFFFDFFFDFFFDFFFDFFFDFFFDFFFDFFF1B
:10C53000DFFFDFFFDFFFDFFFDFFFDFFFDFFFDFFF0B
:10C54000DFFFDFFFDFFFBF5E1F061F061F061F06A0
:10C550001F061F061F061F061F063F063F06F7445D
:10C5600059CEDFFFDFFFDFFFDFFFDFFFDFFFDFFF92
:10C57000DFFFDFFFDFFFDFFFDFFFDFFFDFFFDFFFCB
:10C58000DFFFDFFFDFFFDFFFDFFFDFFFDFFFDFFFBB
:10C59000DFFFDFFFDFFFDFFF7F067F067F067F060F
:10C5A0007F067F067F067F067F067F067F067F0663
:10C5B0007F067F06F54CBEF7DFFFDFFFDFFFDFFF03
:10C5C000DFFFDFFFDFFFDFFFDFFFDFFFDFFFDFFF7B
:10C5D000DFFFDFFFDFFFDFFFDFFFDFFFDFFFDFFF6B
:10C5E000DFFFDFFFDFFFDFFFDFFFDFFFDFFFDFFF5B
:10C5F000DFFFDFFFDFFFDFFF9F067F067F067F068F
:10C600007F067F067F067F067F067F069F067F06E2
:10C61000EF7BDFFFDFFFDFFFDFFFDFFFDFFFDFFF9E
:10C62000DFFFDFFFDFFFDFFFDFFFDFFFDFFFDFFF1A
:10C63000DFFFDFFFDFFFDFFFDFFFDFFF5F9F7F0643
:10C640007F067F067F067F067F067F067F067F06C2
:10C650007F067F067F067F069F06B45CDFFFDFFF55
:10C66000DFFFDFFFDFFFDFFFDFFFDFFFDFFFDFFFDA
:10C67000DFFFDFFFDFFFDFFFDFFFDFFFDFFFDFFFCA
:10C68000DFFFDFFFDFFFDFFFDFFFDFFFDFFFDFFFBA
:10C69000DFFFDFFFDFFFDFFFDFFFDFFFDFFFDFFFAA
:10C6A000DFFFDFFFDFFFDFFFDFFFDFFFDFFFDFFF9A
:10C6B000DFFFDFFFDFFFDFFFDFFFDFFFDFFFDFFF8A
:10C6C000DFFFDFFFDFFFDFFFDFFFDFFFDFFFDFFF7A
:10C6D000DFFFDFFFDFFFDFFFDFFFDFFFDFFFDFFF6A
:10C6E000DFFFDFFF7FC73F063F067A2D383D593514
:10C6F0007A253F061F061F063F063F069B25D39C53
:10C70000DFFFDFFFDFFFDFFFDFFFDFFFDFFFDFFF39
:10C71000DFFFDFFFDFFFDFFFDFFFDFFFDFFFDFFF29
:10C72000DFFFDFFFDFFFDFFFDFFFDFFFDFFFDFFF19
:10C73000DFFFDFFFDFFF7F067F067F067F067F06C6
:10C740007F067F067F067F067F067F067F067F06C1
:10C750007F06FC1D18C6DFFFDFFFDFFFDFFFDFFF07
:10C76000DFFFDFFFDFFFDFFFDFFFDFFFDFFFDFFFD9
:10C77000DFFFDFFFDFFFDFFFDFFFDFFFDFFFDFFFC9
:10C78000DFFFDFFFDFFFDFFFDFFFDFFFDFFFDFFFB9
:10C79000DFFFDFFFDFFF9F067F067F067F067F0646
:10C7A0007F067F067F067F067F069F069F06EF7B3C
:10C7B000DFFFDFFFDFFFDFFFDFFFDFFFDFFFDFFF89
:10C7C000DFFFDFFFDFFFDFFFDFFFDFFFDFFFDFFF79
:10C7D000DFFFDFFFDFFFDFFFDFFFFF5E7F067F069C
:10C7E0007F067F067F067F067F067F067F067F0621
:10C7F0007F067F067F069F06FC1D5DEFDFFFDFFFE4
:10C80000DFFFDFFFDFFFDFFFDFFFDFFFDFFFDFFF38
:10C81000DFFFDFFFDFFFDFFFDFFFDFFFDFFFDFFF28
:10C82000DFFFDFFFDFFFDFFFDFFFDFFFDFFFDFFF18
:10C83000DFFFDFFFDFFFDFFFDFFFDFFFDFFFDFFF08
:10C84000DFFFDFFFDFFFDFFFDFFFDFFFDFFFDFFFF8
:10C85000DFFFDFFFDFFFDFFFDFFFDFFFDFFFDFFFE8
:10C86000DFFFDFFFDFFFDFFFDFFFDFFFDFFFDFFFD8
:10C87000DFFFDFFFDFFFDFFFDFFFDFFFDFFFDFFFC8
:10C88000DFFFDFFFDFFFEF7BEF7BEF7BEF7BEF7BFC
:10C890001F061F061F061F061F061F06EF7BDFFF72
:10C8A000DFFFDFFFDFFFDFFFDFFFDFFFDFFFDFFF98
:10C8B000DFFFDFFFDFFFDFFFDFFFDFFFDFFFDFFF88
:10C8C000DFFFDFFFDFFFDFFFDFFFDFFFDFFFDFFF78
:10C8D000DFFFBFD77F067F067F067F067F067F06C6
:10C8E0007F067F067F067F067F067F067F067F0620
:10C8F0009F06EF7B59CEDFFFDFFFDFFFDFFFDFFFAC
:10C90000DFFFDFFFDFFFDFFFDFFFDFFFDFFFDFFF37
:10C91000DFFFDFFFDFFFDFFFDFFFDFFFDFFFDFFF27
:10C92000DFFFDFFFDFFFDFFFDFFFDFFFDFFFDFFF17
:10C93000DFFFDFFF9F167F067F067F067F067F06ED
:10C940007F067F067F067F069F069F0631747DEF78
:10C95000DFFFDFFFDFFFDFFFDFFFDFFFDFFFDFFFE7
:10C96000DFFFDFFFDFFFDFFFDFFFDFFFDFFFDFFFD7
:10C97000DFFFDFFFDFFFBFD79F067F067F067F0653
:10C980007F067F067F067F067F067F067F067F067F
:10C990007F067F069F069F06EF7BDFFFDFFFDFFF3F
:10C9A000DFFFDFFFDFFFDFFFDFFFDFFFDFFFDFFF97
:10C9B000DFFFDFFFDFFFDFFFDFFFDFFFDFFFDFFF87
:10C9C000DFFFDFFFDFFFDFFFDFFFDFFFDFFFDFFF77
:10C9D000DFFFDFFFDFFFDFFFDFFFDFFFDFFFDFFF67
:10C9E000DFFFDFFFDFFFDFFFDFFFDFFFDFFFDFFF57
:10C9F000DFFFDFFFDFFFDFFFDFFFDFFFDFFFDFFF47
:10CA0000DFFFDFFFDFFFDFFFDFFFDFFFDFFFDFFF36
:10CA1000DFFFDFFFDFFFDFFFDFFFDFFFDFFFDFFF26
:10CA2000DFFFDFFF55AD59CE7DEFDFFFDFFF3F06B4
:10CA30001F061F061F061F061F06EF7BBEF7DFFF40
:10CA4000DFFFDFFFDFFFDFFFDFFFDFFFDFFFDFFFF6
:10CA5000DFFFDFFFDFFFDFFFDFFFDFFFDFFFDFFFE6
:10CA6000DFFFDFFFDFFFDFFFDFFFDFFFDFFFDFFFD6
:10CA7000FF4E7F067F067F067F067F067F067F06C6
:10CA80007F067F067F06FC1DB4549F069F069F0607
:10CA9000D554EF7BDFFFDFFFDFFFDFFFDFFFDFFFCF
:10CAA000DFFFDFFFDFFFDFFFDFFFDFFFDFFFDFFF96
:10CAB000DFFFDFFFDFFFDFFFDFFFDFFFDFFFDFFF86
:10CAC000DFFFDFFFDFFFDFFFDFFFDFFFDFFFDFFF76
:10CAD000DFFFDFF79AC6EF7BEF7BEF7BEF7BEF7B30
:10CAE000F64C7F067F069F069F067935B294DFFFDE
:10CAF000DFFFDFFFDFFFDFFFDFFFDFFFDFFFDFFF46
:10CB0000DFFFDFFFDFFFDFFFDFFFDFFFDFFFDFFF35
:10CB1000DFFFDFFF1F679F067F067F067F067F061A
:10CB20007F067F067F067F067F067F067F067F06DD
:10CB30007F069F069F06935C1CE7DFFFDFFFDFFF9A
:10CB4000DFFFDFFFDFFFDFFFDFFFDFFFDFFFDFFFF5
:10CB5000DFFFDFFFDFFFDFFFDFFFDFFFDFFFDFFFE5
:10CB6000DFFFDFFFDFFFDFFFDFFFDFFFDFFFDFFFD5
:10CB7000DFFFDFFFDFFFDFFFDFFFDFFFDFFFDFFFC5
:10CB8000DFFFDFFFDFFFDFFFDFFFDFFFDFFFDFFFB5
:10CB9000DFFFDFFFDFFFDFFFDFFFDFFFDFFFDFFFA5
:10CBA000DFFFDFFFDFFFDFFFDFFFDFFFDFFFDFFF95
:10CBB000DFFFDFFFDFFFDFFFDFFFDFFFDFFFDFFF85
:10CBC000DFFFDFFFDFFFDFFFDFFFDFFF3F061F06C7
:10CBD0001F061F061F061F06EF7B59CEDFFFDFFF74
:10CBE000DFFFDFFFDFFFDFFFDFFFDFFFDFFFDFFF55
:10CBF000DFFFDFFFDFFFDFFFDFFFDFFFDFFFDFFF45
:10CC0000DFFFDFFFDFFFDFFFDFFFDFFFDFFF9F066D
:10CC10007F067F067F067F067F069F069F06793583
:10CC2000EF7BEF7BEF7BEF7B9F069F069F067F06E8
:10CC30001074BEF7DFFFDFFFDFFFDFFFDFFFDFFF87
:10CC4000DFFFDFFFDFFFDFFFDFFFDFFFDFFFDFFFF4
:10CC5000DFFFDFFFDFFFDFFFDFFFDFFFDFFFDFFFE4
:10CC6000DFFFDFFFDFFFDFFFDFFFDFFFDFFFDFFFD4
:10CC7000DFFFDFFFEF7BEF7BF7BD7DEFFBDEFF4EDE
:10CC80007F067F069F069F067F06EF7B79CEDFFF3C
:10CC9000DFFFDFFFDFFFDFFFDFFFDFFFDFFFDFFFA4
:10CCA000DFFFDFFFDFFFDFFFDFFFDFFFDFFFDFFF94
:10CCB000DFFF9F169F067F067F067F067F067F06A3
:10CCC0007F067F067F067F067F067F067F067F063C
:10CCD0009F069F0673641084DFFFDFFFDFFFDFFF27
:10CCE000DFFFDFFFDFFFDFFFDFFFDFFFDFFFDFFF54
:10CCF000DFFFDFFFDFFFDFFFDFFFDFFFDFFFDFFF44
:10CD0000DFFFDFFFDFFFDFFFDFFFDFFFDFFFDFFF33
:10CD1000DFFFDFFFDFFFDFFFDFFFDFFFDFFFDFFF23
:10CD2000DFFFDFFFDFFFDFFFDFFFDFFFDFFFDFFF13
:10CD3000DFFFDFFFDFFFDFFFDFFFDFFFDFFFDFFF03
:10CD4000DFFFDFFFDFFFDFFFDFFFDFFFDFFFDFFFF3
:10CD5000DFFFDFFFDFFFDFFFDFFFDFFFDFFFDFFFE3
:10CD6000DFFFDFFFDFFFDFFFDFFF3F061F061F06DE
:10CD70001F061F061F06EF7B96B5DFFFDFFFDFFFF5
:10CD8000DFFFDFFFDFFFDFFFDFFFDFFFDFFFDFFFB3
:10CD9000DFFFDFFFDFFFDFFFDFFFDFFFDFFFDFFFA3
:10CDA000DFFFDFFFDFFFDFFFDFFFDFFF9F067F0625
:10CDB0007F067F067F067F069F06FC1DEF7BEF7BCD
:10CDC000EF7BEF7B10849F069F069F069F06F64C25
:10CDD0009AD6DFFFDFFFDFFFDFFFDFFFDFFFDFFFD1
:10CDE000DFFFDFFFDFFFDFFFDFFFDFFFDFFFDFFF53
:10CDF000DFFFDFFFDFFFDFFFDFFFDFFFDFFFDFFF43
:10CE0000DFFFDFFFDFFFDFFFDFFFDFFFDFFFDFFF32
:10CE1000DFFF79CE9EF7DFFFDFFFDFFFBF267F0654
:10CE20007F067F067F067F06EF7B96B5DFFFDFFF7D
:10CE3000DFFFDFFFDFFFDFFFDFFFDFFFDFFFDFFF02
:10CE4000DFFFDFFFDFFFDFFFDFFFDFFFDFFFDFFFF2
:10CE50009F069F067F067F067F067F069F06F54C8E
:10CE6000F54C783537457935164DF54CF54CF54C84
:10CE7000F54CEF7BEF7BDFFFDFFFDFFFDFFFDFFF47
:10CE8000DFFFDFFFDFFFDFFFDFFFDFFFDFFFDFFFB2
:10CE9000DFFFDFFFDFFFDFFFDFFFDFFFDFFFDFFFA2
:10CEA000DFFFDFFFDFFFDFFFDFFFDFFFDFFFDFFF92
:10CEB000DFFFDFFFDFFFDFFFDFFFDFFFDFFFDFFF82
:10CEC000DFFFDFFFDFFFDFFFDFFFDFFFDFFFDFFF72
:10CED000DFFFDFFFDFFFDFFFDFFFDFFFDFFFDFFF62
:10CEE000DFFFDFFFDFFFDFFFDFFFDFFFDFFFDFFF52
:10CEF000DFFFDFFFDFFFDFFFDFFFDFFFDFFFDFFF42
:10CF0000DFFFDFFFDFFF7FBF3F061F061F061F0695
:10CF10001F061F06EF7B9294DFFFDFFFDFFFDFFFBF
:10CF2000DFFFDFFFDFFFDFFFDFFFDFFFDFFFDFFF11
:10CF3000DFFFDFFFDFFFDFFFDFFFDFFFDFFFDFFF01
:10CF4000DFFFDFFFDFFFDFFFBFE79F067F067F0614
:10CF50007F067F067F061D16EF7BEF7B108496B55C
:10CF6000DFFFDFFF9F069F069F069F065E0E108471
:10CF7000DFFFDFFFDFFFDFFFDFFFDFFFDFFFDFFFC1
:10CF8000DFFFDFFFDFFFDFFFDFFFDFFFDFFFDFFFB1
:10CF9000DFFFDFFFDFFFDFFFDFFFDFFFDFFFDFFFA1
:10CFA000DFFFDFFFDFFFDFFFDFFFDFFFDFFFDFFF91
:10CFB000DFFFDFFFDFFFDFFF9FC79F067F067F06E4
:10CFC0007F067F067F06EF7B1084DFFFDFFFDFFF3A
:10CFD000DFFFDFFFDFFFDFFFDFFFDFFFDFFFDFFF61
:10CFE000DFFFDFFFDFFFDFFFDFFFDFFFDFFF9F068A
:10CFF0009F067F067F067F067F065E0EEF7BEF7B38
:10D00000EF7BEF7BEF7BEF7BEF7BEF7BEF7BEF7BD0
:10D01000EF7BEF7BDFFFDFFFDFFFDFFFDFFFDFFF08
:10D02000DFFFDFFFDFFFDFFFDFFFDFFFDFFFDFFF10
:10D03000DFFFDFFFDFFFDFFFDFFFDFFFDFFFDFFF00
:10D04000DFFFDFFFDFFFDFFFDFFFDFFFDFFFDFFFF0
:10D05000DFFFDFFFDFFFDFFFDFFFDFFFDFFFDFFFE0
:10D06000DFFFDFFFDFFFDFFFDFFFDFFFDFFFDFFFD0
:10D07000DFFFDFFFDFFFDFFFDFFFDFFFDFFFDFFFC0
:10D08000DFFFDFFFDFFFDFFFDFFFDFFFDFFFDFFFB0
:10D09000DFFFDFFFDFFFDFFFDFFFDFFFDFFFDFFFA0
:10D0A000DFFFDFFFBF4E3F061F061F061F061F06DE
:10D0B0001F06EF7B3084DFFFDFFFDFFFDFFFDFFFD7
:10D0C000DFFFDFFFDFFFDFFFDFFFDFFFDFFFDFFF70
:10D0D000DFFFDFFFDFFFDFFFDFFFDFFFDFFFDFFF60
:10D0E000DFFFDFFFDFFF1F6F9F067F067F067F06E4
:10D0F0009F067F06F07BEF7B34A5DFFFDFFFDFFFBE
:10D10000DFFF9F069F067F067F067F06EF7BDFFF20
:10D11000DFFFDFFFDFFFDFFFDFFFDFFFDFFFDFFF1F
:10D12000DFFFDFFFDFFFDFFFDFFFDFFFDFFFDFFF0F
:10D13000DFFFDFFFDFFFDFFFDFFFDFFFDFFFDFFFFF
:10D14000DFFFDFFFDFFFDFFFDFFFDFFFDFFFDFFFEF
:10D15000DFFFDFFFDFFFFF5E9F067F067F067F06A4
:10D160007F067F06EF7BEF7BDFFFDFFFDFFFDFFF69
:10D17000DFFFDFFFDFFFDFFFDFFFDFFFDFFFDFFFBF
:10D18000DFFFDFFFDFFFDFFFDFFFDFFF9F069F0621
:10D190007F067F067F067F067935EF7BEF7BDFFF1B
:10D1A000DFFFDFFFDFFFDFFFDFFFDFFFDFFFDFFF8F
:10D1B000DFFFDFFFDFFFDFFFDFFFDFFFDFFFDFFF7F
:10D1C000DFFFDFFFDFFFDFFFDFFFDFFFDFFFDFFF6F
:10D1D000DFFFDFFFDFFFDFFFDFFFDFFFDFFFDFFF5F
:10D1E000DFFFDFFFDFFFDFFFDFFFDFFFDFFFDFFF4F
:10D1F000DFFFDFFFDFFFDFFFDFFFDFFFDFFFDFFF3F
:10D20000DFFFDFFFDFFFDFFFDFFFDFFFDFFFDFFF2E
:10D21000DFFFDFFFDFFFDFFFDFFFDFFFDFFFDFFF1E
:10D22000DFFFDFFFDFFFDFFFDFFFDFFFDFFFDFFF0E
:10D23000DFFFDFFFDFFFDFFFDFFFDFFFDFFFDFFFFE
:10D24000DFFF3F0E3F061F061F061F061F061F06B5
:10D25000EF7B3084DFFFDFFFDFFFDFFFDFFFDFFF7C
:10D26000DFFFDFFFDFFFDFFFDFFFDFFFDFFFDFFFCE
:10D27000DFFFDFFFDFFFDFFFDFFFDFFFDFFFDFFFBE
:10D28000DFFFDFFFDF3E9F067F067F067F069F06EC
:10D290003D16EF7BEF7BBEF7DFFFDFFFDFFFDFFF3A
:10D2A0009F069F067F067F067F06EF7BDFFFDFFF7F
:10D2B000DFFFDFFFDFFFDFFFDFFFDFFFDFFFDFFF7E
:10D2C000DFFFDFFFDFFFDFFFDFFFDFFFDFFFDFFF6E
:10D2D000DFFFDFFFDFFFDFFFDFFFDFFFDFFFDFFF5E
:10D2E000DFFFDFFFDFFFDFFFDFFFDFFFDFFFDFFF4E
:10D2F000DFFFDFFFBF269F067F067F067F067F06D4
:10D300007F06EF7BEF7BDFFFDFFFDFFFDFFFDFFF6E
:10D31000DFFFDFFFDFFFDFFFDFFFDFFFDFFFDFFF1D
:10D32000DFFFDFFFDFFFDFFFBFDF9F069F067F0618
:10D330007F067F067F061645EF7B518CDFFFDFFF00
:10D34000DFFFDFFFDFFFDFFFDFFFDFFFDFFFDFFFED
:10D35000DFFFDFFFDFFFDFFFDFFFDFFFDFFFDFFFDD
:10D36000DFFFDFFFDFFFDFFFDFFFDFFFDFFFDFFFCD
:10D37000DFFFDFFFDFFFDFFFDFFFDFFFDFFFDFFFBD
:10D38000DFFFDFFFDFFFDFFFDFFFDFFFDFFFDFFFAD
:10D39000DFFFDFFFDFFFDFFFDFFFDFFFDFFFDFFF9D
:10D3A000DFFFDFFFDFFFDFFFDFFFDFFFDFFFDFFF8D
:10D3B000DFFFDFFFDFFFDFFFDFFFDFFFDFFFDFFF7D
:10D3C000DFFFDFFFDFFFDFFFDFFFDFFFDFFFDFFF6D
:10D3D000DFFFDFFFDFFFDFFFDFFFDFFFDFFFDFFF5D
:10D3E0003F063F061F061F061F061F061F06EF7B90
:10D3F000718CDFFFDFFFDFFFDFFFDFFFDFFFDFFF1E
:10D40000DFFFDFFFDFFFDFFFDFFFDFFFDFFFDFFF2C
:10D41000DFFFDFFFDFFFDFFFDFFFDFFFDFFFDFFF1C
:10D42000DFFF7F067F067F067F067F069F06D454B8
:10D43000EF7BEF7BDFFFDFFFDFFFDFFFDFFF9F061D
:10D440009F067F067F067F06EF7B9AD6DFFFDFFF12
:10D45000DFFFDFFFDFFFDFFFDFFFDFFFDFFFDFFFDC
:10D46000DFFFDFFFDFFFDFFFDFFFDFFFDFFFDFFFCC
:10D47000DFFFDFFFDFFFDFFFDFFFDFFFDFFFDFFFBC
:10D48000DFFFDFFFDFFFDFFFDFFFDFFFDFFFDFFFAC
:10D49000DFFF9F069F067F067F067F067F067F06CB
:10D4A000EF7BEF7BDFFFDFFFDFFFDFFFDFFFDFFF74
:10D4B000DFFFDFFFDFFFDFFFDFFFDFFFDFFFDFFF7C
:10D4C000DFFFDFFFDFFF1F6F9F069F067F067F06E0
:10D4D0007F067F063174EF7B96B5DFFFDFFFDFFF4E
:10D4E000DFFFDFFFDFFFDFFFDFFFDFFFDFFFDFFF4C
:10D4F000DFFFDFFFDFFFDFFFDFFFDFFFDFFFDFFF3C
:10D50000DFFFDFFFDFFFDFFFDFFFDFFFDFFFDFFF2B
:10D51000DFFFDFFFDFFFDFFFDFFFDFFFDFFFDFFF1B
:10D52000DFFFDFFFDFFFDFFFDFFFDFFFDFFFDFFF0B
:10D53000DFFFDFFFDFFFDFFFDFFFDFFFDFFFDFFFFB
:10D54000DFFFDFFFDFFFDFFFDFFFDFFFDFFFDFFFEB
:10D55000DFFFDFFFDFFFDFFFDFFFDFFFDFFFDFFFDB
:10D56000DFFFDFFFDFFFDFFFDFFFDFFFDFFFDFFFCB
:10D57000DFFFDFFFDFFFDFFFDFFFDFFFBFEF3F0684
:10D580003F061F061F061F061F061F06EF7B14A57A
:10D59000DFFFDFFFDFFFDFFFDFFFDFFFDFFFDFFF9B
:10D5A000DFFFDFFFDFFFDFFFDFFFDFFFDFFFDFFF8B
:10D5B000DFFFDFFFDFFFDFFFDFFFDFFFDFFFDFFF7B
:10D5C0007F067F067F067F067F069F06EF7BEF7B49
:10D5D00075ADDFFFDFFFDFFFDFFF7FB77F067F0671
:10D5E0007F067F067F06EF7B75ADDFFFDFFFDFFF86
:10D5F000DFFFDFFFDFFFDFFFDFFFDFFFDFFFDFFF3B
:10D60000DFFFDFFFDFFFDFFFDFFFDFFFDFFFDFFF2A
:10D61000DFFFDFFFDFFFDFFFDFFFDFFFDFFFDFFF1A
:10D62000DFFFDFFFDFFFDFFFDFFFDFFFDFFFDFFF0A
:10D630009F069F067F067F067F067F067F06EF7B9D
:10D64000EF7BDFFFDFFFDFFFDFFFDFFFDFFFDFFF5E
:10D65000DFFFDFFFDFFFDFFFDFFFDFFFDFFFDFFFDA
:10D66000DFFFDFFF9F0E9F069F067F067F069F0658
:10D670009F06EF7BEF7BDBDEDFFFDFFFDFFFDFFF00
:10D68000DFFFDFFFDFFFDFFFDFFFDFFFDFFFDFFFAA
:10D69000DFFFDFFFDFFFDFFFDFFFDFFFDFFFDFFF9A
:10D6A000DFFFDFFFDFFFDFFFDFFFDFFFDFFFDFFF8A
:10D6B000DFFFDFFFDFFFDFFFDFFFDFFFDFFFDFFF7A
:10D6C000DFFFDFFFDFFFDFFFDFFFDFFFDFFFDFFF6A
:10D6D000DFFFDFFFDFFFDFFFDFFFDFFFDFFFDFFF5A
:10D6E000DFFFDFFFDFFFDFFFDFFFDFFFDFFFDFFF4A
:10D6F000DFFFDFFFDFFFDFFFDFFFDFFFDFFFDFFF3A
:10D70000DFFFDFFFDFFFDFFFDFFFDFFFDFFFDFFF29
:10D71000DFFFDFFFDFFFDFFFDFFFBF561F061F0654
:10D720001F061F063F063F061F06EF7B18C6DFFFDA
:10D73000DFFFDFFFDFFFDFFFDFFFDFFFDFFFDFFFF9
:10D74000DFFFDFFFDFFFDFFFDFFFDFFFDFFFDFFFE9
:10D75000DFFFDFFFDFFFDFFFDFFFDFFFDFFF7F0632
:10D760007F067F067F067F069F06EF7BEF7B9EF797
:10D77000DFFFDFFFDFFFDFFFFF5E7F067F067F0645
:10D780007F067F063174718CDFFFDFFFDFFFDFFF75
:10D79000DFFFDFFFDFFFDFFFDFFFDFFFDFFFDFFF99
:10D7A000DFFFDFFFDFFFDFFFDFFFDFFFDFFFDFFF89
:10D7B000DFFFDFFFDFFFDFFFDFFFDFFFDFFFDFFF79
:10D7C000DFFFDFFFDFFFDFFFDFFFDFFF5F9F7F06A2
:10D7D0007F067F067F069F069F063E16EF7BEF7B48
:10D7E000DFFFDFFFDFFFDFFFDFFFDFFFDFFFDFFF49
:10D7F000DFFFDFFFDFFFDFFFDFFFDFFFDFFFDFFF39
:10D80000DFFF7F067F067F067F067F069F069F0657
:10D81000EF7B9294DFFFDFFFDFFFDFFFDFFFDFFF44
:10D82000DFFFDFFFDFFFDFFFDFFFDFFFDFFFDFFF08
:10D83000DFFFDFFFDFFFDFFFDFFFDFFFDFFFDFFFF8
:10D84000DFFFDFFFDFFFDFFFDFFFDFFFDFFFDFFFE8
:10D85000DFFFDFFFDFFFDFFFDFFFDFFFDFFFDFFFD8
:10D86000DFFFDFFFDFFFDFFFDFFFDFFFDFFFDFFFC8
:10D87000DFFFDFFFDFFFDFFFDFFFDFFFDFFFDFFFB8
:10D88000DFFFDFFFDFFFDFFFDFFFDFFFDFFFDFFFA8
:10D89000DFFFDFFFDFFFDFFFDFFFDFFFDFFFDFFF98
:10D8A000DFFFDFFFDFFFDFFFDFFFDFFFDFFFDFFF88
:10D8B000DFFFDFFFDFFFDFFF3F0E1F061F061F0634
:10D8C0001F063F063F06BC1DEF7B9AD6DFFFDFFF3A
:10D8D000DFFFDFFFDFFFDFFFDFFFDFFFDFFFDFFF58
:10D8E000DFFFDFFFDFFFDFFFDFFFDFFFDFFFDFFF48
:10D8F000DFFFDFFFDFFFDFFFDFFFBFDF7F067F062A
:10D900007F067F067F069F06EF7BEF7BDFFFDFFF53
:10D91000DFFFDFFFDFFFBF267F067F067F067F0674
:10D920007F06526C1084DFFFDFFFDFFFDFFFDFFFCA
:10D93000DFFFDFFFDFFFDFFFDFFFDFFFDFFFDFFFF7
:10D94000DFFFDFFFDFFFDFFFDFFFDFFFDFFFDFFFE7
:10D95000DFFFDFFFDFFFDFFFDFFFDFFFDFFFDFFFD7
:10D96000DFFFDFFFDFFFDFFFDFFFFF4E7F067F060A
:10D970007F067F069F069F06DB25EF7BEF7BDFFFA1
:10D98000DFFFDFFFDFFFDFFFDFFFDFFFDFFFDFFFA7
:10D99000DFFFDFFFDFFFDFFFDFFFDFFFDFFFDFFF97
:10D9A0007F067F067F067F067F069F063D16EF7B7C
:10D9B000B6B5DFFFDFFFDFFFDFFFDFFFDFFFDFFFEA
:10D9C000DFFFDFFFDFFFDFFFDFFFDFFFDFFFDFFF67
:10D9D000DFFFDFFFDFFFDFFFDFFFDFFFDFFFDFFF57
:10D9E000DFFFDFFFDFFFDFFFDFFFDFFFDFFFDFFF47
:10D9F000DFFFDFFFDFFFDFFFDFFFDFFFDFFFDFFF37
:10DA0000DFFFDFFFDFFFDFFFDFFFDFFFDFFFDFFF26
:10DA1000DFFFDFFFDFFFDFFFDFFFDFFFDFFFDFFF16
:10DA2000DFFFDFFFDFFFDFFFDFFFDFFFDFFFDFFF06
:10DA3000DFFFDFFFDFFFDFFFDFFFDFFFDFFFDFFFF6
:10DA4000DFFFDFFFDFFFDFFFDFFFDFFFDFFFDFFFE6
:10DA5000DFFFDFFFDFFF3F061F061F061F061F0653
:10DA60003F063F06D64CEF7BDFFFDFFFDFFFDFFF28
:10DA7000DFFFDFFFDFFFDFFFDFFFDFFFDFFFDFFFB6
:10DA8000DFFFDFFFDFFFDFFFDFFFDFFFDFFFDFFFA6
:10DA9000DFFFDFFFDFFFDFFF3F8F7F067F067F06B1
:10DAA0007F067F065E0EEF7BEF7BDFFFDFFFDFFF92
:10DAB000DFFFDFFF9F067F067F067F067F067F066C
:10DAC0001074EF7BDFFFDFFFDFFFDFFFDFFFDFFF34
:10DAD000DFFFDFFFDFFFDFFFDFFFDFFFDFFFDFFF56
:10DAE000DFFFDFFFDFFFDFFFDFFFDFFFDFFFDFFF46
:10DAF000DFFFDFFFDFFFDFFFDFFFDFFFDFFFDFFF36
:10DB0000DFFFDFFFDFFFDFFF9F067F067F067F0669
:10DB10007F069F069F06F64CEF7B718CDFFFDFFFD1
:10DB2000DFFFDFFFDFFFDFFFDFFFDFFFDFFFDFFF05
:10DB3000DFFFDFFFDFFFDFFFDFFFDFFFDFF77F0656
:10DB40007F067F067F067F069F063745EF7B7DEFCA
:10DB5000DFFFDFFFDFFFDFFFDFFFDFFFDFFFDFFFD5
:10DB6000DFFFDFFFDFFFDFFFDFFFDFFFDFFFDFFFC5
:10DB7000DFFFDFFFDFFFDFFFDFFFDFFFDFFFDFFFB5
:10DB8000DFFFDFFFDFFFDFFFDFFFDFFFDFFFDFFFA5
:10DB9000DFFFDFFFDFFFDFFFDFFFDFFFDFFFDFFF95
:10DBA000DFFFDFFFDFFFDFFFDFFFDFFFDFFFDFFF85
:10DBB000DFFFDFFFDFFFDFFFDFFFDFFFDFFFDFFF75
:10DBC000DFFFDFFFDFFFDFFFDFFFDFFFDFFFDFFF65
:10DBD000DFFFDFFFDFFFDFFFDFFFDFFFDFFFDFFF55
:10DBE000DFFFDFFFDFFFDFFFDFFFDFFFDFFFDFFF45
:10DBF000DFFFBFEF3F061F061F061F061F063F067B
:10DC00003F06EF7BEF7BDFFFDFFFDFFFDFFFDFFFA5
:10DC1000DFFFDFFFDFFFDFFFDFFFDFFFDFFFDFFF14
:10DC2000DFFFDFFFDFFFDFFFDFFFDFFFDFFFDFFF04
:10DC3000DFFFDFFFDFFFDF3E7F067F067F067F0619
:10DC40007F061745EF7BEF7BDFFFDFFFDFFFDFFFA7
:10DC5000DFFF9F067F067F067F067F067F06EF7B3E
:10DC6000EF7BDFFFDFFFDFFFDFFFDFFFDFFFDFFF38
:10DC7000DFFFDFFFDFFFDFFFDFFFDFFFDFFFDFFFB4
:10DC8000DFFFDFFFDFFFDFFFDFFFDFFFDFFFDFFFA4
:10DC9000DFFFDFFFDFFFDFFFDFFFDFFFDFFFDFFF94
:10DCA000DFFFDFFFDFFF9F067F067F067F067F0621
:10DCB0009F069F06107CEF7B96B5DFFFDFFFDFFF3F
:10DCC000DFFFDFFFDFFFDFFFDFFFDFFFDFFFDFFF64
:10DCD000DFFFDFFFDFFFDFFFDFFF5FA77F067F06DE
:10DCE0007F067F067F069F06316CEF7BDFFFDFFF3D
:10DCF000DFFFDFFFDFFFDFFFDFFFDFFFDFFFDFFF34
:10DD0000DFFFDFFFDFFFDFFFDFFFDFFFDFFFDFFF23
:10DD1000DFFFDFFFDFFFDFFFDFFFDFFFDFFFDFFF13
:10DD2000DFFFDFFFDFFFDFFFDFFFDFFFDFFFDFFF03
:10DD3000DFFFDFFFDFFFDFFFDFFFDFFFDFFFDFFFF3
:10DD4000DFFFDFFFDFFFDFFFDFFFDFFFDFFFDFFFE3
:10DD5000DFFFDFFFDFFFDFFFDFFFDFFFDFFFDFFFD3
:10DD6000DFFFDFFFDFFFDFFFDFFFDFFFDFFFDFFFC3
:10DD7000DFFFDFFFDFFFDFFFDFFFDFFFDFFFDFFFB3
:10DD8000DFFFDFFFDFFFDFFFDFFFDFFFDFFFDFFFA3
:10DD9000DF6E3F061F061F061F061F063F063F06D3
:10DDA000EF7BEF7BDFFFDFFFDFFFDFFFDFFFDFFF6B
:10DDB000DFFFDFFFDFFFDFFFDFFFDFFFDFFFDFFF73
:10DDC000DFFFDFFFDFFFDFFFDFFFDFFFDFFFDFFF63
:10DDD000DFFFDFF79F067F067F067F067F067F0651
:10DDE000F07BEF7B34A5DFFFDFFFDFFFDFFF7FBFCF
:10DDF0009F067F067F067F067F067F06EF7B1084E7
:10DE0000DFFFDFFFDFFFDFFFDFFFDFFFDFFFDFFF22
:10DE1000DFFFDFFFDFFFDFFFDFFFDFFFDFFFDFFF12
:10DE2000DFFFDFFFDFFFDFFFDFFFDFFFDFFFDFFF02
:10DE3000DFFFDFFFDFFFDFFFDFFFDFFFDFFFDFFFF2
:10DE4000DFFF5F979F067F067F067F067F069F06A0
:10DE50009F06EF7BEF7B1CE7DFFFDFFFDFFFDFFFCE
:10DE6000DFFFDFFFDFFFDFFFDFFFDFFFDFFFDFFFC2
:10DE7000DFFFDFFFDFFFDFFFDF467F067F067F0676
:10DE80007F067F069F06EF7BEF7BDFFFDFFFDFFF75
:10DE9000DFFFDFFFDFFFDFFFDFFFDFFFDFFFDFFF92
:10DEA000DFFFDFFFDFFFDFFFDFFFDFFFDFFFDFFF82
:10DEB000DFFFDFFFDFFFDFFFDFFFDFFFDFFFDFFF72
:10DEC000DFFFDFFFDFFFDFFFDFFFDFFFDFFFDFFF62
:10DED000DFFFDFFFDFFFDFFFDFFFDFFFDFFFDFFF52
:10DEE000DFFFDFFFDFFFDFFFDFFFDFFFDFFFDFFF42
:10DEF000DFFFDFFFDFFFDFFFDFFFDFFFDFFFDFFF32
:10DF0000DFFFDFFFDFFFDFFFDFFFDFFFDFFFDFFF21
:10DF1000DFFFDFFFDFFFDFFFDFFFDFFFDFFFDFFF11
:10DF2000DFFFDFFFDFFFDFFFDFFFDFFFDFFF5F1E62
:10DF30003F061F061F061F061F063F063F06EF7B14
:10DF40003084DFFFDFFFDFFFDFFFDFFFDFFFDFFF0B
:10DF5000DFFFDFFFDFFFDFFFDFFFDFFFDFFFDFFFD1
:10DF6000DFFFDFFFDFFFDFFFDFFFDFFFDFFFDFFFC1
:10DF70009FD79F067F067F067F067F067F06EF7B83
:10DF8000EF7B18C6DFFFDFFFDFFFDFFF3F7F9F066E
:10DF90007F067F067F067F067F06EF7B518CDFFFC3
:10DFA000DFFFDFFFDFFFDFFFDFFFDFFFDFFFDFFF81
:10DFB000DFFFDFFFDFFFDFFFDFFFDFFFDFFFDFFF71
:10DFC000DFFFDFFFDFFFDFFFDFFFDFFFDFFFDFFF61
:10DFD000DFFFDFFFDFFFDFFFDFFFDFFFDFFFDFFF51
:10DFE000FF569F067F067F067F067F069F069F06D9
:10DFF000EF7B1084BEF7DFFFDFFFDFFFDFFFDFFF18
:10E00000DFFFDFFFDFFFDFFFDFFFDFFFDFFFDFFF20
:10E01000DFFFDFFFDFFF9F167F067F067F067F069D
:10E020007F069F06EF7BEF7BDFFFDFFFDFFFDFFF7A
:10E03000DFFFDFFFDFFFDFFFDFFFDFFFDFFFDFFFF0
:10E04000DFFFDFFFDFFFDFFFDFFFDFFFDFFFDFFFE0
:10E05000DFFFDFFFDFFFDFFFDFFFDFFFDFFFDFFFD0
:10E06000DFFFDFFFDFFFDFFFDFFFDFFFDFFFDFFFC0
:10E07000DFFFDFFFDFFFDFFFDFFFDFFFDFFFDFFFB0
:10E08000DFFFDFFFDFFFDFFFDFFFDFFFDFFFDFFFA0
:10E09000DFFFDFFFDFFFDFFFDFFFDFFFDFFFDFFF90
:10E0A000DFFFDFFFDFFFDFFFDFFFDFFFDFFFDFFF80
:10E0B000DFFFDFFFDFFFDFFFDFFFDFFFDFFFDFFF70
:10E0C000DFFFDFFFDFFFDFFFDFFFFF7E3F063F06F3
:10E0D0001F061F061F061F063F065A2DEF7B18C698
:10E0E000DFFFDFFFDFFFDFFFDFFFDFFFDFFFDFFF40
:10E0F000DFFFDFFFDFFFDFFFDFFFDFFFDFFFDFFF30
:10E10000DFFFDFFFDFFFDFFFDFFFDFFFDFFF5F9707
:10E110009F067F067F067F067F067F06EF7B1084C3
:10E12000BEF7DFFFDFFFDFFFDFFF9F069F067F06F3
:10E130007F067F067F067F06EF7B34A5DFFFDFFFCC
:10E14000DFFFDFFFDFFFDFFFDFFFDFFFDFFFDFFFDF
:10E15000DFFFDFFFDFFFDFFFDFFFDFFFDFFFDFFFCF
:10E16000DFFFDFFFDFFFDFFFDFFFDFFFDFFFDFFFBF
:10E17000DFFFDFFFDFFFDFFFDFFFDFFFDFFF9F06E8
:10E180009F067F067F067F067F069F061D16EF7B94
:10E19000B6B5DFFFDFFFDFFFDFFFDFFFDFFFDFFF02
:10E1A000DFFFDFFFDFFFDFFFDFFFDFFFDFFFDFFF7F
:10E1B000DFFFDFFF9F067F067F067F067F067F0665
:10E1C0009F06EF7BB294DFFFDFFFDFFFDFFFDFFFA4
:10E1D000DFFFDFFFDFFFDFFFDFFFDFFFDFFFDFFF4F
:10E1E000DFFFDFFFDFFFDFFFDFFFDFFFDFFFDFFF3F
:10E1F000DFFFDFFFDFFFDFFFDFFFDFFFDFFFDFFF2F
:10E20000DFFFDFFFDFFFDFFFDFFFDFFFDFFFDFFF1E
:10E21000DFFFDFFFDFFFDFFFDFFFDFFFDFFFDFFF0E
:10E22000DFFFDFFFDFFFDFFFDFFFDFFFDFFFDFFFFE
:10E23000DFFFDFFFDFFFDFFFDFFFDFFFDFFFDFFFEE
:10E24000DFFFDFFFDFFFDFFFDFFFDFFFDFFFDFFFDE
:10E25000DFFFDFFFDFFFDFFFDFFFDFFFDFFFDFFFCE
:10E26000DFFFDFFFDFFFDFFF1F061F061F061F06A2
:10E270001F061F061F061F061074EF7BDFFFDFFF60
:10E28000DFFFDFFFDFFFDFFFDFFFDFFFDFFFDFFF9E
:10E29000DFFFDFFFDFFFDFFFDFFFDFFFDFFFDFFF8E
:10E2A000DFFFDFFFDFFFDFFFDFFFDFFFFF569F0640
:10E2B0007F067F069F069F065E0EEF7BD7BDDFFFC2
:10E2C000DFFFDFFFDFFFDFFF9F069F067F067F0682
:10E2D0009F069F067F06EF7B18C6DFFFDFFFDFFF8D
:10E2E000DFFFDFFFDFFFDFFFDFFFDFFFDFFFDFFF3E
:10E2F000DFFFDFFFDFFFDFFFDFFFDFFFDFFFDFFF2E
:10E30000DFFFDFFFDFFFDFFFDFFFDFFFDFFFDFFF1D
:10E31000DFFFDFFFDFFFDFFFDFFFDFFF9F069F067F
:10E320007F067F067F067F069F06B45CEF7B7DEF4E
:10E33000DFFFDFFFDFFFDFFFDFFFDFFFDFFFDFFFED
:10E34000DFFFDFFFDFFFDFFFDFFFDFFFDFFFDFFFDD
:10E35000DFFF9F067F067F067F067F067F069F06FC
:10E36000BA2D7E261F6F7FBFDFFFDFFFDFFFDFFFDE
:10E37000DFFFDFFFDFFFDFFFDFFFDFFFDFFFDFFFAD
:10E38000DFFFDFFFDFFFDFFFDFFFDFFFDFFFDFFF9D
:10E39000DFFFDFFFDFFFDFFFDFFFDFFFDFFFDFFF8D
:10E3A000DFFFDFFFDFFFDFFFDFFFDFFFDFFFDFFF7D
:10E3B000DFFFDFFFDFFFDFFFDFFFDFFFDFFFDFFF6D
:10E3C000DFFFDFFFDFFFDFFFDFFFDFFFDFFFDFFF5D
:10E3D000DFFFDFFFDFFFDFFFDFFFDFFFDFFFDFFF4D
:10E3E000DFFFDFFFDFFFDFFFDFFFDFFFDFFFDFFF3D
:10E3F000DFFFDFFFDFFFDFFFDFFFDFFFDFFFDFFF2D
:10E40000DFFFDFFFDFFF1F061F061F061F061F06B9
:10E410001F061F06F744EF7BEF7BDFFFDFFFDFFF09
:10E42000DFFFDFFFDFFFDFFFDFFFDFFFDFFFDFFFFC
:10E43000DFFFDFFFDFFFDFFFDFFFDFFFDFFFDFFFEC
:10E44000DFFFDFFFDFFFDFFFDFFFBF169F067F0677
:10E450007F069F069F06583DEF7B7DEFDFFFDFFFC6
:10E46000DFFFDFFF9FBF7F067F067F067F069F06D9
:10E470009F06BA25EF7B3CE7DFFFDFFFDFFFDFFF13
:10E48000DFFFDFFFDFFFDFFFDFFFDFFFDFFFDFFF9C
:10E49000DFFFDFFFDFFFDFFFDFFFDFFFDFFFDFFF8C
:10E4A000DFFFDFFFDFFFDFFFDFFFDFFFDFFFDFFF7C
:10E4B000DFFFDFFFDFFFDFFF3F7F7F067F067F0697
:10E4C0007F067F067F06DB25EF7BEF7BDFFFDFFF2D
:10E4D000DFFFDFFFDFFFDFFFDFFFDFFFDFFFDFFF4C
:10E4E000DFFFDFFFDFFFDFFFDFFFDFFFDFFFDFFF3C
:10E4F0009F067F067F067F067F067F067F067F06D4
:10E500007F067F067F069F06DFFFDFFFDFFFDFFF5F
:10E51000DFFFDFFFDFFFDFFFDFFFDFFFDFFFDFFF0B
:10E52000DFFFDFFFDFFFDFFFDFFFDFFFDFFFDFFFFB
:10E53000DFFFDFFFDFFFDFFFDFFFDFFFDFFFDFFFEB
:10E54000DFFFDFFFDFFFDFFFDFFFDFFFDFFFDFFFDB
:10E55000DFFFDFFFDFFFDFFFDFFFDFFFDFFFDFFFCB
:10E56000DFFFDFFFDFFFDFFFDFFFDFFFDFFFDFFFBB
:10E57000DFFFDFFFDFFFDFFFDFFFDFFFDFFFDFFFAB
:10E58000DFFFDFFFDFFFDFFFDFFFDFFFDFFFDFFF9B
:10E59000DFFFDFFFDFFFDFFFDFFFDFFFDFFFDFFF8B
:10E5A000DFFF7FBF1F061F061F061F061F061F0671
:10E5B0001F06526CEF7BEF7BDFFFDFFFDFFFDFFF2C
:10E5C000DFFFDFFFDFFFDFFFDFFFDFFFDFFFDFFF5B
:10E5D000DFFFDFFFDFFFDFFFDFFFDFFFDFFFDFFF4B
:10E5E000DFFFDFFFDFFFDFFF9F069F067F067F065F
:10E5F0009F069F06D454EF7BDFFFDFFFDFFFDFFFC7
:10E60000DFFF1F6F7F067F067F067F069F069F0640
:10E61000583DEF7BBEF7DFFFDFFFDFFFDFFFDFFFF0
:10E62000DFFFDFFFDFFFDFFFDFFFDFFFDFFFDFFFFA
:10E63000DFFFDFFFDFFFDFFFDFFFDFFFDFFFDFFFEA
:10E64000DFFFDFFFDFFFDFFFDFFFDFFFDFFFDFFFDA
:10E65000DFFFDFFFDFFFBF267F067F067F067F0627
:10E660007F067F06164DEF7BEF7BDFFFDFFFDFFFCF
:10E67000DFFFDFFFDFFFDFFFDFFFDFFFDFFFDFFFAA
:10E68000DFFFDFFFDFFFDFFFDFFFDFFFBFDF9F0613
:10E690007F067F067F067F067F067F067F067F0652
:10E6A0007F067F069F06FF56DFFFDFFFDFFFDFFFEE
:10E6B000DFFFDFFFDFFFDFFFDFFFDFFFDFFFDFFF6A
:10E6C000DFFFDFFFDFFFDFFFDFFFDFFFDFFFDFFF5A
:10E6D000DFFFDFFFDFFFDFFFDFFFDFFFDFFFDFFF4A
:10E6E000DFFFDFFFDFFFDFFFDFFFDFFFDFFFDFFF3A
:10E6F000DFFFDFFFDFFFDFFFDFFFDFFFDFFFDFFF2A
:10E70000DFFFDFFFDFFFDFFFDFFFDFFFDFFFDFFF19
:10E71000DFFFDFFFDFFFDFFFDFFFDFFFDFFFDFFF09
:10E72000DFFFDFFFDFFFDFFFDFFFDFFFDFFFDFFFF9
:10E73000DFFFDFFFDFFFDFFFDFFFDFFFDFFFDFFFE9
:10E740003F0E1F061F061F061F061F063F063F0639
:10E75000EF7BEF7BF7BDDFFFDFFFDFFFDFFFDFFFDB
:10E76000DFFFDFFFDFFFDFFFDFFFDFFFDFFFDFFFB9
:10E77000DFFFDFFFDFFFDFFFDFFFDFFFDFFFDFFFA9
:10E78000DFFFDFFFDFFF9F069F067F067F069F06F6
:10E790009F06EF7BEF7BDFFFDFFFDFFFDFFF9FC722
:10E7A0009F067F067F067F067F069F069F06526CA8
:10E7B000EF7BDFFFDFFFDFFFDFFFDFFFDFFFDFFFDD
:10E7C000DFFFDFFFDFFFDFFFDFFFDFFFDFFFDFFF59
:10E7D000DFFFDFFFDFFFDFFFDFFFDFFFDFFFDFFF49
:10E7E000DFFFDFFFDFFFDFFFDFFFDFFFDFFFDFFF39
:10E7F000DFFF1F779F067F067F067F067F069F0647
:10E800009F06EF7BEF7B14A5DFFFDFFFDFFFDFFF5E
:10E81000DFFFDFFFDFFFDFFFDFFFDFFFDFFFDFFF08
:10E82000DFFFDFFFDFFFDFFFDFFF5F9F9F067F066A
:10E830007F067F067F067F067F067F067F067F06B0
:10E840007F067F067F063B56DFFFDFFFDFFFDFFF30
:10E85000DFFFDFFFDFFFDFFFDFFFDFFFDFFFDFFFC8
:10E86000DFFFDFFFDFFFDFFFDFFFDFFFDFFFDFFFB8
:10E87000DFFFDFFFDFFFDFFFDFFFDFFFDFFFDFFFA8
:10E88000DFFFDFFFDFFFDFFFDFFFDFFFDFFFDFFF98
:10E89000DFFFDFFFDFFFDFFFDFFFDFFFDFFFDFFF88
:10E8A000DFFFDFFFDFFFDFFFDFFFDFFFDFFFDFFF78
:10E8B000DFFFDFFFDFFFDFFFDFFFDFFFDFFFDFFF68
:10E8C000DFFFDFFFDFFFDFFFDFFFDFFFDFFFDFFF58
:10E8D000DFFFDFFFDFFFDFFFDFFFDFFFDFFF3F06E1
:10E8E0001F061F061F061F061F063F06FE0DEF7BB5
:10E8F000EF7BDFFFDFFFDFFFDFFFDFFFDFFFDFFF9C
:10E90000DFFFDFFFDFFFDFFFDFFFDFFFDFFFDFFF17
:10E91000DFFFDFFFDFFFDFFFDFFFDFFFDFFFDFFF07
:10E92000DFFFDFFF9F069F067F067F069F069F068D
:10E93000EF7BEF7BDFFFDFFFDFFFDFFFBF269F0601
:10E940007F067F067F067F069F069AD6F49C484284
:10E95000894A28428A4ACB52C310E318E7398E739A
:10E960008E73D49C7ACEDFFFDFFFDFFFDFFFDFFF98
:10E97000DFFFDFFFDFFFDFFFDFFFDFFFDFFFDFFFA7
:10E98000DFFFDFFFDFFFDFFFDFFFDFFFDFFFDFFF97
:10E990009F069F067F067F067F067F069F069F06CF
:10E9A000EF7BEF7B5DEFDFFFDFFFDFFFDFFFDFFFF1
:10E9B000DFFFDFFFDFFFDFFFDFFFDFFFDFFFDFFF67
:10E9C000DFFFDFFFDFFFDFFF1F679F067F067F069A
:10E9D0007F067F067F067F067F067F067F067F060F
:10E9E0007F067F069F065F0EDFFFDFFFDFFFDFFF93
:10E9F000DFFFDFFFDFFFDFFFDFFFDFFFDFFFDFFF27
:10EA0000DFFFDFFFDFFFDFFFDFFFDFFFDFFFDFFF16
:10EA1000DFFFDFFFDFFFDFFFDFFFDFFFDFFFDFFF06
:10EA2000DFFFDFFFDFFFDFFFDFFFDFFFDFFFDFFFF6
:10EA3000DFFFDFFFDFFFDFFFDFFFDFFFDFFFDFFFE6
:10EA4000DFFFDFFFDFFFDFFFDFFFDFFFDFFFDFFFD6
:10EA5000DFFFDFFFDFFFDFFFDFFFDFFFDFFFDFFFC6
:10EA6000DFFFDFFFDFFFDFFFDFFFDFFFDFFFDFFFB6
:10EA7000DFFFDFFFDFFFDFFFDFFF9FDF3F061F0658
:10EA80001F061F061F061F063F06173DEF7BEF7B85
:10EA9000DFFFDFFFDFFFDFFFDFFFDFFFDFFFDFFF86
:10EAA000DFFFDFFFDFFFDFFFDFFFDFFFDFFFDFFF76
:10EAB000DFFFDFFFDFFFDFFFDFFFDFFFDFFFDFFF66
:10EAC000DFFF9F069F067F067F069F069F06EF7B60
:10EAD0003084DFFFDFFFDFFFDFFF9F069F067F063B
:10EAE0007F067F067ACEAF7345292D63518C99CE70
:10EAF000DFFFF7BDDFFFF8BD54ADB6B596B51084A6
:10EB000011848A5276ADDFFFDFFFDFFFDFFFDFFF1B
:10EB1000DFFFDFFFDFFFDFFFDFFFDFFFDFFFDFFF05
:10EB2000DFFFDFFFDFFFDFFFDFFFDFFFDFFF9F062E
:10EB30009F067F067F067F067F069F063D16EF7BBA
:10EB4000EF7BDFFFDFFFDFFFDFFFDFFFDFFFDFFF49
:10EB5000DFFFDFFFDFFFDFFFDFFFDFFFDFFFDFFFC5
:10EB6000DFFFDFFFDFFFFF469F067F067F067F0692
:10EB70007F067F067F067F067F067F067F067F066D
:10EB80007F069F069F06B6B5DFFFDFFFDFFFDFFFD3
:10EB9000DFFFDFFFDFFFDFFFDFFFDFFFDFFFDFFF85
:10EBA000DFFFDFFFDFFFDFFFDFFFDFFFDFFFDFFF75
:10EBB000DFFFDFFFDFFFDFFFDFFFDFFFDFFFDFFF65
:10EBC000DFFFDFFFDFFFDFFFDFFFDFFFDFFFDFFF55
:10EBD000DFFFDFFFDFFFDFFFDFFFDFFFDFFFDFFF45
:10EBE000DFFFDFFFDFFFDFFFDFFFDFFFDFFFDFFF35
:10EBF000DFFFDFFFDFFFDFFFDFFFDFFFDFFFDFFF25
:10EC0000DFFFDFFFDFFFDFFFDFFFDFFFDFFFDFFF14
:10EC1000DFFFDFFFDFFFDFFF5F1E3F061F061F0670
:10EC20001F061F061F063F06EF7BEF7B518CDFFFA1
:10EC3000DFFFDFFFDFFFDFFFDFFFDFFFDFFFDFFFE4
:10EC4000DFFFDFFFDFFFDFFFDFFFDFFFDFFFDFFFD4
:10EC5000DFFFDFFFDFFFDFFFDFFFDFFFDFFFDFFFC4
:10EC60009F069F067F067F069F069F06EF7B75AD7A
:10EC7000DFFFDFFFDFFFDFFF9F069F067F062842E3
:10EC80006E6B1084928CEC5A8A52694A4D63B2942E
:10EC90008E6B8E6B29422842AA52A210CB5A59CEB3
:10ECA000DFFFDFFFCF7B4C6379CEDFFFDFFFDFFFCE
:10ECB000DFFFDFFFDFFFDFFFDFFFDFFFDFFFDFFF64
:10ECC000DFFFDFFFDFFFDFFFDFFF3F8F9F069F06D6
:10ECD0007F067F067F067F069F067364EF7BEF7BD0
:10ECE000DFFFDFFFDFFFDFFFDFFFDFFFDFFFDFFF34
:10ECF000DFFFDFFFDFFFDFFFDFFFDFFFDFFFDFFF24
:10ED0000DFFFDFFFBF269F067F067F067F067F06A9
:10ED10007F067F067F067F067F067F067F067F06CB
:10ED20007F067F063E0E7DEFDFFFDFFFDFFFDFFFA9
:10ED3000DFFFDFFFDFFFDFFFDFFFDFFFDFFFDFFFE3
:10ED4000DFFFDFFFDFFFDFFFDFFFDFFFDFFFDFFFD3
:10ED5000DFFFDFFFDFFFDFFFDFFFDFFFDFFFDFFFC3
:10ED6000DFFFDFFFDFFFDFFFDFFFDFFFDFFFDFFFB3
:10ED7000DFFFDFFFDFFFDFFFDFFFDFFFDFFFDFFFA3
:10ED8000DFFFDFFFDFFFDFFFDFFFDFFFDFFFDFFF93
:10ED9000DFFFDFFFDFFFDFFFDFFFDFFFDFFFDFFF83
:10EDA000DFFFDFFFDFFFDFFFDFFFDFFFDFFFDFFF73
:10EDB000DFFFDFFFDFFF1F061F061F061F061F0600
:10EDC0001F061F06DD15EF7B10847DEFDFFFDFFFE1
:10EDD000DFFFDFFFDFFFDFFFDFFFDFFFDFFFDFFF43
:10EDE000DFFFDFFFDFFFDFFFDFFFDFFFDFFFDFFF33
:10EDF000DFFFDFFFDFFFDFFFDFFFDFFFDFFF9F065C
:10EE00009F067F067F069F063D16EF7B9AD6DFFFA3
:10EE1000DFFFDFFF1F672842E31830847F066108A9
:10EE200000000000084292940C5B04212942E8395A
:10EE30008A4A30844C6B4C63508CCF7BDFFF96B595
:10EE400024214429DFFFDFFF6529DFFFDFFFDFFF2C
:10EE5000DFFFDFFFDFFFDFFFDFFFDFFFDFFFDFFFC2
:10EE6000DFFFDFFFDFFFDFFF7F067F067F067F0616
:10EE70007F067F067F069F06EF7BEF7B96B5DFFF61
:10EE8000DFFFDFFFDFFFDFFFDFFFDFFFDFFFDFFF92
:10EE9000DFFFDFFFDFFFDFFFDFFFDFFFDFFFDFFF82
:10EEA000DFFFBF2E9F067F067F067F067F067F0659
:10EEB0007F067F069F0699357364EF7B726C793508
:10EEC0007F069F061074DFFFDFFFDFFFDFFFDFFF3E
:10EED000DFFFDFFFDFFFDFFFDFFFDFFFDFFFDFFF42
:10EEE000DFFFDFFFDFFFDFFFDFFFDFFFDFFFDFFF32
:10EEF000DFFFDFFFDFFFDFFFDFFFDFFFDFFFDFFF22
:10EF0000DFFFDFFFDFFFDFFFDFFFDFFFDFFFDFFF11
:10EF1000DFFFDFFFDFFFDFFFDFFFDFFFDFFFDFFF01
:10EF2000DFFFDFFFDFFFDFFFDFFFDFFFDFFFDFFFF1
:10EF3000DFFFDFFFDFFFDFFFDFFFDFFFDFFFDFFFE1
:10EF4000DFFFDFFFDFFFDFFFDFFFDFFFDFFFDFFFD1
:10EF5000DFFFFF6E1F061F061F061F061F061F0688
:10EF60001F06735CEF7B1CE7DFFFDFFFDFFFDFFFC8
:10EF7000DFFFDFFFDFFFDFFFDFFFDFFFDFFFDFFFA1
:10EF8000DFFFDFFFDFFFDFFFDFFFDFFFDFFFDFFF91
:10EF9000DFFFDFFFDFFFDFFFDFFFDFFF9F069F06F3
:10EFA0007F067F069F067935EF7BBEF7DFFFDFFF29
:10EFB000DFFF4529B2949294AE73810800004000AF
:10EFC000810800002000000025216A4AE839A631A6
:10EFD0002421718C99D6DFFFDFFFDFFF7AD634A5BD
:10EFE0008D73CA5A2C63DFFF2C6375ADAE73DFFFE0
:10EFF000DFFFDFFFDFFFDFFFDFFFDFFFDFFFDFFF21
:10F00000DFFFDFFFBFEF7F067F067F067F067F06FD
:10F010007F067F06583DEF7BB294DFFFDFFFDFFF07
:10F02000DFFFDFFFDFFFDFFFDFFFDFFFDFFFDFFFF0
:10F03000DFFFDFFFDFFFDFFFDFFFDFFFDFFFDFFFE0
:10F040005F979F067F067F067F067F067F069F06E7
:10F050009F061074EF7BEF7BEF7B1084EF7BEF7BE1
:10F060009F067F0618C6DFFFDFFFDFFFDFFFDFFF42
:10F07000DFFFDFFFDFFFDFFFDFFFDFFFDFFFDFFFA0
:10F08000DFFFDFFFDFFFDFFFDFFFDFFFDFFFDFFF90
:10F09000DFFFDFFFDFFFDFFFDFFFDFFFDFFFDFFF80
:10F0A000DFFFDFFFDFFFDFFFDFFFDFFFDFFFDFFF70
:10F0B000DFFFDFFFDFFFDFFFDFFFDFFFDFFFDFFF60
:10F0C000DFFFDFFFDFFFDFFFDFFFDFFFDFFFDFFF50
:10F0D000DFFFDFFFDFFFDFFFDFFFDFFFDFFFDFFF40
:10F0E000DFFFDFFFDFFFDFFFDFFFDFFFDFFFDFF738
:10F0F0003F161F061F061F061F061F063F06FE0DB2
:10F10000EF7BEF7BDFFFDFFFDFFFDFFFDFFFDFFFF7
:10F11000DFFFDFFFDFFFDFFFDFFFDFFFDFFFDFFFFF
:10F12000DFFFDFFFDFFFDFFFDFFFDFFFDFFFDFFFEF
:10F13000DFFFDFFFDFFFDFFFDFFF9F069F067F06AA
:10F140007F069F061745EF7BDFFFDFFFDFFF05210F
:10F15000D7BD4D6B8A520000000040000000000047
:10F1600041000000C7316E6B420825210C6399CE27
:10F17000DFFFDFFFDFFF18C6B2940C6314A5718CAC
:10F1800079CEDFFF6A4ADFFF9194EE7BCA5ADFFF38
:10F19000DFFFDFFFDFFFDFFFDFFFDFFFDFFFDFFF7F
:10F1A000DFFF5F8F7F067F067F067F067F067F0675
:10F1B0007F069364EF7B79CEDFFFDFFFDFFFDFFFAA
:10F1C000DFFFDFFFDFFFDFFFDFFFDFFFDFFFDFFF4F
:10F1D000DFFFDFFFDFFFDFFFDFFFDFFFDFFFBFE777
:10F1E0009F067F067F067F067F067F069F06DB253C
:10F1F000EF7BEF7BEF7B75ADDFFFBEF73CE79F0654
:10F200009F0630849EF7DFFFDFFFDFFFDFFFDFFFBA
:10F21000DFFFDFFFDFFFDFFFDFFFDFFFDFFFDFFFFE
:10F22000DFFFDFFFDFFFDFFFDFFFDFFFDFFFDFFFEE
:10F23000DFFFDFFFDFFFDFFFDFFFDFFFDFFFDFFFDE
:10F24000DFFFDFFFDFFFDFFFDFFFDFFFDFFFDFFFCE
:10F25000DFFFDFFFDFFFDFFFDFFFDFFFDFFFDFFFBE
:10F26000DFFFDFFFDFFFDFFFDFFFDFFFDFFFDFFFAE
:10F27000DFFFDFFFDFFFDFFFDFFFDFFFDFFFDFFF9E
:10F28000DFFFDFFFDFFFDFFFDFFFDFFF7F363F0650
:10F290001F061F061F061F061F063F067364EF7B2F
:10F2A000EF7BDFFFDFFFDFFFDFFFDFFFDFFFDFFFE2
:10F2B000DFFFDFFFDFFFDFFFDFFFDFFFDFFFDFFF5E
:10F2C000DFFFDFFFDFFFDFFFDFFFDFFFDFFFDFFF4E
:10F2D000DFFFDFFFDFFFDFFF9F069F067F067F0662
:10F2E0009F067364EF7BDFFF694A4E6B11844D63A9
:10F2F000200020002000A11020002000E318694A0F
:10F30000494200009394DFFFDFFFDFFFCA52000095
:10F31000400864290421EF7B2C63895228420000B5
:10F32000A1108E7386312000000058CEA2104842F2
:10F33000DFFFDFFFDFFFDFFFDFFFDFFFDFFFDFFFDD
:10F340009F067F067F067F067F067F069F069F0635
:10F35000EF7BEF7BDFFFDFFFDFFFDFFFDFFFDFFFA5
:10F36000DFFFDFFFDFFFDFFFDFFFDFFFDFFFDFFFAD
:10F37000DFFFDFFFDFFFDFFFDFFFDFFFDFFF9F06D6
:10F380007F067F067F067F067F069F06EF7BEF7B6B
:10F39000F39C9EF7DFFFDFFFDFFFDFFFDF3E9F060F
:10F3A000F54C1084DFFFDFFFDFFFDFFFDFFFDFFF54
:10F3B000DFFFDFFFDFFFDFFFDFFFDFFFDFFFDFFF5D
:10F3C000DFFFDFFFDFFFDFFFDFFFDFFFDFFFDFFF4D
:10F3D000DFFFDFFFDFFFDFFFDFFFDFFFDFFFDFFF3D
:10F3E000DFFFDFFFDFFFDFFFDFFFDFFFDFFFDFFF2D
:10F3F000DFFFDFFFDFFFDFFFDFFFDFFFDFFFDFFF1D
:10F40000DFFFDFFFDFFFDFFFDFFFDFFFDFFFDFFF0C
:10F41000DFFFDFFFDFFFDFFFDFFFDFFFDFFFDFFFFC
:10F42000DFFFDFFFDFFFDFFFDFFF3F063F061F06D7
:10F430001F061F061F061F063F06EF7BEF7B96B5D4
:10F44000DFFFDFFFDFFFDFFFDFFFDFFFDFFFDFFFCC
:10F45000DFFFDFFFDFFFDFFFDFFFDFFFDFFFDFFFBC
:10F46000DFFFDFFFDFFFDFFFDFFFDFFFDFFFDFFFAC
:10F47000DFFFDFFFDFFF9F069F067F067F067F0619
:10F48000EF7BEF7BCF7B9294708C6C6BE31800006A
:10F4900044298108000045218E6B80086429F29C74
:10F4A000DFFFDFFF8631610800000E84CE733084F9
:10F4B0006D6B6E6BF49C318459CE3084A5310000A5
:10F4C0000000C739894A6008C210DFFFDFFF200053
:10F4D0009AD6DFFFDFFFDFFFDFFFDFFFBFDF9F0623
:10F4E0007F067F067F067F067F069F063E0EEF7B28
:10F4F000518CDFFFDFFFDFFFDFFFDFFFDFFFDFFF1D
:10F50000DFFFDFFFDFFFDFFFDFFFDFFFDFFFDFFF0B
:10F51000DFFFDFFFDFFFDFFFDFFFDFFF9FD77F06BC
:10F520007F067F069F067F06316CEF7B9294DFFF9C
:10F53000DFFFDFFFDFFFDFFFDFFF1F6F9F069F069D
:10F540003174BEF7DFFFDFFFDFFFDFFFDFFFDFFF2D
:10F55000DFFFDFFFDFFFDFFFDFFFDFFFDFFFDFFFBB
:10F56000DFFFDFFFDFFFDFFFDFFFDFFFDFFFDFFFAB
:10F57000DFFFDFFFDFFFDFFFDFFFDFFFDFFFDFFF9B
:10F58000DFFFDFFFDFFFDFFFDFFFDFFFDFFFDFFF8B
:10F59000DFFFDFFFDFFFDFFFDFFFDFFFDFFFDFFF7B
:10F5A000DFFFDFFFDFFFDFFFDFFFDFFFDFFFDFFF6B
:10F5B000DFFFDFFFDFFFDFFFDFFFDFFFDFFFDFFF5B
:10F5C000DFFFDFFFDFFFBF561F061F061F061F06F8
:10F5D0001F061F061F069C1DEF7BEF7BDFFFDFFF73
:10F5E000DFFFDFFFDFFFDFFFDFFFDFFFDFFFDFFF2B
:10F5F000DFFFDFFFDFFFDFFFDFFFDFFFDFFFDFFF1B
:10F60000DFFFDFFFDFFFDFFFDFFFDFFFDFFFDFFF0A
:10F61000DFFFDFFF9F069F067F067F06DB25EF7B70
:10F62000AE736D6B2842684A65290000A6316108F7
:10F6300000002000F07B2421EF7BEF7B708C00002A
:10F6400020004108C639708C708C0F7C073AE31893
:10F65000929419C6DFFF55ADDFFFBAD6AA522942F0
:10F6600059CE894ADFFF000065298E73DFFFC7315D
:10F67000DFFFDFFFDFFFDFFFDFF7BF169F067F063D
:10F680007F067F067F067F069F06526CEF7BFBDEC0
:10F69000DFFFDFFFDFFFDFFFDFFFDFFFDFFFDFFF7A
:10F6A000DFFFDFFFDFFFDFFFDFFFDFFFDFFFDFFF6A
:10F6B000DFFFDFFFDFFFDFFFDFFFDFFF9F0E9F06C4
:10F6C0009F069F06526CEF7BEF7BDFFFDFFFDFFFC4
:10F6D000DFFFDFFFDFFFDFFF1F5F9F069F0679353C
:10F6E000D39CDFFFDFFFDFFFDFFFDFFFDFFFDFFF99
:10F6F000DFFFDFFFDFFFDFFFDFFFDFFFDFFFDFFF1A
:10F70000DFFFDFFFDFFFDFFFDFFFDFFFDFFFDFFF09
:10F71000DFFFDFFFDFFFDFFFDFFFDFFFDFFFDFFFF9
:10F72000DFFFDFFFDFFFDFFFDFFFDFFFDFFFDFFFE9
:10F73000DFFFDFFFDFFFDFFFDFFFDFFFDFFFDFFFD9
:10F74000DFFFDFFFDFFFDFFFDFFFDFFFDFFFDFFFC9
:10F75000DFFFDFFFDFFFDFFFDFFFDFFFDFFFDFFFB9
:10F76000DFFFDFFF3F061F061F061F061F061F06DF
:10F770001F061F06D64CEF7BEF7BDFFFDFFFDFFFAF
:10F78000DFFFDFFFDFFFDFFFDFFFDFFFDFFFDFFF89
:10F79000DFFFDFFFDFFFDFFFDFFFDFFFDFFFDFFF79
:10F7A000DFFFDFFFDFFFDFFFDFFFDFFFDFFFDFFF69
:10F7B000DFFF9F069F067F067F067935B29410848F
:10F7C0001084452944215084A53181080000C631A8
:10F7D0000C5B4100CB52EF7B23212000A2102000C4
:10F7E000F39C17BEA5314C6BC63128425184518C15
:10F7F0004A4AAB52DFFF18BE0000073A8208DFFF1B
:10F80000A210852985290000E739D7B5D7BD242165
:10F81000DFFFDFFFDFFF5F977F067F067F067F0644
:10F820007F067F067F061C1EEF7BEF7BDFFFDFFF7F
:10F83000DFFFDFFFDFFFDFFFDFFFDFFFDFFFDFFFD8
:10F84000DFFFDFFFDFFFDFFFDFFFDFFFDFFFDFFFC8
:10F85000DFFFDFFFDFFFDFFFDFFF3F879F069F0642
:10F860009F06EF7BEF7B1084DFFFDFFFDFFFDFFF13
:10F87000DFFFDFFFDFFFFF569F069F06FC1DEF7BCC
:10F88000DFFFDFFFDFFFDFFFDFFFDFFFDFFFDFFF88
:10F89000DFFFDFFFDFFFDFFFDFFFDFFFDFFFDFFF78
:10F8A000DFFFDFFFDFFFDFFFDFFFDFFFDFFFDFFF68
:10F8B000DFFFDFFFDFFFDFFFDFFFDFFFDFFFDFFF58
:10F8C000DFFFDFFFDFFFDFFFDFFFDFFFDFFFDFFF48
:10F8D000DFFFDFFFDFFFDFFFDFFFDFFFDFFFDFFF38
:10F8E000DFFFDFFFDFFFDFFFDFFFDFFFDFFFDFFF28
:10F8F000DFFFDFFFDFFFDFFFDFFFDFFFDFFFDFFF18
:10F900009FD73F061F061F061F061F061F061F065E
:10F910001F06EF7BEF7BF39CDFFFDFFFDFFFDFFFE7
:10F92000DFFFDFFFDFFFDFFFDFFFDFFFDFFFDFFFE7
:10F93000DFFFDFFFDFFFDFFFDFFFDFFFDFFFDFFFD7
:10F94000DFFFDFFFDFFFDFFFDFFFDFFFDFFFDFFFC7
:10F950009F069F067F067F068A5279CE2842E318CB
:10F96000E3184C6300000000400003190000494AFE
:10F970001D16EF7B000000000321508CF39C0C63EC
:10F9800034A58D6BCA5ACF7B4842000075ADDFFFAE
:10F99000DFFFA310DFFFDFFFDFFF79CEB29495AD6D
:10F9A000919489526D6B2C634521DFFF508C410887
:10F9B00079CEDFFF9F067F067F067F067F067F06E4
:10F9C0007F067F063174EF7BEF7BDFFFDFFFDFFF1A
:10F9D000DFFFDFFFDFFFDFFFDFFFDFFFDFFFDFFF37
:10F9E000DFFFDFFFDFFFDFFFDFFFDFFFDFFFDFFF27
:10F9F000DFFFDFFFDFFFDFFFDFFF9F169F069F06B2
:10FA0000EF7BEF7B3CE7DFFFDFFFDFFFDFFFDFFFA9
:10FA1000DFFFDFFFDF369F069F069F06EF7BDFFFDE
:10FA2000DFFFDFFFDFFFDFFFDFFFDFFFDFFFDFFFE6
:10FA3000DFFFDFFFDFFFDFFFDFFFDFFFDFFFDFFFD6
:10FA4000DFFFDFFFDFFFDFFFDFFFDFFFDFFFDFFFC6
:10FA5000DFFFDFFFDFFFDFFFDFFFDFFFDFFFDFFFB6
:10FA6000DFFFDFFFDFFFDFFFDFFFDFFFDFFFDFFFA6
:10FA7000DFFFDFFFDFFFDFFFDFFFDFFFDFFFDFFF96
:10FA8000DFFFDFFFDFFFDFFFDFFFDFFFDFFFDFFF86
:10FA9000DFFFDFFFDFFFDFFFDFFFDFFFDFFF3F060F
:10FAA0003F061F061F061F061F063F063F06FE0DE8
:10FAB000EF7B10849EF7DFFFDFFFDFFFDFFFDFFF5D
:10FAC000DFFFDFFFDFFFDFFFDFFFDFFFDFFFDFFF46
:10FAD000DFFFDFFFDFFFDFFFDFFFDFFFDFFFDFFF36
:10FAE000DFFFDFFFDFFFDFFFDFFFDFFFDFFF9F065F
:10FAF0009F067F06CB5A9294694A75AD0000C739BC
:10FB000000000000000048421084A63196B5200095
:10FB100000002321B29499CEC639694AC218400820
:10FB2000DFFF2000083A0000DFFFDFFF2D63210028
:10FB3000B294B6B5108455ADB7B54D6BAE73718C3C
:10FB40000000894AE318AE73494AB294DFFF863158
:10FB50005F979F067F067F067F067F067F067F06EC
:10FB60007F06EF7BEF7B18C6DFFFDFFFDFFFDFFFE6
:10FB7000DFFFDFFFDFFFDFFFDFFFDFFFDFFFDFFF95
:10FB8000DFFFDFFFDFFFDFFFDFFFDFFFDFFFDFFF85
:10FB9000DFFFDFFFDFFFDFFFDFFF9FDFB45CEF7B17
:10FBA000EF7BDFFFDFFFDFFFDFFFDFFFDFFFDFFFD9
:10FBB000DFFF7F067F069F069F06EF7BDFFFDFFFED
:10FBC000DFFFDFFFDFFFDFFFDFFFDFFFDFFFDFFF45
:10FBD000DFFFDFFFDFFFDFFFDFFFDFFFDFFFDFFF35
:10FBE000DFFFDFFFDFFFDFFFDFFFDFFFDFFFDFFF25
:10FBF000DFFFDFFFDFFFDFFFDFFFDFFFDFFFDFFF15
:10FC0000DFFFDFFFDFFFDFFFDFFFDFFFDFFFDFFF04
:10FC1000DFFFDFFFDFFFDFFFDFFFDFFFDFFFDFFFF4
:10FC2000DFFFDFFFDFFFDFFFDFFFDFFFDFFFDFFFE4
:10FC3000DFFFDFFFDFFFDFFFDFFF9FDF3F063F0666
:10FC40001F061F061F061F063F063F065264EF7B76
:10FC5000BAD6DFFFDFFFDFFFDFFFDFFFDFFFDFFF02
:10FC6000DFFFDFFFDFFFDFFFDFFFDFFFDFFFDFFFA4
:10FC7000DFFFDFFFDFFFDFFFDFFFDFFFDFFFDFFF94
:10FC8000DFFFDFFFDFFFDFFFDFFFDFFFFF4E9F064E
:10FC90007F0638C6000018C68210694A821000002C
:10FCA0000000CB5AE318CA52EB5AE739694AC2102E
:10FCB000F7BDA631895281100321DFFF2842E218E7
:10FCC000AA52F49CDFFFDFFF00004000B6B5000041
:10FCD00092940000D39C95ADAE73031938C6AE73F1
:10FCE00000000B5B083A6108B294F7BDB6B56A4AEA
:10FCF0009F067F067F067F067F067F069F06793573
:10FD0000EF7BEF7BDFFFDFFFDFFFDFFFDFFFDFFFEB
:10FD1000DFFFDFFFDFFFDFFFDFFFDFFFDFFFDFFFF3
:10FD2000DFFFDFFFDFFFDFFFDFFFDFFFDFFFDFFFE3
:10FD3000DFFFDFFFDFFFDFFFDFFFDBDEEF7B308496
:10FD4000DFFFDFFFDFFFDFFFDFFF82F041F0A2F028
:10FD50007F067F069F069F06EF7B5DEFDFFFDFFFDD
:10FD6000DFFFDFFFDFFFDFFFDFFFDFFFDFFFDFFFA3
:10FD7000DFFFDFFFDFFFDFFFDFFFDFFFDFFFDFFF93
:10FD8000DFFFDFFFDFFFDFFFDFFFDFFFDFFFDFFF83
:10FD9000DFFFDFFFDFFFDFFFDFFFDFFFDFFFDFFF73
:10FDA000DFFFDFFFDFFFDFFFDFFFDFFFDFFFDFFF63
:10FDB000DFFFDFFFDFFFDFFFDFFFDFFFDFFFDFFF53
:10FDC000DFFFDFFFDFFFDFFFDFFFDFFFDFFFDFFF43
:10FDD000DFFFDFFFDFFFDFFFDF5E1F061F061F06FF
:10FDE0001F061F061F063F063F06EF7BEF7BDFFF68
:10FDF000DFFFDFFFDFFFDFFFDFFFDFFFDFFFDFFF13
:10FE0000DFFFDFFFDFFFDFFFDFFFDFFFDFFFDFFF02
:10FE1000DFFFDFFFDFFFDFFFDFFFDFFFDFFFDFFFF2
:10FE2000DFFFDFFFDFFFDFFFDFFF5FA79F06694A1E
:10FE30008A52EB5AD7BD00000000AA524108E739A8
:10FE4000EF7B28427F0600008D730000EE7B6D6B18
:10FE5000C63900004000DFFF4429E31800000842D3
:10FE6000F49C6E6BAE738108D7BD59CE2000A731CC
:10FE700051842D6395B58A52410039C655AD0000B5
:10FE800024210000B2942000CF7B9AD6E8399F0647
:10FE90007F067F067F067F067F069F069364EF7BC3
:10FEA000EF7BDFFFDFFFDFFFDFFFDFFFDFFFDFFFD6
:10FEB000DFFFDFFFDFFFDFFFDFFFDFFFDFFFDFFF52
:10FEC000DFFFDFFFDFFFDFFFDFFFDFFFDFFFDFFF42
:10FED000DFFFDFFFDFFFDFFFDFFFD7BDBAD6DFFFCA
:10FEE000DFFFDFFFDFFFDFFF20F020F020F0F36314
:10FEF0007F069F069F06EF7B1CE7DFFFDFFFDFFF2C
:10FF0000DFFFDFFFDFFFDFFFDFFFDFFFDFFFDFFF01
:10FF1000DFFFDFFFDFFFDFFFDFFFDFFFDFFFDFFFF1
:10FF2000DFFFDFFFDFFFDFFFDFFFDFFFDFFFDFFFE1
:10FF3000DFFFDFFFDFFFDFFFDFFFDFFFDFFFDFFFD1
:10FF4000DFFFDFFFDFFFDFFFDFFFDFFFDFFFDFFFC1
:10FF5000DFFF00F800F882F8C7F95DFFDFFFDFFF81
:10FF6000DFFFDFFFDFFFDFFFDFFFDFFFDFFFDFFFA1
:10FF7000DFFFDFFFFF763F061F061F061F061F0677
:10FF80001F061F061F061F061F063F06DF667FBFF0
:10FF9000DFFFDFFFDFFFDFFFDFFFDFFFDFFFDFFF71
:10FFA000DFFFDFFFDFFFDFFFDFFFDFFFDFFFDFFF61
:10FFB000DFFFDFFFDFFFDFFFDFFFDFFFDFFFDFFF51
:10FFC000DFFFDFFFDFFFDFFFDFFFFF5696B500003B
:10FFD000718C00008631652900004529EF7B2421C2
:10FFE0004C6341002C630000B5B5484A2000000076
:10FFF000A631B294400060080000EB5A284276AD6A
:020000040801F1
:1000000087310000107CC6390000EB5AA731294225
:10001000728C00004842200059C6B7B500000000AD
:10002000000037C64008821018C6F8BD92947F06BB
:100030007F067F067F067F069F06EF7BEF7B75AD11
:10004000DFFFDFFFDFFFDFFFDFFFDFFFDFFFDFFFC0
:10005000DFFFDFFFDFFFDFFFDFFFDFFFDFFFDFFFB0
:10006000DFFFDFFFDFFFDFFFDFFFDFFFDFFFDFFFA0
:10007000DFFFDFFFDFFFDFFFDFFFDFFFDFFFDFFF90
:10008000DFFFDFFFDFFF20F020F020F041F0F81469
:100090009F067F06EF7B1CE7DFFFDFFFDFFFDFFF51
:1000A000DFFFDFFFDFFFDFFFDFFFDFFFDFFFDFFF60
:1000B000DFFFDFFFDFFFDFFFDFFFDFFFDFFFDFFF50
:1000C000DFFFDFFFDFFFDFFFDFFFDFFFDFFFDFFF40
:1000D000DFFFDFFFDFFFDFFFDFFFDFFFDFFFDFFF30
:1000E000DFFFDFFFDFFFDFFFDFFFDFFFDFFFDFFF20
:1000F000EFFB00F800F800F800F8DFFFDFFFDFFF9C
:10010000DFFFDFFFDFFFDFFFDFFFDFFFDFFFDFFFFF
:10011000DFFF3F063F061F061F061F061F061F06BE
:100120001F061F061F061F061F061F063F063F0667
:10013000FF7EBFEFDFFFDFFFDFFFDFFFDFFFDFFF60
:10014000DFFFDFFFDFFFDFFFDFFFDFFFDFFFDFFFBF
:10015000DFFFDFFFDFFFDFFFDFFFDFFFDFFFDFFFAF
:10016000DFFFDFFFDFFFF7BDE7392000308400004D
:10017000494A00000C634529318462089294308416
:10018000EF7B0000D294810840000000D7BD694A8F
:100190000000400000006429CB5A728CA3100000BC
:1001A000662904192000232100002100C83901001C
:1001B000E318694A410855A5F07B6529C3108108F9
:1001C0006529508C61088E737F06083A51847F063A
:1001D0007F067F067F067F065E0EBA3D7FBFDFFF8C
:1001E000DFFFDFFFDFFFDFFFDFFFDFFFDFFFDFFF1F
:1001F000DFFFDFFFDFFFDFFFDFFFDFFFDFFFDFFF0F
:10020000DFFFDFFFDFFFDFFFDFFFDFFFDFFFDFFFFE
:10021000DFFFDFFFDFFFDFFFDFFFDFFFDFFFDFFFEE
:10022000DFFF18FE20F020F020F020F020F0BB05CA
:100230009A2DEF7B7DEFDFFFDFFFDFFFDFFFDFFFCB
:10024000DFFFDFFFDFFFDFFFDFFFDFFFDFFFDFFFBE
:10025000DFFFDFFFDFFFDFFFDFFFDFFFDFFFDFFFAE
:10026000DFFFDFFFDFFFDFFFDFFFDFFFDFFFDFFF9E
:10027000DFFFDFFFDFFFDFFFDFFFDFFFDFFFDFFF8E
:10028000DFFFDFFFDFFFDFFFDFFFDFFFDFFF55FD0A
:10029000A2F000F800F800F8F39CDFFFDFFFDFFFBB
:1002A000DFFFDFFFDFFFDFFFDFFFDFFFDFFFDFFF5E
:1002B0003F063F061F061F061F061F061F061F06D6
:1002C0001F061F061F061F061F061F061F063F06E6
:1002D0005F16DFF7DFFFDFFFDFFFDFFFDFFFDFFF9F
:1002E000DFFFDFFFDFFFDFFFDFFFDFFFDFFFDFFF1E
:1002F000DFFFDFFFDFFFDFFFDFFFDFFFDFFFDFFF0E
:10030000DFFFDFFFAA52D39C00007F06A631E7394A
:10031000E3180000718CAE73083A45218D6BE73904
:1003200075AD2000400060086A4A484AC639400856
:10033000000040080321718C0000000000007ACE0C
:10034000694A23210000E31882082100C4184429C7
:100350006D6BC318F49C8F73A3108A52E318E218D4
:10036000DFFF410892947F06694A518C7F067F0621
:100370007F067F067F067F069F069F061F77DFFFAB
:10038000DFFFDFFFDFFFDFFFDFFFDFFFDFFFDFFF7D
:10039000DFFFDFFFDFFFDFFFDFFFDFFFDFFFDFFF6D
:1003A000DFFFDFFFDFFFDFFFDFFFDFFFDFFFDFFF5D
:1003B000DFFFDFFFDFFFDFFFDFFFDFFFDFFFDFFF4D
:1003C000F3FC20F020F020F020F020F09103163D07
:1003D000EF7BDFFFDFFFDFFFDFFFDFFFDFFFDFFFA1
:1003E000DFFFDFFFDFFFDFFFDFFFDFFFDFFFDFFF1D
:1003F000DFFFDFFFDFFFDFFFDFFFDFFFDFFFDFFF0D
:10040000DFFFDFFFDFFFDFFFDFFFDFFFDFFFDFFFFC
:10041000DFFFDFFFDFFFDFFFDFFFDFFFDFFFDFFFEC
:10042000DFFFDFFFDFFFDFFFDFFFDFFFDFFFC7F9FA
:1004300000F800F800F869B2BAD6DFFFDFFFDFFF8F
:10044000DFFFDFFFDFFFDFFFDFFFDFFF5FA73F062D
:100450003F061F061F061F061F0626C921F85B253B
:100460001F061F061F061F061F061F061F061F0664
:100470001F06DF6EDFFFDFFFDFFFDFFFDFFFDFFFD6
:10048000DFFFDFFFDFFFDFFFDFFFDFFFDFFFDFFF7C
:10049000DFFFDFFFDFFFDFFFDFFFDFFFDFFFDFFF6C
:1004A0009BD635A500002100E418A2100000718C35
:1004B00008428E73000020006D6B8210D39C462989
:1004C0000000A7310C63EB5A0000000000000000A0
:1004D0002C6314A5252183100100AF7B46294A4ACD
:1004E000294A694A81108B52020023080E7C98D653
:1004F000CE7B2B6344290F8475AD9294E739DFF7E7
:10050000AF7392944D6399CE3084F7BD7F067F061A
:100510007F067F067F067F067F067F067F06DF4613
:100520009FC7DFFFDFFFDFFFDFFFDFFFDFFFDFFF53
:10053000DFFFDFFFDFFFDFFFDFFFDFFFDFFFDFFFCB
:10054000DFFFDFFFDFFFDFFFDFFFDFFFDFFFDFFFBB
:10055000DFFFDFFFDFFFDFFFDFFFDFFFDFFF49FA46
:1005600020F020F020F020F020F04F03083AEF7B3D
:10057000DFFFDFFFDFFFDFFFDFFFDFFFDFFFDFFF8B
:10058000DFFFDFFFDFFFDFFFDFFFDFFFDFFFDFFF7B
:10059000DFFFDFFFDFFFDFFFDFFFDFFFDFFFDFFF6B
:1005A000DFFFDFFFDFFFDFFFDFFFDFFFDFFFDFFF5B
:1005B000DFFFDFFFDFFFDFFFDFFFDFFFDFFFDFFF4B
:1005C000DFFFDFFFDFFFDFFFDFFFDFFF00F800F807
:1005D00000F800F800F82C933CEFDFFFDFFFDFFFAF
:1005E000DFFFDFFFDFFFDFFFDFFF5FAF3F063F061D
:1005F0001F061F061F061F06155400F800F800F816
:100600007C1D1F061F061F061F061F061F061F064E
:100610003F063F061F87DFFFDFFFDFFFDFFFDFFF54
:10062000DFFFDFFFDFFFDFFFDFFFDFFFDFFFDFFFDA
:10063000DFFFDFFFDFFFDFFFDFFFDFFFDFFF8631F1
:1006400000000000B6B5E7390000A6310000B29402
:10065000E318674AEE7B442155AD494A62080C63B2
:100660002C63D39C000000000000C21830846D6B26
:10067000AF7342086731D39C0842C318AF7B494A25
:100680000000442900002A4AE51899D617C674AD1F
:100690006D6B000095B5DFFFDFFF718CFF5614A571
:1006A00096AD6D6B7F06D7BD58C67F067F067F0669
:1006B0007F067F067F067F067F067F069F069F06D2
:1006C0009F0EDFFFDFFFDFFFDFFFDFFFDFFFDFFF6B
:1006D000DFFFDFFFDFFFDFFFDFFFDFFFDFFFDFFF2A
:1006E000DFFFDFFFDFFFDFFFDFFFDFFFDFFFDFFF1A
:1006F000DFFFDFFFDFFFDFFFDFFFDFFF41F020F085
:1007000020F020F020F020F08B22E739EF7BDFFF94
:10071000DFFFDFFFDFFFDFFFDFFFDFFFDFFFDFFFE9
:10072000DFFFDFFFDFFFDFFFDFFFDFFFDFFFDFFFD9
:10073000DFFFDFFFDFFFDFFFDFFFDFFFDFFFDFFFC9
:10074000DFFFDFFFDFFFDFFFDFFFDFFFDFFFDFFFB9
:10075000DFFFDFFFDFFFDFFFDFFFDFFFDFFFDFFFA9
:10076000DFFFDFFFDFFFDFFFBEFF00F800F800F86C
:1007700000F800F800F800F84DFBDFFFDFFFDFFFB7
:10078000DFFFDFFFDFFFDFFFDFFF3F063F061F0664
:100790001F061F061F062BA200F800F800F800F83D
:1007A0001F061F061F061F061F061F061F061F0621
:1007B0001F063F063F0EDFFFDFFFDFFFDFFFDFFF2C
:1007C000DFFFDFFFDFFFDFFFDFFFDFFFDFFFDFFF39
:1007D000DFFFDFFFDFFFDFFFDFFF34A5294200007F
:1007E00000000842E4180421D39C96B504216E6BE6
:1007F000C531708CF29C65290000CB5A8E7328425B
:1008000041080000AA520321AD73E7392C630000B0
:10081000C839E4182321C2103084518C0000000034
:10082000E6394842F083000017C6919428424C6391
:10083000A21096B5DFFFDFFF35A5D6B5D29475AD12
:10084000B29459C67F0614A57F067F067F067F06F1
:100850007F067F067F067F067F067F067F067F0670
:100860009F069F0EDFFFDFFFDFFFDFFFDFFFDFFF02
:10087000DFFFDFFFDFFFDFFFDFFFDFFFDFFFDFFF88
:10088000DFFFDFFFBFDF9FC7DFFFDFFFDFFFDFFF30
:10089000DFFFDFFFDFFFDFFFDFFF41F020F020F0B1
:1008A00020F041F02A52E739E739F39CDFFFDFFF00
:1008B000DFFFDFFFDFFFDFFFDFFFDFFFDFFFDFFF48
:1008C000DFFFDFFFDFFFDFFFDFFFDFFFDFFFDFFF38
:1008D000DFFFDFFFDFFFDFFFDFFFDFFFDFFFDFFF28
:1008E000DFFFDFFFDFFFDFFFDFFFDFFFDFFFDFFF18
:1008F000DFFFDFFFDFFFDFFFDFFFDFFFDFFFDFFF08
:10090000DFFFDFFFBEFF28FA00F800F800F800F86C
:1009100000F800F800F89AE6DFFFDFFFDFFFDFFFF7
:10092000DFFFDFFFDFFFDFFF3F063F061F061F067B
:100930001F061F0600F800F800F800F800F8511B29
:100940001F061F061F061F061F061F061F061F067F
:100950003F063F06DFFFDFFFDFFFDFFFDFFFDFFFD9
:10096000DFFFDFFFDFFFDFFFDFFFDFFFDFFFDFFF97
:10097000DFFFDFFFDFFFDFFFC739A631A21061080D
:10098000042100002D63C318D39C00000000708C6C
:10099000C118708C00000000074230844000200025
:1009A0004008032161080321B2942421A318E4180C
:1009B000939440006D6BF07B8B520000242100006B
:1009C000D7BDCC5AA8396D6B718C6529518C00004C
:1009D0009AD6F8BDDFFF9294D194918C9F06D7B53B
:1009E000149D7F06B39459C67F067F067F067F0657
:1009F0007F067F067F067F067F067F067F067F06CF
:100A00007F06FF5EDFFFDFFFDFFFDFFFDFFFDFFFD0
:100A1000DFFFDFFFDFFFDFFFDFFFDFFFDFFFDFFFE6
:100A2000DFFF9FBF7FA738C6DFFFDFFFDFFFDFFFEE
:100A3000DFFFDFFFDFFF96FD41F020F020F020F028
:100A400041F05003E739E73918C6DFFFDFFFDFFF6A
:100A5000DFFFDFFFDFFFDFFFDFFFDFFFDFFFDFFFA6
:100A6000DFFFDFFFDFFFDFFFDFFFDFFFDFFFDFFF96
:100A7000DFFFDFFFDFFFDFFFDFFFDFFFDFFFDFFF86
:100A8000DFFFDFFFDFFFDFFFDFFFDFFFDFFFDFFF76
:100A9000DFFFDFFFDFFFDFFFDFFFDFFFDFFF9AFEAC
:100AA00000F800F800F800F800F800F800F800F886
:100AB00000F800F800F8EF7B96B5DFFFDFFFDFFFFF
:100AC000DFFFDFFFDFFF3F063F061F061F061F0693
:100AD000517300F800F800F800F800F82699770440
:100AE0001F061F061F061F061F061F061F069B2543
:100AF000EF7BEF7BFBDEDFFFDFFFDFFFDFFFDFFFF3
:100B0000DFFFDFFFDFFFDFFFDFFFDFFFDFFFDFFFF5
:100B1000DFFFDFFFDFFF6D6B00002000308420006F
:100B2000821008426E6B00006E6B7F062742919424
:100B3000A531031991944C6B00000000000044297A
:100B4000484A2421518C6108D7BD4D6B20000421F7
:100B5000B7BD084246292729E9394A4A728C93943D
:100B6000E5186F6B86316A4AC31834A500008E738E
:100B70009294DFFFDFFFCD73D6B59F067F0614A5E5
:100B8000B7B5D39CF7BD7F067F067F067F067F063D
:100B90007F067F067F067F067F067F067F067F062D
:100BA0009F069F0EDFFFDFFFDFFFDFFFDFFFDFFFBF
:100BB000DFFFDFFFDFFFDFFFDFFFDFFFDFFFDFFF45
:100BC0003F871F77EF7BFBDEDFFFDFFFDFFFDFFF0E
:100BD000DFFF51FC20F020F020F020F020F00F0B80
:100BE000EE12E7394D6BDFFFDFFFDFFFDFFFBAFEFD
:100BF000A6F941F041F0E7F9DFFFDFFFDFFFDFFF9C
:100C0000DFFFDFFFDFFFDFFFDFFFDFFFDFFFDFFFF4
:100C1000DFFFDFFFDFFFDFFFDFFFDFFFDFFFDFFFE4
:100C2000DFFFDFFFDFFFDFFFDFFFDFFFDFFFDFFFD4
:100C3000DFFFDFFFDFFFDFFFDFFFBAFE00F800F8B6
:100C400000F800F800F800F800F800F800F861F08B
:100C50008AAAEF7BEF7B3084DFFFDFFFDFFFDFFF60
:100C6000DFFFDFFF1F973F061F061F06F45B26D13D
:100C700000F800F800F800F800F86C321003B8042F
:100C80001F061F061F061F06DD15EF7BEF7BEF7BA0
:100C900010849EF7DFFFDFFFDFFFDFFFDFFFDFFFF7
:100CA000DFFFDFFFDFFFDFFFDFFFDFFFDFFFDFFF54
:100CB000DFFFC63924212000EF7B08428210A210FA
:100CC0000842A7314108728C25290C63EB5A242174
:100CD000CE7B684A074220008631C7398D734C6B42
:100CE00065294529E839A73141089294AE73CB5A5A
:100CF000CF7B328CA518D17B2D6314A535AD262969
:100D0000F17B0C630842A63159CE2000E318B2945F
:100D10003084DFFFEE7BD6B59F067F06B39496AD99
:100D2000149DF7BD7F067F067F067F067F067F0640
:100D30007F067F067F067F067F067F067F063E16BC
:100D4000EF7B518CFBDEDFFFDFFFDFFFDFFFDFFF2D
:100D5000DFFFDFFFDFFFDFFFDFFFDFFFDFFF9FC71B
:100D6000FF4EEF7B18C6DFFFDFFFDFFFDFFFDFFF98
:100D700041F020F020F041F041F0C8795003083AEA
:100D8000CF7BEF7BDFFF3CFFA2F041F041F020F092
:100D900020F020F020F041F0E3F0DFFFDFFFDFFF85
:100DA000DFFFDFFFDFFFDFFFDFFFDFFFDFFFDFFF53
:100DB000DFFFDFFFDFFFDFFFDFFFDFFFDFFFDFFF43
:100DC000DFFFDFFFDFFFDFFFDFFFDFFFDFFFDFFF33
:100DD000DFFFDFFFDFFFDFFFDFFF4DFB00F800F885
:100DE00000F800F800F800F8E3E0A2E800F800F8E6
:100DF00000F859CE5DEFDFFFDFFFDFFFDFFFDFFF32
:100E0000DFFFDFFFBF561F06FF0D00F800F800F8F8
:100E100000F800F800F800F810031003B8041F06EB
:100E20003F063F06B554EF7BEF7BEF7B38C6DFFF15
:100E3000DFFFDFFFDFFFDFFFDFFFDFFFDFFFDFFFC2
:100E4000DFFFDFFFDFFFDFFFDFFFDFFFDFFF0C6321
:100E5000AA5200000000684A2321A631000045295B
:100E600000000D63AB52D07B31846A4AAE73200020
:100E700054AD000000001084CB5A2C632C63F39C0B
:100E8000294A7AD682106A4A442107420642222120
:100E9000C31805212E6B96B5DFFF0B638A528A5269
:100EA000AE73494A4D6B54AD00004421D6BDB19498
:100EB000B194EA5AF7BDF8BD7F0635A593947F0635
:100EC00079CE7F067F067F067F067F067F067F0638
:100ED0007F067F067F067F065E0EB45CEF7BEF7BAE
:100EE000EF7BD39CDFFFDFFFDFFFDFFFDFFFDFFFF5
:100EF000DFFFDFFFDFFFDFFFDFFFDFFFDFFF9F063B
:100F0000EF7B75ADDFFFDFFFDFFFDFFFE7F941F0CC
:100F100020F020F041F0EE1A50035003AE73EF7B47
:100F200096D561F041F020F020F020F020F020F084
:100F300020F020F041F041F061F0DFFFDFFFDFFF44
:100F4000DFFFDFFFDFFFDFFFDFFFDFFFDFFFDFFFB1
:100F5000DFFFDFFFDFFFDFFFDFFFDFFFDFFFDFFFA1
:100F6000DFFFDFFFDFFFDFFFDFFFDFFFDFFFDFFF91
:100F7000DFFFDFFFDFFFDFFFDFFF00F800F800F833
:100F800000F800F800F8EF7B00F800F800F800F82F
:100F9000BEF7DFFFDFFFDFFFDFFFDFFFDFFFDFFF8A
:100FA000DFFF7FBF1F06155400F800F800F800F8B7
:100FB00000F800F8A3C8100310039C051F063F06A5
:100FC000BC1DEF7BEF7BEF7B9294DFFFDFFFDFFF4A
:100FD000DFFFDFFFDFFFDFFFDFFFDFFFDFFFDFFF21
:100FE000DFFFDFFFDFFFDFFFDFFFDFFFE318718CD5
:100FF000A2102000C631694A40080000000000002D
:10100000AF73B39456AD294245292842AA52508461
:1010100000004108308442080B63718C82101084F8
:1010200035A5C4181084718CEE7B0000F29C24213D
:10103000328CDFFFB294DFFFEF7B55AD0421EF7BF5
:10104000494AB2948D7300000000F7BD9194B194A9
:101050006C6B96B556AD7F065284728C18BE7F06B7
:101060007F067F067F067F067F067F067F067F0658
:101070007F067F067F063174EF7BEF7BEF7BBAD66E
:10108000DFFFDFFFDFFFDFFFDFFFDFFFDFFFDFFF70
:10109000DFFFDFFFDFFFDFFFDFFFDFFF9F06EF7B0D
:1010A00014A5DFFFDFFFDFFFDFFF41F041F020F09D
:1010B00020F041F050035003CC1AEF7BA6C941F059
:1010C00020F020F020F020F020F020F020F020F0A0
:1010D00020F020F020F020F09ADEDFFFDFFFDFFFBE
:1010E000DFFFDFFFDFFFDFFFDFFFDFFFDFFFDFFF10
:1010F000DFFFDFFFDFFFDFFFDFFFDFFFDFFFDFFF00
:10110000DFFFDFFFDFFFDFFFDFFFDFFFDFFFDFFFEF
:10111000DFFFDFFFDFFFDFFFDFFF30C400F8A6C91E
:10112000EF7BEF7B6D8B00F800F800F800F8EF7BA9
:10113000EF7BDFFFDFFFDFFFDFFFDFFFDFFFDFFF33
:10114000DFFF05D100F800F800F800F800F841E8EA
:10115000A3C8100310037524F644EF7BEF7BEF7BED
:10116000EF7B1084DFFFDFFFDFFFDFFFDFFFDFFF4D
:10117000DFFFDFFFDFFFDFFFDFFFDFFFDFFFDFFF7F
:10118000DFFFDFFFDFFFDFFFDFFF2C632421200015
:10119000E2188D6B0000694A000021006A52D8BD38
:1011A000ED6209422621873141086108200024218F
:1011B0009294AF7B6F73B2940000694ADFFFE4182A
:1011C000F8BDA6310F840321B3B5CC7306429294C7
:1011D00079CEDFFFDFFFC531684AE218694A484A25
:1011E000B6B5200000006429908CB19447420B5B97
:1011F000D7BD55A57F06D3946E6B7F0699CE99CE49
:101200007F067F067F067F067F067F067F069F0696
:101210003E0EEF7BEF7BEF7B518CDFFFDFFFDFFFCD
:10122000DFFFDFFFDFFFDFFFDFFFDFFFDFFFDFFFCE
:10123000DFFFDFFFDFFFDFFFDFFFBF2E5675EF7B36
:10124000DFFFDFFFDFFF41F020F020F041F041F051
:1012500050035003500304D941F020F020F020F057
:1012600020F020F020F020F020F020F020F020F0FE
:1012700041F041F061F0CBA21CE7DFFFDFFFDFFFB1
:10128000DFFFDFFFDFFFDFFFDFFFDFFFDFFFDFFF6E
:10129000DFFFDFFFDFFFDFFFDFFFDFFFDFFFDFFF5E
:1012A000DFFFDFFFDFFFDFFFDFFFDFFFDFFFDFFF4E
:1012B000DFFFDFFFDFFFDFFFDFFF9AD6EF7BEF7B94
:1012C000EF7B00F800F800F800F861F0EF7BEF7BAF
:1012D000DFFFDFFFDFFFDFFFDFFFDFFFFBFE04F9E4
:1012E00000F800F800F800F800F800F88671083AF5
:1012F000E7390842EF7BEF7BEF7BEF7B718CFBDE06
:10130000DFFFDFFFDFFFDFFFDFFFDFFFDFFFDFFFED
:10131000DFFFDFFFDFFFDFFFDFFFDFFFDFFFDFFFDD
:10132000DFFFDFFFDFFF8731673122082200010086
:10133000C01000002421200040006C6BB094518C40
:10134000EA418D732000718C00000000CB522942CD
:101350000D5B662100000000149DCF7B4D63CF73B1
:10136000DFFFB394DFFFCD73A8520F7C3084DFFF23
:10137000DFFFDFFF000061080C634E6B00002942B5
:10138000000061088A524D6B10842421AE73EF7BFC
:10139000518C9F06D294107C7F067F067F067F06C5
:1013A0007F067F067F067F061D16935CEF7BEF7B33
:1013B000EF7BEF7BF7BDDFFFDFFFDFFFDFFFDFFF4F
:1013C000DFFFDFFFDFFFDFFFDFFFDFFFDFFFDFFF2D
:1013D000DFFFDFFFDFFFDFFFBFE79F067F065F9FC7
:1013E000F68C41F041F020F020F041F02F0BE97134
:1013F00041F041F020F020F020F020F020F020F02B
:1014000020F020F020F020F020F041F041F02C936B
:10141000EF7BEF7BEF7BEF7BB6B5DFFFDFFFDFFF1F
:10142000DFFFDFFFDFFFDFFFDFFFDFFFDFFFDFFFCC
:10143000DFFFDFFFDFFFDFFFDFFFDFFFDFFFDFFFBC
:10144000DFFFDFFFDFFFDFFFDFFFDFFFDFFFDFFFAC
:10145000DFFFDFFF00F886F9DFFF3CE79AD614FDD7
:1014600000F800F800F800F8CF8386C94D93DFFF3D
:10147000DFFFDFFFDFFFDFFFBAFE00F800F800F854
:1014800000F800F800F800F8E741E739E7390842CA
:10149000D39C9AD65DEFDFFFDFFFDFFFDFFFDFFFCB
:1014A000DFFFDFFFDFFFDFFFDFFFDFFFDFFFDFFF4C
:1014B000DFFFDFFFDFFFDFFFDFFFDFFFDFFFDFFF3C
:1014C000DFFFDFFF83100000A3100100A7312121FF
:1014D00074AD000082100F84AD734B63494A77AD41
:1014E000A631894A4D6BE318E739CF73928CDFFF41
:1014F000F49CC739DFFFDFFF0000C739DFFF694A0F
:101500008E73F7BDC952C9524842DFFFDFFFDFFFCC
:10151000D3940000E318B6B5E418294A000000008F
:101520002000EB5A6529CF7B04214D630B5B494AB0
:10153000BF3655A5B29438C65F069AD6DC1DD54C89
:10154000F07BF07BF07BEF7BEF7BEF7BEF7BD7BD1E
:10155000DFFFDFFFDFFFDFFFDFFFDFFFDFFFDFFF9B
:10156000DFFFDFFFDFFFDFFFDFFFDFFFDFFFDFFF8B
:10157000DFFFDFFFDFFFDFFFBF1E9F06D74420F046
:1015800020F020F020F020F020F020F020F020F0DB
:1015900020F020F020F020F020F041F0A2E8EB9ABB
:1015A000AE8341F020F020F086C9EF7BEF7BEF7B2C
:1015B000EF7B79CEDFFFDFFFDFFFDFFFDFFFDFFF46
:1015C000DFFFDFFFDFFFDFFFDFFFDFFFDFFFDFFF2B
:1015D000DFFFDFFFDFFFDFFFDFFFDFFFDFFFDFFF1B
:1015E000DFFFDFFFDFFFDFFFDFFFDFFFDFFFDFFF0B
:1015F000DFFFE3F800F824F9DFFF3CFFA2F800F872
:1016000000F800F865D1E7C100F8A2E83CFFDFFF71
:10161000DFFFDFFFDFFFC3F800F800F800F800F895
:1016200000F800F8C3A8E7398A52CB5A38C6DFFF62
:10163000DFFFDFFFDFFFDFFFDFFFDFFFDFFFDFFFBA
:10164000DFFFDFFFDFFFDFFFDFFFDFFFDFFFDFFFAA
:10165000DFFFDFFFDFFFDFFFDFFFDFFFDFFFDFFF9A
:101660009AD6A631000041080000A310AD73B294D1
:10167000220801000B6313A548424529AF73C63900
:10168000DFFF28422C63C739B2949ACEDFFF6A4A43
:101690008E6BDFFFDFFF82108E6BD39C2842DFFF53
:1016A000D6B50A5B4F84D294DFFFDFFFDFFFD39C08
:1016B00000008D6B918C0000E839210821000000AA
:1016C0006D6B65292C6365294D6B8A528A527FCFD9
:1016D000D6B5F39CB6B5B554BAD6D073D073D07B1B
:1016E000D07BF07BF07BF07BD7BDFBDEDFFFDFFF45
:1016F000DFFFDFFFDFFFDFFFDFFFDFFFDFFFDFFFFA
:10170000DFFFDFFFDFFFDFFFDFFFDFFFDFFFDFFFE9
:10171000DFFFDFFFDFFF7FB79F0662E820F020F0EA
:1017200020F020F020F020F020F020F020F020F039
:1017300020F020F041F041F0E7C1EF7BAE8304D907
:1017400041F041F0CBA2EF7BEF7BEF7BEF7B1CE71F
:10175000DFFFDFFFDFFFDFFFDFFFDFFFDFFFDFFF99
:10176000DFFFDFFFDFFFDFFFDFFFDFFFDFFFDFFF89
:10177000DFFFDFFFDFFFDFFFDFFFDFFFDFFFDFFF79
:10178000DFFFDFFFDFFFDFFFDFFFDFFFDFFFDFFF69
:1017900051FC00F800F841F8E7F9B6FD00F80C9BA1
:1017A00000F800F800F800F800F800F8AAFADFFFE7
:1017B0007DFF00F800F800F800F800F800F800F8E5
:1017C000E3E0EF7BEF7B59CEDFFFDFFFDFFFDFFFE3
:1017D000DFFFDFFFDFFFDFFFDFFFDFFFDFFFDFFF19
:1017E000DFFFDFFFDFFFDFFFDFFFDFFFDFFFDFFF09
:1017F000DFFFDFFFDFFFDFFFDFFFDFFFDFFFCE7B8E
:10180000484A6108000020000000F07B0000AC5A4C
:101810000000EB5A2C63F39CB6B5863154AD79CEFB
:10182000C318494AD39CDFFFDFFFAB528629DFFF95
:10183000DFFF6E6BB294DFFF0000908CDFFFEE7B6A
:10184000CA520A5BDFFFDFFFDFFFDFFFEF7BE3183A
:1018500054A5A95200000842C31800004D6B08426D
:101860000842AE73284218BE8210C7397FEF34A5F4
:10187000F39C34A599CEBAD6D073F17B76ADFCDE5D
:101880009FEF9FEF9FEF9FF7BFF7DFF7DFFFDFFFD0
:10189000DFFFDFFFDFFFDFFFDFFFDFFFDFFFDFFF58
:1018A000DFFFDFFFDFFFDFFFDFFFDFFFDFFFDFFF48
:1018B000DFFFDFFFD7FD82F041F020F020F020F0C5
:1018C00020F020F020F020F020F020F020F041F077
:1018D000C7C1EF7BEF7BEF7BEBA241F041F0C3F0A0
:1018E000F39CEF7BEF7BEF7B7DEFDFFFDFFFDFFF25
:1018F000DFFFDFFFDFFFDFFFDFFFDFFFDFFFDFFFF8
:10190000DFFFDFFFDFFFDFFFDFFFDFFFDFFFDFFFE7
:10191000DFFFDFFFDFFFDFFFDFFFDFFFDFFFDFFFD7
:10192000DFFFDFFFDFFFDFFFDFFFDFFFDFFF9AFE0D
:1019300000F800F800F8EF7B0CEB00F800F800F876
:1019400000F800F800F800F800F8E7B941F800F8EE
:1019500000F800F800F800F800F808BAEF7BEF7B19
:10196000EF7B55ADDFFFDFFFDFFFDFFFDFFFDFFFD7
:10197000DFFFDFFFDFFFDFFFDFFFDFFFDFFFDFFF77
:10198000DFFFDFFFDFFFDFFFDFFFDFFFDFFFDFFF67
:10199000DFFFDFFFDFFFDFFFDFFF75AD484A00003D
:1019A000C21024210000242101000100E418AB52E0
:1019B00014A5728CAF734529DFFFDFFF4C6BC6396E
:1019C0004D6BB7BDDFFFDFFFCF7BF07BDFFFDFFFBE
:1019D000E3183084D294D29CDFFFDFFFCA524C6BF5
:1019E000D6B5DFFFDFFFDFFF518C2C63E318B19426
:1019F000000020002942000025290D63C318294258
:101A00000842684A4D6B6208E3187FEF54A534A57D
:101A100034A5BAD67FEF7FEF7FEF7FEF7FEF9FEFA9
:101A20009FEF7FEF9FEF9FEF9FF7BFF7BFF7DFFFBE
:101A3000DFFFDFFFDFFFDFFFDFFFDFFFDFFFDFFFB6
:101A4000DFFFDFFFDFFFDFFFDFFFDFFFDFFFDFFFA6
:101A5000D7FD41F020F020F020F020F020F020F021
:101A600020F020F020F041F0C3C88AA2EF7BEF7B8A
:101A7000EF7BEF7BA6D941F041F008FA718CEF7B48
:101A8000EF7B55ADDFFFDFFFDFFFDFFFDFFFDFFFB6
:101A9000DFFFDFFFDFFFDFFFDFFFDFFFDFFFDFFF56
:101AA000DFFFDFFFDFFFDFFFDFFFDFFFDFFFDFFF46
:101AB000DFFFDFFFDFFFDFFFDFFFDFFFDFFFDFFF36
:101AC000DFFFDFFFDFFFDFFFDFFFDFFFFBFE00F8F1
:101AD00000F800F8CBA2A2E800F800F800F800F83F
:101AE00000F800F800F800F8CBA200F800F800F8C1
:101AF00000F800F800F800F8EF7BEF7BEF7BEF7B5E
:101B0000DFFFDFFFDFFFDFFFDFFFDFFFDFFFDFFFE5
:101B1000DFFFDFFFDFFFDFFFDFFFDFFFDFFFDFFFD5
:101B2000DFFFDFFFDFFFDFFFDFFFDFFFDFFFDFFFC5
:101B3000DFFFDFFFDFFFDFFF0F7C44290000000035
:101B4000C21864294C6B2208C8396208E4184D6B2E
:101B50006E6B39C62421DFFFDFFF8952E739494A1E
:101B600038C6DFFFDFFFCF7BDFFFDFFFAE736D6BBC
:101B700079CE2842DFFFDFFF0E7C0A5B6D6BDFFF53
:101B8000DFFFDFFFDFFF2C632421284247420000F4
:101B90000842F8BD410805218731A7316D6B24212A
:101BA00007426D6B6208C3187FEF34A5139D139D28
:101BB0007FEF79CE7FEF7FEF7FEF9FEF9FEF9FEF7C
:101BC0007FEF7FEF9FEF9FF79FF7BFF7BFF7DFF73D
:101BD000DFFFDFFFDFFFDFFFDFFFDFFFDFFFDFFF15
:101BE000DFFFDFFFDFFFDFFFDFFFDFFFDFFF82F071
:101BF00041F020F020F020F020F020F020F020F044
:101C000041F041F0E3A8EF7BEF7BEF7BEF7B1084AB
:101C100092C420F020F041F041F08E8BEF7BBAD6D9
:101C2000DFFFDFFFDFFFDFFFDFFFDFFFDFFFDFFFC4
:101C3000DFFFDFFFDFFFDFFFDFFFDFFFDFFFDFFFB4
:101C4000DFFFDFFFDFFFDFFFDFFFDFFFDFFFDFFFA4
:101C5000DFFFDFFFDFFFDFFFDFFFDFFFDFFFDFFF94
:101C6000DFFFDFFFDFFFDFFFDFFFDFFFCFFB00F87E
:101C700000F800F800F800F800F800F800F800F8A4
:101C800000F804D9EF7BEF7B20F800F800F800F8AB
:101C900000F8C3E8EF7BEF7BEF7BF7BDDFFFDFFFF3
:101CA000DFFFDFFFDFFFE3F869FA30FCDFFFDFFF74
:101CB000DFFFDFFFDFFFDFFFDFFFDFFFDFFFDFFF34
:101CC000DFFFDFFFDFFFDFFFDFFFDFFFDFFFDFFF24
:101CD000DFFFDFFFDFFF2842652900000321242109
:101CE0008D73232136A54E6B000018C60D6356ADCB
:101CF0007ACED7BD4742084A55ADF7C5DFFFDFFFB3
:101D0000DFFF2C63C739D294DFFF484299CEDFFF53
:101D100075ADDFFFDFFF0C5B0000DFFFDFFFDFFFE4
:101D2000DFFF5184718C0000D6B50000E21800007E
:101D30002C63C418B8BD87310000518C2000EA5ACA
:101D4000C63161088D6BB6B5F39C918CF7BD7FEF02
:101D500079CE7FEF9FEF9FEF9FEF9FEF7FEF7FEFBA
:101D60007FEF7FEF9FEF9FEF9FEF7FEF9FEFBFF73B
:101D7000BFF7DFFFDFFFDFFFDFFFDFFFDFFFDFFF9B
:101D8000DFFFDFFFDFFFDFFFDFFF61F020F020F08C
:101D900020F020F020F020F020F041F061E065918B
:101DA0006D6BEF7BEF7BEF7BF39C1CFF41F041F011
:101DB000E3F041F020F020F020F041F092FCDFFF52
:101DC000DFFFDFFFDFFFDFFFDFFFDFFFDFFFDFFF23
:101DD000DFFFDFFFDFFFDFFFDFFFDFFFDFFFDFFF13
:101DE000DFFFDFFFDFFFDFFFDFFFDFFFDFFFDFFF03
:101DF000DFFFDFFFDFFFDFFFDFFFDFFFDFFFDFFFF3
:101E0000DFFFDFFFDFFFDFFFDFFFCFFB00F800F8C2
:101E100000F800F800F800F800F800F869B2EF7B6D
:101E2000EF7BEF7BEF7B5DEFD3FC00F800F800F871
:101E3000A2E8EF7B1084DFFFDFFFDFFF59FE28FA07
:101E4000E3F800F800F800F800F800F804F938FEAC
:101E5000DFFFDFFFDFFFDFFFDFFFDFFFDFFFDFFF92
:101E6000DFFFDFFFDFFFDFFFDFFFDFFFDFFFDFFF82
:101E7000DFFFDFFF0842A631200081100000C218FA
:101E80006D6B328C92940000DFFF97B5DFFF739487
:101E9000DFFFDFFF59D6284A0000000000002000C5
:101EA000E73958CEDFFF684A508C139D54ADDFFFF1
:101EB000DFFFDFFF8F730519DFFFDFFFDFFFDFFFCE
:101EC00055AD8631E739D5B500000000CE73610805
:101ED000F4A47FEFD07B6A520842242190946108D9
:101EE0006108B194918C96AD34A59AD69AD638C62D
:101EF0009FEF7FEF7FEF7FEF7FEF7FEF7FEF7FEF52
:101F00007FEF7FEF7FEF7FEF7FEF7FEF7FEF9FEF41
:101F1000BFF7DFFFDFFFDFFFDFFFDFFFDFFFDFFFF9
:101F2000DFFFDFFFDFFF34FD41F020F020F020F085
:101F300020F041F041F0E3E0EF7BEF7BEF7BEF7BC4
:101F400030847DEFDFFFCBFA41F041F0AAFA82F056
:101F500041F020F020F020F020F020F041F079FE58
:101F6000DFFFDFFFDFFFDFFFDFFFDFFFDFFFDFFF81
:101F7000DFFFDFFFDFFFDFFFDFFFDFFFDFFFDFFF71
:101F8000DFFFDFFFDFFFDFFFDFFFDFFFDFFFDFFF61
:101F9000DFFFDFFFDFFFDFFFDFFFDFFFDFFFDFFF51
:101FA000DFFFDFFFB2FC00F800F800F800F800F8EF
:101FB00000F800F800F88E8BEF7BEF7BEF7BEF7B78
:101FC000BAD6DFFFDFFFDFFF69CA00F800F800F8CC
:101FD000EF7BBEFF00F800F800F800F800F800F80A
:101FE00000F800F800F800F800F800F800F8DFFF4B
:101FF000DFFFDFFFDFFFDFFFDFFFDFFFDFFFDFFFF1
:10200000DFFFDFFFDFFFDFFFDFFFDFFFDFFFDFFFE0
:1020100035A52942200000004108C218A2102F84D3
:102020004A4A8D730000DFFFDFFFDFFFB8BD0C639E
:10203000400800000000B6BD284A03210000E7392F
:10204000B194AD7364292F8450849AD6DFFFDFFFEB
:10205000DFFF2E63F17B718C6529DFFF4D6B8E6B8B
:102060002000DFFF47420000C1107FEFC3187FE769
:102070002E636B5200000000E3187FEF884AA11026
:1020800095ADAA5218C6928C9FEF18C67ACE7FEFF4
:102090007FEF7FEF7FEF7FEF7FEF7FEF7FEF7FEFD0
:1020A0007FEF7FEF7FEF7FEF7FEF7FEF7FEF9FEFA0
:1020B000BFF7DFF7DFFFDFFFDFFFDFFFDFFFDFFF60
:1020C000DFFFDFFFDFFFE7F920F020F041F041F014
:1020D000CBA2EF7BEF7BEF7BEF7B9294BEF7DFFF32
:1020E000E7F941F020F020F020F020F020F020F07F
:1020F00020F020F020F020F020F041F041F0DBEE65
:10210000DFFFDFFFDFFFDFFFDFFFDFFFDFFFDFFFDF
:10211000DFFFDFFFDFFFDFFFDFFFDFFFDFFFDFFFCF
:10212000DFFFDFFFDFFFDFFFDFFFDFFFDFFFDFFFBF
:10213000DFFFDFFFDFFFDFFFDFFFDFFFDFFFDFFFAF
:102140003CFF00F800F800F800F800F800F800F88C
:1021500000F86D8BEF7BEF7BEF7B518C59CEDFFF6F
:10216000DFFFDFFFDFFFB6FD00F800F800F8CF83E8
:1021700059FE00F800F800F800F800F800F800F840
:1021800000F800F800F800F800F800F8718CDFFFA4
:10219000DFFFDFFFDFFFDFFFDFFFDFFFDFFFDFFF4F
:1021A000DFFFDFFFDFFFDFFFDFFFDFFFDFFF728C1F
:1021B000AA52242100000000E6390000DFFF4C6B2A
:1021C000308C4108DFFFDFFF76B5DFFF00004008FD
:1021D0000319DFFFC73121000100E83986292000FB
:1021E000B6B50742B9D6708CDFFFDFFFDFFFDFFF38
:1021F0006D6B99D6DFFFDFFFDFFF8A5240000319C6
:10220000BFF7083A610849420E8403217FE708427C
:10221000294220006108400891946529A31015BE49
:10222000D49CF4BD2E847FEF17BE9AD67FEF7FEF4C
:102230007FE77FEF7FEF7FEF9FEF7FEF7FEF7FEF16
:102240007FEF7FEF7FEF7FEF7FEF7FEF9FEF9FEFDE
:10225000BFF7DFF7DFFFDFFFDFFFDFFFDFFFDFFFBE
:10226000DFFFDFFFBEFF82E841F041F0CBA2EF7B52
:10227000EF7BEF7BEF7B79CEDFFFDFFFCFFB41F022
:1022800041F020F020F020F020F020F020F020F0AD
:1022900020F020F020F020F020F020F0E7C91CE72B
:1022A000DFFFDFFFDFFFDFFFDFFFDFFFDFFFDFFF3E
:1022B000DFFFDFFFDFFFDFFFDFFFDFFFDFFFDFFF2E
:1022C000DFFFDFFFDFFFDFFFDFFFDFFFDFFFDFFF1E
:1022D000DFFFDFFFDFFFDFFFDFFF9EFF10FC00F807
:1022E00000F800F800F800F800F824D949B200F826
:1022F00000F8AAAACF837DEFDFFFDFFFDFFFDFFF5C
:10230000DFFFDFFF41F800F800F800F800F800F800
:1023100000F800F800F800F800F800F800F800F8FD
:1023200000F800F800F800F820F8EF7B9AD6DFFFFD
:10233000DFFFDFFFDFFFDFFFDFFFDFFFDFFFDFFFAD
:10234000DFFFDFFFDFFFDFFFDFFFDFFF8E732842EE
:1023500040088110A11027424429CE73AE736D73DB
:1023600000006E73F8C5F8C500008210DFFFDFFFC4
:10237000718C62089BD64629DFFFDFFF200000003A
:10238000DFFF0B63684A58CEDFFFDFFFDFFFDFFFB1
:102390009AD6DFFFDFFFB7B5D39C6529F7BD96ADB1
:1023A00000006E6BD7BD0000EF7BD39CCB5A0000C2
:1023B000000000006529C639410862086A6BF49C78
:1023C0007FEF073A7FEF17C69AD67FE77FE77FEF69
:1023D0007FEF7FEF7FEF9FEF9FEF7FEF7FEF7FEF4D
:1023E0007FEF7FEF7FEF7FEF7FEF7FEF7FEF9FEF5D
:1023F000BFF7DFF7DFFFDFFFDFFFDFFFDFFFDFFF1D
:10240000DFFFDFFF7DEFEF7BEF7BEF7BEF7BEF7B92
:102410009AD6DFFFDFFFBAFE41F020F020F020F077
:1024200020F020F020F020F020F020F020F020F02C
:1024300020F020F020F041F0E7C1EF7BEF7B7DEF53
:10244000DFFFDFFFDFFFDFFFDFFFDFFFDFFFDFFF9C
:10245000DFFFDFFFDFFFDFFFDFFFDFFFDFFFDFFF8C
:10246000DFFFDFFFDFFFDFFFDFFFDFFFDFFFDFFF7C
:10247000DFFFDFFFDFFFB2FC00F800F800F800F834
:1024800000F800F800F828BAEF7BEF7B00F800F8BE
:1024900000F800F800F886F9F3FCDFFFDFFFDFFF4C
:1024A000DFFFC3F800F800F800F800F800F800F8C3
:1024B00000F800F800F800F800F800F845D18E8B1D
:1024C000EF7BEF7BEF7BEF7B1084D7BDDFFFDFFF80
:1024D000DFFFDFFFDFFFDFFFDFFFDFFFDFFFDFFF0C
:1024E000DFFFDFFFDFFFDFFF9AD6E73900002000C4
:1024F000CE7BA5310B5B85316D6B107C10848A4AD5
:10250000DFFF5ACE97B50000DFFFDFFFDFFFC739DF
:10251000DFFF9294EC5AC3182D634521000058C682
:10252000DFFFB9D6DFFFDFFFDFFFDFFFDFFFDFFF0A
:10253000DFFFDFFF75AD073ABFF79FF7694AC318A2
:102540005ACE19C6AA527FE700002421410861082B
:102550008531139DA9524108E84163296E6B93AD03
:1025600047425ACEF39C7FEF7FEF7FEF7FEF7FEF05
:102570009FEF9FEF9FEF9FEF9FEF7FEF7FEF7FEF4B
:102580007FEF7FEF7FEF7FEF7FEF7FEF9FEF9FEF9B
:102590009FF7DFF7DFFFDFFFDFFFDFFFDFFFDFFF9B
:1025A000DFFFDFFFDFFFBEF714A5DFFFDFFFDFFF89
:1025B00034FD41F020F020F020F020F020F020F059
:1025C00020F020F020F020F020F020F020F020F08B
:1025D00041F0AAA2EF7BEF7BEF7BEF7BBAD6DFFF68
:1025E000DFFFDFFFDFFFDFFFDFFFDFFFDFFFDFFFFB
:1025F000DFFFDFFFDFFFDFFFDFFFDFFFDFFFDFFFEB
:10260000DFFFDFFFDFFFDFFFDFFFDFFFDFFFDFFFDA
:10261000D7FD00F800F800F800F800F800F800F81E
:1026200000F84D93EF7BEF7BEF7B00F800F800F8AC
:1026300000F800F800F800F8C3F8DFFFDFFFDFFF65
:10264000AEFB00F800F800F800F800F800F800F819
:1026500000F800F800F800F8C3E0EF7BEF7BEF7BB9
:10266000EF7B34A5D7BDDBDEDFFFDFFFDFFFDFFF62
:10267000DFFFDFFFDFFFDFFFDFFFDFFFDFFFDFFF6A
:10268000DFFFDFFFDFFFF7BD20000000400891946F
:102690004C6344298E73DFFF083A1084AB52DFFF8E
:1026A000DFFFDFFF0000DFFFDFFFDFFFC3100C6392
:1026B000D7B500002421B39445292000DFFFDFFFB8
:1026C000DFFFDFFFDFFFDFFFDFFFDFFFDFFFDFFF1A
:1026D000DFFF34A558CE9FEF96B54108107C528C91
:1026E00046297FE75ACE318CE4200000000000002C
:1026F000EE7B95B54108518C422187310A5B063A41
:102700007FEFD2947FEF7FEF7FEF9FEF9FEF9FEF01
:102710007FEF9FEF9FEF9FEF7FEF7FEF7FEF7FEFE9
:102720007FE77FE77FE77FEF7FEF7FEF7FEF7FEF51
:10273000BFF7DFFFDFFFDFFFDFFFDFFFDFFFDFFFD1
:10274000DFFFDFFFDFFFDFFFBEFFF3FC41F020F024
:1027500020F020F020F020F020F020F020F020F0F9
:1027600020F020F020F020F020F020F020F0AAA2AD
:1027700041F06D8BB294BEF7DFFFDFFFDFFFDFFFBD
:10278000DFFFDFFFDFFFDFFFDFFFDFFFDFFFDFFF59
:10279000DFFFDFFFDFFFDFFFDFFFDFFFDFFFDFFF49
:1027A000DFFFDFFFDFFFDFFFDFFFDFFFDFFFD3FC48
:1027B00000F800F800F800F800F800F800F8E3E08E
:1027C000EF7BEF7B1084B2D400F800F800F800F83B
:1027D00000F800F800F828CA9EF7DFFFDFFF14FDBD
:1027E00000F800F800F800F800F800F800F800F829
:1027F00000F800F800F824D9EF7B108434A57DEFB1
:10280000DFFFDFFFDFFFDFFFDFFFDFFFDFFFDFFFD8
:10281000DFFFDFFFDFFFDFFFDFFFDFFFDFFFDFFFC8
:10282000DFFFDFFF96B52421610800006D6B484291
:10283000073ADFFFDFFFC73139C6AF73DFFFDFFFC6
:10284000DFFF2D63DFFFDFFFDFFF0000B6B576ADF2
:10285000252124212D6375AD4529DFFFDFFFDFFF33
:10286000DFFFDFFFDFFFDFFFDFFFDFFFDFFFDFFF78
:10287000DFFFBFF77FEF4C63820839C66A4A6E6B91
:102880007FE7B7B5D39C00002842A110C2180219F7
:10289000708C232114A5A2108B52642926427FEF4D
:1028A000139D7FEF7FEF7FEF9FEF9FEF9FEF7FEF16
:1028B0007FEF7FEF7FEF7FEF7FEF7FEF7FEF7FE7B0
:1028C0007FE77FE77FEF7FEF7FEF7FEF7FEF9FEF88
:1028D000BFF7DFFFDFFFDFFFDFFFDFFFDFFFDFFF30
:1028E000DFFFDFFFDFFF45F141F041F020F020F096
:1028F00020F020F020F020F020F020F020F020F058
:1029000020F020F020F020F020F020F08AAA41F002
:1029100086C979CEDFFFDFFFDFFFDFFFDFFFDFFFED
:10292000DFFFDFFFDFFFDFFFDFFFDFFFDFFFDFFFB7
:10293000DFFFDFFFDFFFDFFFDFFFDFFFDFFFDFFFA7
:10294000DFFFDFFFDFFFDFFFDFFFDFFFDFFF00F87D
:1029500000F800F800F800F800F8EF7BEF7BEF7B61
:102960008EBB00F800F800F800F800F800F800F856
:1029700000F800F869B2EF7B3CE7DFFF59FE00F892
:1029800000F800F800F800F800F8C7C100F800F8F7
:1029900000F800F886C9EF7BDFFFDFFFDFFFDFFF16
:1029A000DFFFDFFFDFFFDFFFDFFFDFFFDFFFDFFF37
:1029B000DFFFDFFFDFFFDFFFDFFFDFFFDFFFDFFF27
:1029C000DFFF34A5AA5244216008EB5A8952E73947
:1029D000B294DFFFAF73DFFFDFFFDFFFDFFFDFFF5B
:1029E000DFFFDFFF8210DFFF000014A54D6BDFFF6C
:1029F000D7B575ADDFFF494218C6DFFFDFFFDFFF48
:102A0000DFFFDFFFDFFFDFFFDFFFDFFFDFFFBFF7FE
:102A10009FEF7FEF7FEF7FEF7FE7AE737FE77FE78B
:102A20002521A3180000E7390000D2940B63031995
:102A30002B634A4A8210F17B6529D1941AC6D6BD10
:102A40007FEF7FEF9FEF9FEF7FEF7FEF7FEF7FEFD6
:102A50007FEF7FEF7FEF7FEF7FEF7FEF7FEF7FEF06
:102A60007FE77FEF7FEF7FEF7FEF7FEF7FEFBFF7B6
:102A7000BFF7DFFFDFFFDFFFDFFFDFFFDFFFDFFF8E
:102A8000DFFF41F020F020F020F020F020F020F0D7
:102A900020F020F020F020F020F020F028B26D8B04
:102AA000EF7B41F020F020F020F028B2CF8345F1F9
:102AB000EF7BDFFFDFFFDFFFDFFFDFFFDFFFDFFF9A
:102AC000DFFFDFFFDFFFDFFFDFFFDFFFDFFFDFFF16
:102AD000DFFFDFFFDFFFDFFFDFFFDFFFDFFFDFFF06
:102AE000DFFFDFFFDFFFDFFFDFFFDFFFBAFE00F802
:102AF00000F800F841F8EF7BEF7BEF7BE3F000F8A4
:102B000000F800F800F800F800F800F841F0EF7B5A
:102B1000EF7BEF7BEF7B5DEFDFFF59FE00F800F806
:102B200000F800F88E8BEF7BEF7B82E800F800F86E
:102B300000F8E7B9EF7BDFFFDFFFDFFFDFFFDFFF3D
:102B4000DFFFDFFFDFFFDFFFDFFFDFFFDFFFDFFF95
:102B5000DFFFDFFFDFFFDFFFDFFFDFFFDFFFDFFF85
:102B6000AE738D732C63484AD29C45296529A318FE
:102B7000DFFF2D63DFFFDFFFDFFFDFFFDFFFDFFFB3
:102B8000DFFF6A52DFFFDFFF652917BE918CB29429
:102B9000DFFFAB52DFFFDFFFDFFFDFFFDFFFDFFF26
:102BA000DFFFDFFFDFFFDFFFDFFFDFF79FF77FEFF5
:102BB0007FEF7FE78E6B6D6B894A918C56AD7ACE35
:102BC0008A52000020000F84CA5A929400004F8459
:102BD00041080A5B7FEF44297FEF56AD33A57FEFB5
:102BE0007FEF7FEF7FEF7FEF7FEF7FEF7FEF7FEF75
:102BF0007FE77FEF7FEF7FEF7FEF7FEF7FEF7FE775
:102C00007FEF7FEF7FEF7FEF7FEF9FEF9FEF9FF7EC
:102C1000DFFFDFFFDFFFDFFFDFFFDFFFDFFFDFFFC4
:102C20007DFF20F020F020F020F020F020F020F0B8
:102C300041F041F061F0AE83EF7BEF7BEF7BEF7B08
:102C400041F020F020F020F028BAEF7B59CE82F03E
:102C50003CE7DFFFDFFFDFFFDFFFDFFFDFFFDFFF3F
:102C6000DFFFDFFFDFFFDFFFDFFFDFFFDFFFDFFF74
:102C7000DFFFDFFFDFFFDFFFDFFFDFFFDFFFDFFF64
:102C8000DFFFDFFFDFFFDFFFDFFFDFFF04E900F82B
:102C9000E3E0EF7B45D100F800F800F800F800F819
:102CA00000F800F800F800F800F849B2EF7BEF7B7D
:102CB00075ADDFFFDFFFDFFFB6FD00F800F800F8BD
:102CC0008AAAEF7BEF7B108424F100F800F800F86B
:102CD00069B2EF7BDFFFDFFFDFFFDFFFDFFFDFFF3B
:102CE000DFFFDFFFDFFFDFFFDFFFDFFFDFFFDFFFF4
:102CF000DFFFDFFFDFFFDFFFDFFFDFFFDFFF85310C
:102D00008110484A484A918C2C6300000000DFFF84
:102D1000E741DFFFDFFFDFFFDFFF6110DFFFDFFFE6
:102D2000DFFFDFFFDFFF79CEC639C6398952D7BD55
:102D3000DFFFDFFFDFFFDFFFDFFFDFFFDFFFDFFFA3
:102D4000DFFFDFFFDFFFBFF7BFF77FEF0F7C4D6BCC
:102D50006529000000000000918C9BD6D39C45297A
:102D6000AE738210452934A5728C01006429410894
:102D7000A952B59C2B637FEFF5A475AD7FEF7FEF74
:102D80007FEF7FEF7FEF7FEF7FEF7FE77FE77FE7EB
:102D90007FE77FEF7FEF7FEF7FEF7FEF7FE77FEFD3
:102DA0007FEF7FEF7FEF7FEF9FEF9FEF9FEFBFF70B
:102DB000DFFFDFFFDFFFDFFFDFFFDFFFDFFFDFFF23
:102DC000BEF70CBB41F020F020F020F020F041F0E5
:102DD0006D8BEF7BEF7BEF7B55ADFBDEDFFF41F0D3
:102DE00020F020F020F065D1EF7B55ADDFFFC3E090
:102DF00086E9DFFFDFFFDFFFDFFFDFFFDFFFDFFF52
:102E0000DFFFDFFFDFFFDFFFDFFFDFFFDFFFDFFFD2
:102E1000DFFFDFFFDFFFDFFFDFFFDFFFDFFFDFFFC2
:102E2000DFFFDFFFDFFFDFFFDFFF9AFE04E1CF837D
:102E3000EF7B00F800F800F800F800F800F800F860
:102E400000F800F800F800F820F8AE833084DFFFC7
:102E5000DFFFDFFFDFFF55FD00F800F800F8EB9A19
:102E6000EF7B75AD7DEF65F900F800F800F88AAAF0
:102E7000EF7BDFFFDFFFDFFFDFFFDFFFDFFFDFFFD6
:102E8000DFFFDFFFDFFFDFFFDFFFDFFFDFFFDFFF52
:102E9000DFFFDFFFDFFFDFFFDFFFDFFF2000852930
:102EA0008529E6392F840C636529000092948A5A9B
:102EB000DFFFDFFFDFFFDFFFDFFFDFFFDFFFDFFF22
:102EC000DFFFDFFFDFFFDFFFDFFF718CDFFFDFFFF3
:102ED000DFFFDFFFDFFFDFFFDFFFDFFFDFFFDFFF02
:102EE000DFFFDFFFBFF79FF77FEF96AD00006108C0
:102EF00040000000474200007FE78A5255ADB2947F
:102F0000853108427FEF2D6B8310200082104B6BC0
:102F10004C4AF6BD7FEF77ADD6BD7FEF7FEF7FEFF9
:102F20007FEF7FEF7FEF7FEF7FE77FE77FE77FE751
:102F30007FEF7FEF7FEF7FEF7FEF7FE77FEF7FEF29
:102F40007FEF7FEF7FEF9FEF9FEF9FEFBFF7DFFFF9
:102F5000DFFFDFFFDFFFDFFFDFFFDFFFDFFFDFFF81
:102F60009EF724D120F020F020F020F041F0AE8335
:102F7000EF7BEF7BD7BDDFFFDFFFDFFF41F020F00E
:102F800020F020F065D1EF7BF7BDDFFF9AE624D972
:102F900024F151FC9EFFDFFFDFFFDFFFDFFFDFFFDC
:102FA000DFFFDFFFDFFFDFFFDFFFDFFFDFFFDFFF31
:102FB000DFFFDFFFDFFFDFFFDFFFDFFFDFFFDFFF21
:102FC000DFFFDFFFDFFFDFFFDFFF7DEFB294EF7B8F
:102FD000AEFB00F800F800F800F800F800F841F83F
:102FE00000F800F800F820F800F800F845F9DFFFD5
:102FF000DFFFDFFF51FC00F800F800F88E8BEF7B5D
:10300000DFFFDFFFE3F800F800F800F80C9BEF7B30
:10301000DFFFDFFFDFFFDFFFDFFFDFFFDFFFDFFFC0
:10302000DFFFDFFFDFFFDFFFDFFFDFFFDFFFDFFFB0
:10303000DFFFDFFFDFFFDFFFD49C05212100210040
:103040000000318429426A4A41082000611018CEEC
:10305000DFFFDFFFDFFFDFFFDFFFDFFFDFFFDFFF80
:103060006D7BDFFFDFFFDFFFDFFFDFFFDFFFDFFF66
:10307000DFFFDFFFDFFFDFFFDFFFDFFFDFFFDFFF60
:10308000BFF79FEF7FEF7ACE00002942A739694A48
:103090007FE7E4184108EA5A7FEF6529728C8210B5
:1030A0007FEF9BD604216A4A8210C739D39C8210D5
:1030B0007FEF92947FE778CE7FE77FE77FE77FE738
:1030C0007FE77FE77FEF7FE77FE77FE77FE77FEFC0
:1030D0007FEF7FEF7FEF7FEF7FEF7FEF7FEF7FEF80
:1030E0007FEF7FEF7FEF9FEF9FEF9FEFBFF7DFFF58
:1030F000DFFFDFFFDFFFDFFFDFFFDFFFDFFFDFFFE0
:1031000045F120F020F020F020F041F0EF7BEF7B44
:103110005DEFDFFFDFFFDFFFDFFF41F020F020F09A
:1031200020F0C3E0EF7B34A59AFE92FCAEFB41F0A9
:1031300020F020F041F09AFEDFFFDFFFDFFFDFFF2E
:10314000DFFFDFFFDFFFDFFFDFFFDFFFDFFFDFFF8F
:10315000DFFFDFFFDFFFDFFFDFFFDFFFDFFFDFFF7F
:10316000DFFFDFFFDFFFDFFFDFFFDFFFBEF7DFFF98
:1031700000F800F800F800F800F804D961F000F851
:1031800000F800F828B200F800F800F800F85DFF39
:10319000DFFFEBFA00F800F800F8EF7BEF7BDFFFD2
:1031A000DFFFC3F800F800F800F86D8BEF7BDFFF5E
:1031B000DFFFDFFFDFFFDFFFDFFFDFFFDFFFDFFF1F
:1031C000DFFFDFFFDFFFDFFFDFFFDFFFDFFFDFFF0F
:1031D000DFFFDFFFDFFF294AEF7B00000000000078
:1031E000518C2D63E839DFFFDFFF0000DFFFDFFFD9
:1031F000DFFFDFFFDFFFDFFFDFFFDFFFDFFFDFFFDF
:10320000DFFFDFFFDFFFDFFFDFFFDFFFDFFFDFFFCE
:10321000DFFFDFFFDFFFDFFFDFFFDFFFDFFFBFF7E6
:103220007FEF7FEF00007FEFD39CC31866297FE715
:10323000000000007FEF41087FE7CF7B7FE77FEF53
:10324000108400006208E7396D6B7FE76629518CB6
:10325000F39C7FE77FEF7FE77FE77FE77FE77FE70D
:103260007FE77FEF7FE77FE77FEF7FEF7FEF7FEF06
:103270007FEF7FEF7FEF7FEF9FEF7FEF7FEF7FEFBE
:103280007FEF7FEF9FEF9FEF7FEFBFF7DFFFDFFF66
:10329000DFFFDFFFDFFFDFFFDFFFDFFFDFFFA2F08A
:1032A00020F020F020F020F041F0EF7BEF7BDFFFFB
:1032B000DFFFDFFFDFFFBAFE41F020F020F020F05B
:1032C00020F020F020F020F020F020F020F020F07E
:1032D00020F020F020F0EFFBDFFFDFFFDFFFDFFF5C
:1032E000DFFFDFFFDFFFDFFFDFFFDFFFDFFFDFFFEE
:1032F000DFFFDFFFDFFFDFFFDFFFDFFFDFFFDFFFDE
:10330000DFFFDFFFDFFFDFFFDFFFDFFFDFFF00F8B3
:1033100041F800F800F869AAEF7B65D100F800F8E1
:1033200000F869B286C900F800F800F8A2F8DBFEE0
:1033300008FA00F800F800F8EF7BEF7BDFFFDFFF13
:1033400082F800F800F800F8AE83EF7BDFFFDFFFC4
:10335000DFFFDFFFDFFFDFFFDFFFDFFFDFFFDFFF7D
:10336000DFFFDFFFDFFFDFFFDFFFDFFFDFFFDFFF6D
:10337000DFFFDFFFAB52518C0000E41804218E7395
:10338000694ACB5ADFFFDFFF284A929CDFFFDFFF4D
:10339000DFFFDFFF4118DFFFDFFFDFFFDFFFDFFFC2
:1033A000DFFFDFFFDFFFDFFFDFFFDFFFDFFFDFFF2D
:1033B000DFFFDFFFDFFFDFFFDFFFDFF79FF77FEFDD
:1033C0007FEFC3187FEF35A520004108B7B5000097
:1033D000C3187FEF4D6B7FE7BAD67FE7B7B5B294DE
:1033E000C3180000518C08428A52CB5A518CD39C8E
:1033F0007FE77FEF7FE77FE77FE77FE77FE77FE795
:103400007FEF7FE77FE77FEF7FEF7FEF7FEF7FEF5C
:103410007FEF7FEF7FEF9FF79FEF7FEF7FEF7FEFF4
:103420007FEF9FEF9FEF7FEF9FF7DFFFDFFFDFFF74
:10343000DFFFDFFFDFFFDFFFDFFFDFFFC7F920F088
:1034400020F020F020F041F0EF7BEF7BDFFFFBFE70
:1034500030FCCBFA20F020F020F020F020F020F01B
:1034600020F020F020F020F020F020F020F020F0DC
:1034700020F020F041F0DFFFDFFFDFFFDFFFDFFFA5
:10348000DFFFDFFFDFFFDFFFDFFFDFFFDFFFDFFF4C
:10349000DFFFDFFFDFFFDFFFDFFFDFFFDFFFDFFF3C
:1034A000DFFFDFFFDFFFDFFFDFFFDFFF00F800F8F8
:1034B000AE8369AAEF7BEF7BC7C100F800F800F884
:1034C000AAA2EF7BD3CC00F800F800F824D920F8AA
:1034D00000F800F800F8EF7B3084DFFFDFFF00F832
:1034E00000F800F800F8CF7BEF7BDFFFDFFFDFFFA6
:1034F000DFFFDFFFDFFFDFFFDFFFDFFFDFFFDFFFDC
:10350000DFFFDFFFDFFFDFFFDFFFDFFFDFFFDFFFCB
:10351000AF7376AD17C60000E739A6318E733084DD
:103520002D630000DFFFDFFF7294DFFFDFFFDFFFAF
:10353000DFFFDFFFDFFFDFFFDFFFDFFFDFFFDFFF9B
:10354000DFFFDFFFDFFFDFFFDFFFDFFFDFFFDFFF8B
:10355000DFFFDFFFDFFFDFFFBFF77FEF7FEF7FEFF3
:10356000863138C6318400000000C739821000005F
:103570007FEF7FEF04217FE7B294F39C0C63200080
:1035800020000742718C2000D7BDD39C7FEFB394FD
:103590007FEF7FE77FE77FE77FE77FE77FE77FEFEB
:1035A0007FE77FE77FEF7FEF7FEF7FEF7FE77FE7CB
:1035B0007FEF7FEF9FF79FF77FEF7FEF7FEF9FEF2B
:1035C0009FEF9FEF7FEF9FEFBFF7DFFFDFFFDFFF93
:1035D000DFFFDFFFDFFFDFFFDFFF5DFF41F041F0D7
:1035E00020F020F020F020F020F020F020F020F05B
:1035F00020F020F020F020F020F020F020F020F04B
:1036000020F020F020F020F020F041F041F0A2E086
:10361000A6C9EB9AEF7BD7BDDFFFDFFFDFFFDFFF40
:10362000DFFFDFFFDFFFDFFFDFFFDFFFDFFFDFFFAA
:10363000DFFFDFFFDFFFDFFFDFFFDFFFDFFFDFFF9A
:10364000DFFFDFFFDFFFDFFFBEFF00F800F800F85D
:1036500000F8EF7B9294EBFA00F800F800F8AAA2C9
:10366000EF7B9AD600F800F800F800F800F800F8B0
:1036700000F800F8EF7BD39CDFFFDFFF00F800F8D5
:1036800000F800F8EF7BEF7BDFFFDFFFDFFFDFFFFE
:10369000DFFFDFFFDFFFDFFFDFFFDFFFDFFFDFFF3A
:1036A000DFFFDFFFDFFFDFFFDFFFDFFFDFFF2D6378
:1036B000B7B5DFFFC1184C6B484AF39CD39CAF737E
:1036C000821076ADDFFFDFFF2531DFFFDFFFDFFF99
:1036D000DFFF56C5C320DFFFDFFFF7C5DFFFDFFFDA
:1036E000DFFFDFFFDFFFDFFFDFFFDFFFDFFFDFFFEA
:1036F000DFFFDFFFDFF79FF77FEF7FEF7FE78631A9
:10370000B6B534A5AE73D39C0842718C494A7FEF9D
:103710007FEF0000694A28422742E73900002C6306
:10372000CE7B6D6B82106A4A8731D7BD7FEF7FEF0A
:103730007FE77FE77FE77FE77FE77FE77FEF7FEF49
:103740007FEF7FEF7FEF7FEF7FEF7FE77FE77FEF19
:103750007FEF9FEFBFF79FEF7FEF9FEF9FF77FEF29
:103760007FEF7FEF7FEFBFF7DFF7DFFFDFFFDFFFE9
:10377000DFFFDFFF34FD0CFB41F020F020F020F0F4
:1037800020F020F020F020F020F020F020F020F0B9
:1037900020F020F020F020F020F041F024D9C7C123
:1037A0000C9BEF7BEF7BEF7BEF7BEF7BEF7BEF7B8C
:1037B000EF7BEF7BEF7BDFFFDFFFDFFFDFFFDFFF75
:1037C000DFFFDFFFDFFFDFFFDFFFDFFFDFFFDFFF09
:1037D000DFFFDFFFDFFFDFFFDFFFDFFFDFFFDFFFF9
:1037E000DFFFDFFFDFFFF3FC00F800F800F800F870
:1037F0003CE7108469FA00F800F800F8EBA2EF7BD0
:103800009AD634FD00F800F800F800F800F800F847
:1038100000F8EF7BB6B5DFFFDFFF00F800F800F837
:1038200000F8EF7BEF7BDFFFDFFFDFFFDFFFDFFF76
:10383000DFFFDFFFDFFFDFFFDFFFDFFFDFFFDFFF98
:10384000DFFFDFFFDFFFDFFFDFFFDFFFCF7B728CFC
:10385000DFFF00006C6B81088E7355ADC7394529B9
:103860000000DFFFDFFFDFFFCB62DFFFDFFFDFFFF7
:10387000DFFFDFFFDFFFDFFF59D6DFFFDFFFDFFF07
:10388000DFFFDFFFDFFFDFFFDFFFDFFFDFFFDFFF48
:10389000DFF7BFF77FEF7FEF7FE77FE76108D7BDF7
:1038A000E73959CE7FEF7FEF65297FEF7FEF7FEF1D
:1038B0000000C639684A7FEFD2940000AA52B19442
:1038C0000000AA527FEF7FEF7FEF66297FEF7FE74F
:1038D0007FE77FE77FE77FE77FEF7FEF7FEF7FEF98
:1038E0007FEF7FE77FE77FE77FE77FE77FE77FEF98
:1038F0007FEF9FF79FEF7FEF9FEFBFF79FEF7FEF88
:103900007FEF7FEF9FF7BFF7DFFFD7FD04F120F0D8
:1039100020F020F020F020F020F020F020F020F027
:1039200020F020F020F020F020F061F024D98AAAC5
:1039300061F020F020F020F0A6C1EF7BEF7BEF7B61
:10394000EF7BEF7BD39CF7BDBAD61CE7DFFFDFFF31
:10395000DFFFDFFFDFFFDFFFDFFFDFFFDFFFDFFF77
:10396000DFFFDFFFDFFFDFFFDFFFDFFFDFFFDFFF67
:10397000DFFFDFFFDFFFDFFFDFFFDFFFDFFFDFFF57
:10398000DFFFDFFFEBFA00F800F800F800F8929490
:10399000EF7BC7F900F800F800F8EB9AEF7B9AD6B6
:1039A0009EFF00F800F800F800F800F800F800F8B2
:1039B000EF7B38C6DFFFDFFF00F800F800F800F803
:1039C000EF7BEF7BDFFFDFFFDFFFDFFFDFFFDFFFEF
:1039D000DFFFDFFFDFFFDFFFDFFFDFFFDFFFDFFFF7
:1039E000DFFFDFFFDFFFDFFFDFFF30841084B5B5CF
:1039F0000000AE73694A2C6396B5242100000000D4
:103A0000DFFFDFFFDFFF8A5ADFFFDFFFDFFF7ADE46
:103A1000DFFFDFFFDFFFDFFFDFFFDFFFDFFFDFFFB6
:103A2000DFFFDFFFDFFFDFFFDFFFDFFFDFFFBFF7CE
:103A3000BFF77FEF7FEF7FE77FE7D6BD82107FEF95
:103A4000CF7BA631508C79CE7FEF7FEF7FEF2000C8
:103A50002321EA5A0F840A5BE739863161080000A6
:103A60007FEF7FEF7FEF7BD6D07B7FEF7FE77FE736
:103A70007FE77FEF7FEF7FEF7FEF9FEF7FEF7FEFBE
:103A80007FE77FE77FE77FE77FE77FE77FEF7FEFF6
:103A90009FEF7FEF7FEF7FEFBFF79FEF7FEF7FEF2E
:103AA0007FEF9FEF7EF7CBFA41F041F020F020F05E
:103AB00020F020F020F020F020F020F020F020F086
:103AC00020F020F024D9AAAAEF7BEF7BEF7B61F0F6
:103AD00020F020F020F008BAEF7BEF7BD39C38C6B3
:103AE000FBDEDFFFDFFFDFFFDFFFDFFFDFFFDFFFEB
:103AF000DFFFDFFFDFFFDFFFDFFFDFFFDFFFDFFFD6
:103B0000DFFFDFFFDFFFDFFFDFFFDFFFDFFFDFFFC5
:103B1000DFFFDFFFDFFFDFFFDFFFDFFFDFFFDFFFB5
:103B2000DFFF00F800F800F800F82C9B2C93EF7BE7
:103B300061F800F800F800F82C93EF7BDBDEDFFF84
:103B4000DFFF00F8A6C900F800F800F804D9EF7B01
:103B50001CE7DFFFDFFF00F800F800F800F8EF7B5C
:103B60003084DFFFDFFFDFFFDFFFDFFFDFFFDFFF8F
:103B7000DFFFDFFFDFFFDFFFDFFFDFFFDFFFDFFF55
:103B8000DFFFDFFFDFFFDFFF92940F846D6B00002C
:103B900030840421084210848E7361088A52AA5A24
:103BA000DFFFDFFFDFFF2D73DFFFDFFFDFFFDFFF63
:103BB000DFFFDFFFDFFF25216D6B79CEDFFFDFFF4A
:103BC000DFFFDFFFDFFFDFFFDFFFDFFFBFF79FEF7D
:103BD0007FEF7FEF7FE77FE77FE77FEFCB5A8108BB
:103BE000718C7FEF7FEF7FEF7FE779CE0000C952C6
:103BF000063A074200004D6B7FE78A527FEF7FEF66
:103C00007FEF46296E737FEF7FEF7FE77FE77FE7E8
:103C10007FEF7FEF7FEF9FF79FF77FEF7FEF7FE7EC
:103C20007FE77FE77FE77FE77FE77FE77FEF7FEF54
:103C30007FEF7FEF7FEF9FF79FEF7FEF7AEEC3F08D
:103C400020F020F020F020F020F020F020F020F0F4
:103C500020F020F041F061F045D1EB9AEF7BEF7B53
:103C6000EF7BEF7BEF7BEF7BEF7B108482F020F02C
:103C700020F020F08AAAEF7B75ADDFFFDFFFDFFFCA
:103C8000DFFFDFFFDFFFDFFFDFFFDFFFDFFFDFFF44
:103C9000DFFFDFFFDFFFDFFFDFFFDFFFDFFFDFFF34
:103CA000DFFFDFFFDFFFDFFFDFFFDFFFDFFFDFFF24
:103CB000DFFFDFFFDFFFDFFFDFFFDFFFDFFF96FD5F
:103CC00000F800F800F800F8EF7B00F824E900F8AD
:103CD00000F800F800F86D8BEF7BDBDEDFFFDFFF25
:103CE000FBFE51B400F800F800F80C9BEF7BDFFFFF
:103CF000DFFFDFFF00F800F800F800F8EF7B30840A
:103D0000DFFFDFFFDFFFDFFFDFFFDFFFDFFFDFFFC3
:103D1000DFFFDFFFDFFFDFFFDFFFDFFFDFFFDFFFB3
:103D2000DFFFDFFF0F84EF7B18C659CEDFFFA7311F
:103D300000000000EB5AD39C6529652900084D73EB
:103D4000DFFFDFFFDFFF4952DFFFDFFFDFFFDFFFC6
:103D5000DFFFDFFF2529DFFF59CE34A58A5276B574
:103D6000DFFFDFFFDFFFDFFFDFF79FF77FEF7FEF93
:103D70007FEF7FE77FE77FE77FEF7FEF7FE77FEFF3
:103D80007FEF7FEF7FEF7FE7C21820004E846B6BE1
:103D90000000EE7B76ADED627FEF7FEF7FEF0942B3
:103DA0007FEF29427FEF7FEF7FEF7FEF7FEF7FEFA6
:103DB0007FEF9FEFBFF79FF77FEF7FEF7FE77FE713
:103DC0007FE77FE77FE77FE77FE77FE77FE77FE7C3
:103DD0007FE77FEF92F482F041F020F020F020F0B6
:103DE00020F020F020F020F041F041F024D928B25A
:103DF000EF7BEF7BEF7BEF7BEF7BEF7BEF7BB29497
:103E000079CEDFFFDFFFDFFFDFFFA2F020F020F041
:103E100020F0CBA2EF7B18C6DFFFDFFFDFFFDFFF65
:103E2000DFFFDFFFDFFFDFFFDFFFDFFFDFFFDFFFA2
:103E3000DFFFDFFFDFFFDFFFDFFFDFFFDFFFDFFF92
:103E4000DFFFDFFFDFFFDFFFDFFFDFFFDFFFDFFF82
:103E5000DFFFDFFFDFFFDFFFDFFFDFFFC7F900F876
:103E600000F800F886C9EF7B2CDB00F800F800F8BA
:103E700000F800F8EF7BEF7B1CE7DFFFDFFFDFFFE1
:103E8000DFFFD3A400F8E7C1EF7BEF7BDFFFDFFFAD
:103E9000DFFF00F800F800F800F8EF7B3084DFFF68
:103EA000DFFFDFFFDFFFDFFFDFFFDFFFDFFFDFFF22
:103EB000DFFFDFFFDFFFDFFFDFFFDFFFDFFFDFFF12
:103EC000DFFF8210EB5A9294A539DFFFDFFFDFFF9F
:103ED00020009194B194308C40088210C318DFFF09
:103EE000DFFFDFFF79CEDFFFDFFFDFFFDFFFDFFF79
:103EF000DFFFDFFF0321DFFF3084DFFFDFFFC73994
:103F0000B7BDDFFFDFFFBFF77FEF7FEF7FEF7FEF13
:103F10007FE77FE77FE77FEF7FEF7FE77FE77FE761
:103F20007FE75AD66D7B7FEF7FEF519401082631F2
:103F30002A4AED6A7FEF7FEF7FEF8631B5B54B639D
:103F40008C737FEF7FEF7FEF7FEF7FEF7FEF9FEF50
:103F5000BFF7BFF79FEF7FEF7FEF7FE77FE77FE759
:103F60007FE77FE77FE77FE77FE77FE77FE77FE721
:103F700041F041F020F020F020F020F020F020F07F
:103F800020F061F0EB9ACF83EF7BEF7BEF7BEF7B51
:103F9000EF7B34A538C6DFFFDFFFDFFFDFFFDFFF8A
:103FA000DFFFDFFFDFFFDFFF45F120F020F020F033
:103FB0002C93EF7B79CEDFFFDFFFDFFFDFFFDFFF3B
:103FC000DFFFDFFFDFFFDFFFDFFFDFFFDFFFDFFF01
:103FD000DFFFDFFFDFFFDFFFDFFFDFFFDFFFDFFFF1
:103FE000DFFFDFFFDFFFDFFFDFFFDFFFDFFFDFFFE1
:103FF000DFFFDFFFDFFFDFFFDFFFBAFE00F800F8C3
:1040000000F8AAA2EF7BDBF600F800F800F800F851
:1040100000F8EF7BEF7B5DEFDFFFDFFFDFFFDFFF10
:104020007DEFE3F8AAA2EF7BEF7BDFFFDFFFDFFF8F
:1040300000F800F800F800F8EF7B3084DFFFDFFFC6
:10404000DFFFDFFFDFFFDFFFDFFFDFFFDFFFDFFF80
:10405000DFFFDFFFDFFFDFFFDFFFDFFFDFFFDFFF70
:104060000000A63196B5B194DFFFDFFFDFFF284ADD
:10407000EB5ACE7B34A50000C318E73955ADDFFFFE
:10408000DFFFDFFFAE73DFFFDFFFDFFFDFFFDFFFFD
:10409000DFFFAD73DFFF2F84DFFFDFFFDFFFCF7BAD
:1040A000AA5ADFFFBFF77FEF7FEF7FE77FEF7FE762
:1040B0007FE740007FEF7FEF7FE77FE77FE77FE7E6
:1040C0007FEF7FEF7FEF54AD000001006731ED62BD
:1040D0007FEF7FEF7FEF728CCA5A7FEFCD732F8413
:1040E0007FEF7FEF7FEF7FEF7FEF7FEFBFF7BFF7D0
:1040F000BFF79FEF7FEF7FEF7FE77FE77FE77FE708
:104100007FE77FE77FE77FE77FE77FE77FE76EF384
:1041100041F020F020F020F020F041F041F065D196
:10412000CF83EF7BEF7BEF7BEF7BEF7BD39C1CE7B9
:10413000DFFFDFFFDFFFDFFFDFFFDFFFDFFFDFFF8F
:10414000DFFFDFFFDFFFC7F920F020F020F06D8BED
:10415000EF7B9AD6DFFFDFFFDFFFDFFFDFFFDFFF51
:10416000DFFFDFFFDFFFDFFFDFFFDFFFDFFFDFFF5F
:10417000DFFFDFFFDFFFDFFFDFFFDFFFDFFFDFFF4F
:10418000DFFFDFFFDFFFDFFFDFFFDFFFDFFFDFFF3F
:10419000DFFFDFFFDFFFDFFFEBFA00F800F800F8DA
:1041A000EF7BEF7BDFFF75FD00F800F800F841F8CA
:1041B000EF7B1084DFFFDFFFDFFFDFFFDFFFDFFFCD
:1041C000DFFFF39CEF7BD7BDDFFFDFFFDFFF00F8F2
:1041D00000F800F800F8EF7B3084DFFFDFFFDFFF3F
:1041E000DFFFDFFFDFFFDFFFDFFFDFFFDFFFDFFFDF
:1041F000DFFFDFFFDFFFDFFFDFFFDFFF9AD62842B1
:10420000EF7B107CCB5A75B5DFFFDFFF59CECB5A61
:104210007294F0830000000045290842DFFFDFFFB1
:10422000DFFF79CEDFFFDFFFDFFFDFFFDFFF000013
:1042300048424C6BDFFF38C6518CDFFFDFFFDFFFEA
:1042400079CE0B637FEF7FEF7FE77FEF7FE77FE73D
:104250007FE77FEF7FEF7FE77FE77FE77FEF7FEF0E
:104260007FEF7FEF20088A5241080D6B7FEF9FEFB1
:104270007FEF6E6B0000B5B57FEFF29C908C7FEF07
:104280009FEF7FEF7FEF7FEF9FF7DFF7DFFFBFF756
:104290007FEF7FEF7FEF7FE77FE77FE77FE77FE7D6
:1042A0007FE77FE77FE77FE77FE77FE77FEFD4C4A4
:1042B00066C9C7B90C93CF7BCF7BCF7BEF7BEF7BFE
:1042C000EF7B3084BAD6DFFFDFFFDFFFDFFFDFFFEA
:1042D000DFFFDFFFDFFFDFFFDFFFDFFFDFFFDFFFEE
:1042E000DFFFDFFF4DFB20F020F020F0EF7BEF7BC6
:1042F0001CE7DFFFDFFFDFFFDFFFDFFFDFFFDFFFA9
:10430000DFFFDFFFDFFFDFFFDFFFDFFFDFFFDFFFBD
:10431000DFFFDFFFDFFFDFFFDFFFDFFFDFFFDFFFAD
:10432000DFFFDFFFDFFFDFFFDFFFDFFFDFFFDFFF9D
:10433000DFFFDFFFDFFFDFFFA2F800F8C3E8EF7B5E
:104340001084DFFFDFFF00F800F800F88AAAEF7B97
:1043500079CEDFFFDFFFDFFFDFFFDFFFDFFFDFFF04
:10436000DFFF1CE7DFFFDFFFDFFFDFFF00F800F804
:1043700000F800F8EF7B3084DFFFDFFFDFFFDFFFB7
:10438000DFFFDFFFDFFFDFFFDFFFDFFFDFFFDFFF3D
:10439000DFFFDFFFDFFFDFFFDFFF0C6375AD929410
:1043A00004196A527294C4189394DFFFDFFFDFFF91
:1043B000A4184208A2106529452975ADDFFFDFFF6B
:1043C000DFFFCA5ADFFFDFFFDFFFDFFFDFFFDFFFB7
:1043D000DFFFDFFFDFFFDFFFDFFF14A5518CCF7BA7
:1043E000EB62EF7B4D6B8A527FEF7FE77FE77FE7E2
:1043F0007FEF7FEF7FE77FE77FEF7FEF7FEF7FEF5D
:104400000000AF7B25290C639FEF9FF79FEF00080B
:10441000694A8110CD7357C616C60E7C9FF79FEF71
:104420007FEF7FEF9FEFBFF7DFFFDFF79FF77FEFB4
:104430007FE77FEF7FE77FE77FE77FE77FE77FE744
:104440007FE77FE77FE77FE77FE77FEF9FEFF8BDBD
:10445000CF7BCF73CF7BF07BB29479CEDFFFDFFFD2
:10446000DFFFDFFFDFFFDFFFDFFFDFFFDFFFDFFF5C
:10447000DFFFDFFFDFFFDFFFDFFFDFFFDFFFDFFF4C
:10448000DFFF8EFB20F020F020F0EF7BEF7B7DEF55
:10449000DFFFDFFFDFFFDFFFDFFFDFFFDFFFDFFF2C
:1044A000DFFFDFFFDFFFDFFFDFFFDFFFDFFFDFFF1C
:1044B000DFFFDFFFDFFFDFFFDFFFDFFFDFFFDFFF0C
:1044C000DFFFDFFFDFFFDFFFDFFFDFFFDFFFDFFFFC
:1044D000DFFFDFFFDFFFDFFF65E1EF7BEF7BDBDE91
:1044E000DFFFDFFF79FE00F8E7B9EF7BEF7BDFFF4F
:1044F000DFFFDFFFDFFFDFFFDFFFDFFFDFFFDFFFCC
:10450000DFFFDFFFDFFFDFFFDFFF00F800F800F86D
:1045100000F8EF7B3084DFFFDFFFDFFFDFFFDFFF2F
:10452000DFFFDFFFDFFFDFFFDFFFDFFFDFFFDFFF9B
:10453000DFFFDFFFDFFFDFFF24212C638A52000053
:10454000694A10846A520000DFFFDFFFDFFFDFFFF0
:104550006E6B000020004429AE73DFFFDFFFDFFF3A
:104560009AD6DFFFDFFFDFFFDFFFDFFFDFFFDFFFC9
:10457000DFFF3084DFFFDFFFDFFFDFFF9FF77FEF2D
:104580007FE7E73945297FEF7FE77FE77FE77FEF29
:104590007FEF7FEF7FEF7FEF7FEF9FEF22100D63C5
:1045A0000000F0839AD6BFF7BFF7C320308C6C6B46
:1045B0002321AD73C95299D6B194BFF79FEF7FEF16
:1045C0007FEFBFF7DFFFDFFFBFF77FEF7FEF7FE713
:1045D0007FEF7FE77FE77FE77FE77FE77FE77FE7A3
:1045E0007FE77FE77FE77FE77FEF9FEF9FF79FEF13
:1045F0007FEF9FEF9FF7BFF7DFFFDFFFDFFFDFFFFB
:10460000DFFFDFFFDFFFDFFFDFFFDFFFDFFFDFFFBA
:10461000DFFFDFFFDFFFDFFFDFFFDFFFDFFFDFFFAA
:104620008EFB20F020F020F0EF7B518CDFFFDFFFCE
:10463000DFFFDFFFDFFFDFFFDFFFDFFFDFFFDFFF8A
:10464000DFFFDFFFDFFFDFFFDFFFDFFFDFFFDFFF7A
:10465000DFFFDFFFDFFFDFFFDFFFDFFFDFFFDFFF6A
:10466000DFFFDFFFDFFFDFFFDFFFDFFFDFFFDFFF5A
:10467000DFFFDFFFDFFFF7ED518CEF7BDFFFDFFFB9
:10468000DFFFDFFF00F8AE83EF7BEF7BDFFFDFFFB5
:10469000DFFFDFFFDFFFDFFFDFFFDFFFDFFFDFFF2A
:1046A000DFFFDFFFDFFFDFFF00F800F800F800F8B2
:1046B000EF7B3084DFFFDFFFDFFFDFFFDFFFDFFFA8
:1046C000DFFFDFFFDFFFDFFFDFFFDFFFDFFFDFFFFA
:1046D000DFFFDFFFDFFF2C632C63C2106108484A55
:1046E000894A20008110E739DFFFDFFFDFFF8E738B
:1046F00061082000284259CEDFFFDFFFDFFFDFFF28
:104700009294DFFFDFFFDFFFDFFFDFFFDFFFDFFF71
:10471000494A0521DFFFDFFFDFFF9FF77FEFA7316A
:10472000000079CE7FEF7FE77FE77FE77FEF7FEFC6
:104730007FEF7FEF5ADE7FEF529CE9414629F07B05
:104740007FEF9FEFBFF7BFF7E31896B5063A6C6BA4
:1047500053A5708C9FEF8D73BFF79FEF7FEF7FEFB7
:10476000BFF7DFFFDFF7BFF77FEF7FEF7FE77FEF79
:104770007FE77FE77FE77FE77FE77FE77FE77FE709
:104780007FE77FE77FE77FEF9FF7BFF79FEF7FEF41
:104790009FEFBFF7BFF7DFFFDFFFDFFFDFFFDFFFC9
:1047A000DFFFDFFFDFFFDFFFDFFFDFFFDFFFDFFF19
:1047B000DFFFDFFFDFFFDFFFDFFFDFFFDFFFCFFB1D
:1047C00020F020F020F0EF7BB294DFFFDFFFDFFF6F
:1047D000DFFFDFFFDFFFDFFFDFFFDFFFDFFFDFFFE9
:1047E000DFFFDFFFDFFFDFFFDFFFDFFFDFFFDFFFD9
:1047F000DFFFDFFFDFFFDFFFDFFFDFFFDFFFDFFFC9
:10480000DFFFDFFFDFFFDFFFDFFFDFFFDFFFDFFFB8
:10481000DFFFDFFFDFFFDFFF14A5DFFFDFFFDFFFCD
:10482000DFFFF3FCEF7BEF7BF7BDDFFFDFFFDFFF99
:10483000DFFFDFFFDFFFDFFFDFFFDFFFDFFFDFFF88
:10484000DFFFDFFFDFFF00F800F800F800F8EF7B84
:104850003084DFFFDFFFDFFFDFFFDFFFDFFFDFFF92
:10486000DFFFDFFFDFFFDFFFDFFFDFFFDFFFDFFF58
:10487000DFFF0F7CDFFF30840000810889520000D9
:104880006108A11000009AD6DFFFDFFFDFFF484A72
:104890008110C218DFFFEC62DFFFDFFFDFFFF07B7C
:1048A0002D63DFFFDFFFDFFFDFFFDFFFDFFFDFFF66
:1048B000DFFF17BE107C6D6BF39C7FEF7FE77FEF10
:1048C0007FE77FEF7FE77FE77FEF7FEF7FEF7FEF90
:1048D0007FEF7FEF0008E84946294E6B7FEF7FEFBF
:1048E0009FEFBAD649426D6B8E73E73917BE7FEFE3
:1048F0002C639FF7F39CBFF77FEFF39C31848631E5
:104900006D6BBFF79FF77FEF7FEF7FEF7FEF7FE765
:104910007FE77FEF7FEF7FEF7FEF7FE77FE77FE747
:104920007FE77FE77FEF9FF79FF79FEF7FEF9FEF97
:104930009FF7BFF7DFFFDFFFDFFFDFFFDFFFDFFFF7
:10494000DFFFDFFFDFFFDFFFDFFFDFFFDFFFDFFF77
:10495000DFFFDFFFDFFFDFFFDFFFDFFF10FC20F007
:1049600020F020F0EF7B55ADDFFFDFFFDFFFDFFF43
:10497000DFFFDFFFDFFFDFFFDFFFDFFFDFFFDFFF47
:10498000DFFFDFFFDFFFDFFFDFFFDFFFDFFFDFFF37
:10499000DFFFDFFFDFFFDFFFDFFFDFFFDFFFDFFF27
:1049A000DFFFDFFFDFFFDFFFDFFFDFFFDFFFDFFF17
:1049B000DFFFDFFFDFFFDFFFDFFFDFFFDFFFDFFF07
:1049C000DFFFDFFFD39CDFFFDFFFDFFFDFFFDFFF66
:1049D000DFFFDFFFDFFFDFFFDFFFDFFFDFFFDFFFE7
:1049E000DFFFDFFFBEFF00F800F800F8EF7B108468
:1049F000DFFFDFFFDFFFDFFFDFFFDFFFDFFFDFFFC7
:104A0000DFFFDFFFDFFFDFFFDFFFDFFFDFFF0F7C09
:104A1000E218EF7B50840000CA52DFFF61082000DB
:104A20002000C31800008E6BDFFFDFFFDFFF38C6FA
:104A30002C63DFFF10846A4ADFFFDFFFDFFF318472
:104A4000DFFFDFFFDFFFDFFFDFFFDFFFDFFFDFFF76
:104A5000DFFFDFF7BFF77FEF7FEF7FE77FEF7FE7D6
:104A60007FEF7FE77FE77FEF7FEF9FF79FF79FEF76
:104A7000821055AD662909427FEF7FEF7FEF7FEF10
:104A80004842928C6D6B694ACF7BB7B59FEF4D6BF7
:104A9000F07B8A52108459CE9FEFBFF7DFFFDFF71C
:104AA000484AB2947FEF7FEF7FEF7FEF7FEF7FEF9A
:104AB0007FEF7FEF7FEF7FEF7FE77FEF7FEF7FEF8E
:104AC0007FEF7FEF7FEF9FEF7FEF7FEF7FEF9FEF36
:104AD0009FF7DFF7DFFFDFFFDFFFDFFFDFFFDFFF36
:104AE000DFFFDFFFDFFFDFFFDFFFDFFFDFFFDFFFD6
:104AF000DFFFDFFFDFFFDFFFDFFF10FC20F020F034
:104B000020F0EF7B18C6DFFFDFFFDFFFDFFFDFFFF7
:104B1000DFFFDFFFDFFFDFFFDFFFDFFFDFFFDFFFA5
:104B2000DFFFDFFFDFFFDFFFDFFFDFFFDFFFDFFF95
:104B3000DFFFDFFFDFFFDFFFDFFFDFFFDFFFDFFF85
:104B4000DFFFDFFFDFFFDFFFDFFFDFFFDFFFDFFF75
:104B5000DFFFDFFFDFFFDFFFDFFFDFFFDFFFDFFF65
:104B6000DFFF59CEDFFFDFFFDFFFDFFFDFFFDFFF0C
:104B7000DFFFDFFFDFFFDFFFDFFFDFFFDFFFDFFF45
:104B8000DFFFDFFF30FC00F800F8EF7BEF7BDFFF9B
:104B9000DFFFDFFFDFFFDFFFDFFFDFFFDFFFDFFF25
:104BA000DFFFDFFFDFFFDFFFDFFFDFFF4421AA5270
:104BB0006C6B484200006D6BDFFF0000C318000003
:104BC000452921006208DFFFDFFFDFFFDFFF40082C
:104BD000DFFFDFFF0421DFFFDFFFDFFFDFFFCF733A
:104BE000DFFFDFFFDFFFDFFFDFFFDFFFDFFFDFFFD5
:104BF000BFF7BFF77FEF7FEF7FE77FEF7FEF7FEFBD
:104C00007FEF7FEF7FEF9FEFBFF7BFF7729400005A
:104C1000863100007FEF7FEF7FEF7FEFB28CD39480
:104C2000F39C96B54D6BB7B5D7BD8E73000010845D
:104C300018C69FEF7FEF9FEFBFF7DFFFBFF7A21010
:104C4000BAD67FEF7FEF7FEF7FEF7FEF7FEF7FEFD2
:104C50007FEF7FEF7FEF7FE77FEF7FEF7FEF7FEFEC
:104C60007FEF7FEF9FEF7FEF7FEF7FEF7FEF9FEF94
:104C7000DFF7DFFFDFFFDFFFDFFFDFFFDFFFDFFF4C
:104C8000DFFFDFFFDFFFDFFFDFFFDFFFDFFFDFFF34
:104C9000DFFFDFFFDFFFDFFF51FC20F020F020F01F
:104CA000EF7B79CEDFFFDFFFDFFFDFFFDFFFDFFF1F
:104CB000DFFFDFFFDFFFDFFFDFFFDFFFDFFFDFFF04
:104CC000DFFFDFFFDFFFDFFFDFFFDFFFDFFFDFFFF4
:104CD000DFFFDFFFDFFFDFFFDFFFDFFFDFFFDFFFE4
:104CE000DFFFDFFFDFFFDFFFDFFFDFFFDFFFDFFFD4
:104CF000DFFFDFFFDFFFDFFFDFFFDFFFDFFFDFFFC4
:104D0000DFFFDFFFDFFFDFFFDFFFDFFFDFFFDFFFB3
:104D1000DFFFDFFFDFFFDFFFDFFFDFFFDFFFDFFFA3
:104D2000DFFFDFFF2CDB00F8EF7BEF7BDFFFDFFF38
:104D3000DFFFDFFFDFFFDFFFDFFFDFFFDFFFDFFF83
:104D4000DFFFDFFFDFFFDFFFDFFF894ADFFF6D6B84
:104D500000004429CA526E6B252101002200462919
:104D6000220002006B4ADFFFDFFFDFFFDFFF518C15
:104D7000DFFFDFFFDFFFDFFFDFFFDFFFA310AE732B
:104D8000DFFFDFFFDFFFDFFFDFFFDFFFDFFFBFF75B
:104D90009FEF7FEF7FE77FE77FEF7FEF7FEF7FEF93
:104DA0007FEF7FEF79D66E73000000008629862999
:104DB00076AD7FEF7FEF7FEF7FEFAE6BF394B6B50D
:104DC000B6B5A731728C7FEF9FEFBFF7DFFFDFF73C
:104DD0009FEF7FEF9FF7F07BF07BBFF77FEF7FEFD9
:104DE0007FEF9FEF7FEF7FEF7FEF7FEF7FEF9FEF13
:104DF0007FEF7FEF7FE77FEF7FEF7FEF7FEF7FEF4B
:104E00007FEF7FEF7FEF7FEF7FEF7FEF9FEFDFFFA2
:104E1000DFFFDFFFDFFFDFFFDFFFDFFFDFFFDFFFA2
:104E2000DFFFDFFFDFFFDFFFDFFFDFFFDFFFDFFF92
:104E3000DFFFDFFFDFFF92FC41F041F004D9EF7BA1
:104E40005DEFDFFFDFFFDFFFDFFFDFFFDFFFDFFF04
:104E5000DFFFDFFFDFFFDFFFDFFFDFFFDFFFDFFF62
:104E6000DFFFDFFFDFFFDFFFDFFFDFFFDFFFDFFF52
:104E7000DFFFDFFFDFFFDFFFDFFFDFFFDFFFDFFF42
:104E8000DFFFDFFFDFFFDFFFDFFFDFFFDFFFDFFF32
:104E9000DFFFDFFFDFFFDFFFDFFFDFFFDFFFDFFF22
:104EA000DFFFDFFFDFFFDFFFDFFFDFFFDFFFDFFF12
:104EB000DFFFDFFFDFFFDFFFDFFFDFFFDFFFDFFF02
:104EC000DFFFDFFFDFFFEF7BEF7BDFFFDFFFDFFFDA
:104ED000DFFFDFFFDFFFDFFFDFFFDFFFDFFFDFFFE2
:104EE000DFFFDFFFDFFFE418DFFFAF73CF7B820858
:104EF00024218E6B000003194429E7390000610862
:104F0000E73910844D6BDFFFDFFFDFFFDFFF939496
:104F1000DFFFCC5ADFFFDFFF19C6DFFF08428A52EE
:104F2000DFFFDFFFDFFFDFFFDFFFDFFF9FF77FEF49
:104F30007FEF7FE77FE77FEF7FEFF6BD2521E83941
:104F40000100A631052100008E737FEF6D6B9FEF8E
:104F50009FEF7FEF2B63C218284A2008EF837FEF73
:104F60009FEF9FEF9FEF9FF7BFF7DFFF55AD0C63FC
:104F7000D7BDBFF7DFF7BFF79FEF7FEF7FEF9FEF63
:104F80007FEF7FEF7FEF7FEF7FEF7FEF7FEF7FEFB1
:104F90007FEF7FE77FEF7FEF7FEF7FEF7FEF7FEFA9
:104FA0007FEF7FEF7FEF9FEF9FEF9FF7DFFFDFFF49
:104FB000DFFFDFFFDFFFDFFFDFFFDFFFDFFFDFFF01
:104FC000DFFFDFFFDFFFDFFFDFFFDFFFDFFFDFFFF1
:104FD000DFFFDFFF92FC41F041F0E7C1EF7BDFFF35
:104FE000DFFFDFFFDFFFDFFFDFFFDFFFDFFFDFFFD1
:104FF000DFFFDFFFDFFFDFFFDFFFDFFFDFFFDFFFC1
:10500000DFFFDFFFDFFFDFFFDFFFDFFFDFFFDFFFB0
:10501000DFFFDFFFDFFFDFFFDFFFDFFFDFFFDFFFA0
:10502000DFFFDFFFDFFFDFFFDFFFDFFFDFFFDFFF90
:10503000DFFFDFFFDFFFDFFFDFFFDFFFDFFFDFFF80
:10504000DFFFDFFFDFFFDFFFDFFFDFFFDFFFDFFF70
:10505000DFFFDFFFDFFFDFFFDFFFDFFFDFFFDFFF60
:10506000DFFFDFFFDFFFB294DFFFDFFFDFFFDFFFE8
:10507000DFFFDFFFDFFFDFFFDFFFDFFFDFFFDFFF40
:10508000DFFF6E6B29425184518400000419A63160
:105090004D6B65294429AA52484A00004421CE7B21
:1050A0004D6B0C6317C6DFFFDFFFDFFFDFFFC83983
:1050B000528CDFFFDFFF15A5DFFFDFFF17C6DFFF25
:1050C000694A54ADDFFFDFFFBFF795B591944C6B94
:1050D000C318000000000000200042080100C318AF
:1050E0000200C11898B57FEF7FEFB294BFF79FF72A
:1050F0007FEF0000000038C69FEF9FEF7FEF9FEF2C
:10510000BFF7BFF7E73900004529294A9394BFF755
:10511000DFFFDFFFBFF77FEF7FEF9FEF9FEF7FEFB7
:105120007FEF7FEF7FEF7FEF7FEF7FEF7FEF7FE717
:105130007FE77FE77FE77FE77FE77FEF7FEF7FEF27
:105140007FEF7FEF7FEF9FEFBFF7DFFFDFFFDFFF37
:10515000DFFFDFFFDFFFDFFFDFFFDFFFDFFFDFFF5F
:10516000DFFFDFFFDFFFDFFFDFFFDFFFDFFFDFFF4F
:10517000DFFFB2FC41F041F0EBA2EF7BDFFFDFFF8E
:10518000DFFFDFFFDFFFDFFFDFFFDFFFDFFFDFFF2F
:10519000DFFFDFFFDFFFDFFFDFFFDFFFDFFFDFFF1F
:1051A000DFFFDFFFDFFFDFFFDFFFDFFFDFFFDFFF0F
:1051B000DFFFDFFFDFFFDFFFDFFFDFFFDFFFDFFFFF
:1051C000DFFFDFFFDFFFDFFFDFFFDFFFDFFFDFFFEF
:1051D000DFFFDFFFDFFFDFFFDFFFDFFFDFFFDFFFDF
:1051E000DFFFDFFFDFFFDFFFDFFFDFFFDFFFDFFFCF
:1051F000DFFFDFFFDFFFDFFFDFFFDFFFDFFFDFFFBF
:10520000DFFFDFFF3CE7DFFFDFFFDFFFDFFFDFFF69
:10521000DFFFDFFFDFFFDFFFDFFFDFFFDFFFDFFF9E
:105220006529B294B2941084000003192842073A09
:105230000000C3182421AE73000028422C63CE7BEB
:105240002842000017C6DFFFDFFFDFFFDFFF00009F
:105250002842DFFF1084DFFFDFFF6529DFFFDFFF6C
:105260008A52CB5A0C632C630421000021004108B0
:10527000000040080000000000004108010000009C
:10528000FAC59FF77FEF9FEFBFF7BFF70742A63939
:10529000AE7379CE7FEF9FEF9FEF7FEF9FEF30846C
:1052A0002421718C20000842494ACF7BDFFFDFFFB9
:1052B000DFFF9FF77FEF9FEF9FF79FEF7FEF7FEF7E
:1052C0007FEF7FEF9FEF9FEF7FEF7FEF7FE77FE73E
:1052D0007FE77FE77FE77FE77FEF7FEF7FEF7FEF7E
:1052E0007FEF7FEF9FEFBFF7DFFFDFFFDFFFDFFF26
:1052F000DFFFDFFFDFFFDFFFDFFFDFFFDFFFDFFFBE
:10530000DFFFDFFFDFFFDFFFDFFFDFFFDFFFDFFFAD
:1053100092FC41F041F06D8BEF7BDFFFDFFFDFFFA1
:10532000DFFFDFFFDFFFDFFFDFFFDFFFDFFFDFFF8D
:10533000DFFFDFFFDFFFDFFFDFFFDFFFDFFFDFFF7D
:10534000DFFFDFFFDFFFDFFFDFFFDFFFDFFFDFFF6D
:10535000DFFFDFFFDFFFDFFFDFFFDFFFDFFFDFFF5D
:10536000DFFFDFFFDFFFDFFFDFFFDFFFDFFFDFFF4D
:10537000DFFFDFFFDFFFDFFFDFFFDFFFDFFFDFFF3D
:10538000DFFFDFFFDFFFDFFFDFFFDFFFDFFFDFFF2D
:10539000DFFFDFFFDFFFDFFFDFFFDFFFDFFFDFFF1D
:1053A000DFFFDFFFDFFFDFFFDFFFDFFFDFFFDFFF0D
:1053B000DFFFDFFFDFFFDFFFDFFFDFFFF39C85297C
:1053C00079CECE736108B194708C232100008631B0
:1053D00061088A528D6B0742894A6D6BC6398531E7
:1053E000E6390000DFFFDFFFDFFFDFFFDFFFDFFF6A
:1053F000DFFF55ADDFFFDFFFDFFF6D6BDFFFDFFF9F
:10540000DFFFDFFFBFF76629010001006210000027
:10541000E31879CE9FEF9FEF7FEF7FEF9FEFBFF70E
:10542000BFF79FF76F73BFF7BFF79FEF7FEF7FEF78
:105430007FEF7FEF7FEF7FEF54AD89526529F7BD96
:10544000518C41088A528A52F07BDFFFDFFFDFFF79
:10545000BFF79FF7BFF7BFF77FEF7FEF7FEF7FEFDC
:105460009FEF9FF79FEF7FEF7FE77FE77FE77FE784
:105470007FE77FE77FE77FEF7FEF7FEF7FEF7FEFD4
:105480007FEF9FEFBFF7DFFFDFFFDFFFDFFFDFFF14
:10549000DFFFDFFFDFFFDFFFDFFFDFFFDFFFDFFF1C
:1054A000DFFFDFFFDFFFDFFFDFFFDFFFDFFF30FCBE
:1054B00041F041F0EF7BEF7BDFFFDFFFDFFFDFFF3E
:1054C000DFFFDFFFDFFFDFFFDFFFDFFFDFFFDFFFEC
:1054D000DFFFDFFFDFFFDFFFDFFFDFFFDFFFDFFFDC
:1054E000DFFFDFFFDFFFDFFFDFFFDFFFDFFFDFFFCC
:1054F000DFFFDFFFDFFFDFFFDFFFDFFFDFFFDFFFBC
:10550000DFFFDFFFDFFFDFFFDFFFDFFFDFFFDFFFAB
:10551000DFFFDFFFDFFFDFFFDFFFDFFFDFFFDFFF9B
:10552000DFFFDFFFDFFFDFFFDFFFDFFFDFFFDFFF8B
:10553000DFFFDFFFDFFFDFFFDFFFDFFFDFFFDFFF7B
:10554000DFFFDFFFDFFFDFFFDFFFDFFFDFFFDFFF6B
:10555000DFFFDFFFDFFFDFFF494A65295084B29498
:1055600000000000073A031920004421B294694A60
:10557000B294000054ADC6318529EB5A0000694A47
:1055800007420742DFFFDFFFDFFFDFFFDFFFDFFF55
:10559000DFFFDFFFDFFFDFFFDFFFCE73DFFFDFFFB8
:1055A000DFFFBFF715A5094201004A4AD49C7FEFEF
:1055B0007FEF9FF79FEF9FEF9FEF9FF7BFF7DFFF13
:1055C00057ADBFF7BFF718C69FEF7FEF7FEF7FEFB5
:1055D0007FEFC318442927429FF78952718C0742F5
:1055E0009AD608422842F39CDFFFDFFFDFFFDFFF90
:1055F000DFFFDFF7BFF79FEF9FEF7FEF9FEFBFF773
:105600009FF79FEF7FEF7FE77FE77FE77FE77FE70A
:105610007FE77FE77FEF7FEF7FEF7FEF9FEF7FEF0A
:105620009FF7BFF7DFFFDFFFDFFFDFFFDFFFDFFFFA
:10563000DFFFDFFFDFFFDFFFDFFFDFFFDFFFDFFF7A
:10564000DFFFDFFFDFFFDFFFDFFFDFFF10FC41F0E9
:1056500041F0EF7B1084DFFFDFFFDFFFDFFFDFFFC5
:10566000DFFFDFFFDFFFDFFFDFFFDFFFDFFFDFFF4A
:10567000DFFFDFFFDFFFDFFFDFFFDFFFDFFFDFFF3A
:10568000DFFFDFFFDFFFDFFFDFFFDFFFDFFFDFFF2A
:10569000DFFFDFFFDFFFDFFFDFFFDFFFDFFFDFFF1A
:1056A000DFFFDFFFDFFFDFFFDFFFDFFFDFFFDFFF0A
:1056B000DFFFDFFFDFFFDFFFDFFFDFFFDFFFDFFFFA
:1056C000DFFFDFFFDFFFDFFFDFFFDFFFDFFFDFFFEA
:1056D000DFFFDFFFDFFFDFFFDFFFDFFFDFFFDFFFDA
:1056E000DFFFDFFFDFFFDFFFDFFFDFFFDFFFDFFFCA
:1056F000DFFFDFFF7ACE4D632C63F7BD0F7C000028
:105700003084694A6108694A073A00006A4A000021
:1057100024212C63684A0000684AC639E4186A4AA2
:10572000DFFF718CDFFFDFFFDFFFDFFFDFFFDFFF6A
:105730008E73DFFFDFFFDFFFDFFFDFFF2842E418AC
:10574000494A79CE7FEF000000007FEF7FEF7FEFC7
:105750009FF79FF79FF7BFF7BFF7BFF7128C464A37
:105760007294DFF7BFF79294518C7FEF97B50000EA
:105770008E739294A952BFF7CA5A508CB29454AD0A
:10578000E3182C638E73DFFFDFFFDFFFDFFFDFFF38
:10579000DFF7BFF79FF79FEF9FEF9FEF9FF79FEF19
:1057A0007FEF7FEF7FE77FE77FE77FE77FE77FE7B9
:1057B0007FE77FEF7FEF7FEF7FEF9FEF9FEFBFF7F9
:1057C000DFF7DFFFDFFFDFFFDFFFDFFFDFFFDFFFF1
:1057D000DFFFDFFFDFFFDFFFDFFFDFFFDFFFDFFFD9
:1057E000DFFFDFFFDFFFDFFFDFFF8EFB41F041F078
:1057F000EF7B34A5DFFFDFFFDFFFDFFFDFFFDFFF32
:10580000DFFFDFFFDFFFDFFFDFFFDFFFDFFFDFFFA8
:10581000DFFFDFFFDFFFDFFFDFFFDFFFDFFFDFFF98
:10582000DFFFDFFFDFFFDFFFDFFFDFFFDFFFDFFF88
:10583000DFFFDFFFDFFFDFFFDFFFDFFFDFFFDFFF78
:10584000DFFFDFFFDFFFDFFFDFFFDFFFDFFFDFFF68
:10585000DFFFDFFFDFFFDFFFDFFFDFFFDFFFDFFF58
:10586000DFFFDFFFDFFFDFFFDFFFDFFFDFFFDFFF48
:10587000DFFFDFFFDFFFDFFFDFFFDFFFDFFFDFFF38
:10588000DFFFDFFFDFFFDFFFDFFFDFFFDFFFDFFF28
:10589000DFFFEB5AEF7BAE733084E3180C63894A69
:1058A00000000000600874ADA31031846108E318A3
:1058B000B6B5000040002742EE7BE41855ADDFFF8F
:1058C000D29CDFFFDFFFDFFFDFFFAE73A731C739F9
:1058D0008E73F7BDDFFFDFFFDFFFDFFFDFFF8E73BC
:1058E00024217FEF6A4A46297FEF9BD6518C9FEF98
:1058F0009FEF9FF7BFF757B5B0944B5215C6DFFF28
:10590000DFF7DFF7BFF738CEF4A47AD60100E7411E
:10591000F0836C6BBFF72C63919491949194AA528D
:10592000AE73EF7BDFFFDFFFDFFFDFFFDFF7BFF7E8
:10593000BFF79FEF7FEF7FEF9FEF9FEF7FEF7FEF4F
:105940007FEF7FE77FEF7FEF7FEF7FEF7FE77FE7FF
:105950007FEF7FEF7FEF7FEF9FEF9FEFBFF7DFF7E7
:10596000DFFFDFFFDFFFDFFFDFFFDFFFDFFFDFFF47
:10597000DFFFDFFFDFFFDFFFDFFFDFFFDFFFDFFF37
:10598000DFFFDFFFDFFFDFFF8EFB41F082F0EF7B09
:10599000D7BDDFFFDFFFDFFFDFFFDFFFDFFFDFFF61
:1059A000DFFFDFFFDFFFDFFFDFFFDFFFDFFFDFFF07
:1059B000DFFFDFFFDFFFDFFFDFFFDFFFDFFFDFFFF7
:1059C000DFFFDFFFDFFFDFFFDFFFDFFFDFFFDFFFE7
:1059D000DFFFDFFFDFFFDFFFDFFFDFFFDFFFDFFFD7
:1059E000DFFFDFFFDFFFDFFFDFFFDFFFDFFFDFFFC7
:1059F000DFFFDFFFDFFFDFFFDFFFDFFFDFFFDFFFB7
:105A0000DFFFDFFFDFFFDFFFDFFFDFFFDFFFDFFFA6
:105A1000DFFFDFFFDFFFDFFFDFFFDFFFDFFFDFFF96
:105A2000DFFFDFFFDFFFDFFFDFFFDFFFDFFF728C66
:105A30006E6BAF7376ADDFFFC739E839AA528108C4
:105A4000E31875AD000087310521A31034A58D6BD7
:105A50002000E639508CB1948F73AB527294DFFF03
:105A600013A513A5D6B5DFFFDFFFDFFFDFFFDFFFE5
:105A7000DFFFDFFFDFFFEF7BB29496B59FEF7FEF95
:105A800095AD7FE7AB527FEF7FEF55AD729434ADAC
:105A9000308C118CDFFFDFFF77CEDFFFDFFFDFFF12
:105AA000DFFFBFF7BFF79FEF9FEF15A5108455AD40
:105AB000718C708C3084D29CF6BD718CDFFFC6393E
:105AC000694ADFFFDFFFDFFFDFFFBFF77FEF7FEF19
:105AD0007FEF7FEF7FEF7FEF7FEF7FEF7FEF7FEF56
:105AE0007FEF7FEF7FEF7FEF7FEF7FE77FE77FEF56
:105AF0007FEF7FEF9FEF9FEF9FEFBFF7DFFFDFFFAE
:105B0000DFFFDFFFDFFFDFFFDFFFDFFFDFFFDFFFA5
:105B1000DFFFDFFFDFFFDFFFDFFFDFFFDFFFDFFF95
:105B2000DFFFDFFFDFFFEFFB41F02CD3EF7B3CE734
:105B3000DFFFDFFFDFFFDFFFDFFFDFFFDFFFDFFF75
:105B4000DFFFDFFFDFFFDFFFDFFFDFFFDFFFDFFF65
:105B5000DFFFDFFFDFFFDFFFDFFFDFFFDFFFDFFF55
:105B6000DFFFDFFFDFFFDFFFDFFFDFFFDFFFDFFF45
:105B7000DFFFDFFFDFFFDFFFDFFFDFFFDFFFDFFF35
:105B8000DFFFDFFFDFFFDFFFDFFFDFFFDFFFDFFF25
:105B9000DFFFDFFFDFFFDFFFDFFFDFFFDFFFDFFF15
:105BA000DFFFDFFFDFFFDFFFDFFFDFFFDFFFDFFF05
:105BB000DFFFDFFFDFFFDFFFDFFFDFFFDFFFDFFFF5
:105BC000DFFFDFFFDFFFDFFFDFFFDFFFB6B56E6B5D
:105BD000F49C56ADE8392942A73100006208B2941E
:105BE0000000E318252125212C63C739694A2000CC
:105BF0006C6B4000232188310100DFFFDFFFDFFFF6
:105C0000DFFFDFFFDFFFDFFFDFFFDFFFDFFFDFFFA4
:105C1000DFFFDFFFDFFFDFFFBFF794AD684AB5B5F9
:105C20007FE76D6B7FEF7FEF7FEF728C72949FEF5A
:105C3000BFF7DFFFDFFF9AD6DFFFDFFFDFFFDFFF0A
:105C4000DFFFDFF7DFF7DFF746298F732D6B54ADEA
:105C50000742508CCE7BDFFF75ADDFFF9194CB5AAE
:105C60009AD6DFFFDFFFBFF79FEF7FEF7FEF7FEF7A
:105C70007FEF7FEF7FEF7FEF9FEF9FEF7FEF7FEF74
:105C80007FEF7FEF7FEF7FEF7FE77FEF7FEF7FEFAC
:105C90007FEF7FEF7FEF9FEFBFF7DFFFDFFFDFFFDC
:105CA000DFFFDFFFDFFFDFFFDFFFDFFFDFFFDFFF04
:105CB000DFFFDFFFDFFFDFFFDFFFDFFFDFFFDFFFF4
:105CC000DFFFDFFF9EFFD3FC75ADEF7BDFFFDFFF64
:105CD000DFFFDFFFDFFFDFFFDFFFDFFFDFFFDFFFD4
:105CE000DFFFDFFFDFFFDFFFDFFFDFFFDFFFDFFFC4
:105CF000DFFFDFFFDFFFDFFFDFFFDFFFDFFFDFFFB4
:105D0000DFFFDFFFDFFFDFFFDFFFDFFFDFFFDFFFA3
:105D1000DFFFDFFFDFFFDFFFDFFFDFFFDFFFDFFF93
:105D2000DFFFDFFFDFFFDFFFDFFFDFFFDFFFDFFF83
:105D3000DFFFDFFFDFFFDFFFDFFFDFFFDFFFDFFF73
:105D4000DFFFDFFFDFFFDFFFDFFFDFFFDFFFDFFF63
:105D5000DFFFDFFFDFFFDFFFDFFFDFFFDFFFDFFF53
:105D6000DFFFDFFFDFFFDFFF2B63AE73B07B149D30
:105D7000CB5A694AEF7B494A00008E73083A4521A5
:105D8000821007420000FAC56B5200006008895279
:105D90000000A21044298A52DFFFDFFFDFFFDFFF90
:105DA000DFFF39C66D6B8A52284AE741A9522B633F
:105DB000EA5AEF7B76B559CE34A555AD6A527FE7E6
:105DC0004D6B7FEF75B5CE7B9FEF9FEF9FEFBFF7DA
:105DD000DFFFD39C284A6952718C95B5DFFFDFFF46
:105DE000DFFFDFFFDFFF40082C63AA52BAD66B4A01
:105DF000708CEF7BDFFFDFFFDFFFDFFFC73196AD8A
:105E0000DFFFDFFFBFF79FEF9FEF7FEF7FEF9FEF9A
:105E10009FEF7FEF7FEF9FEF9FEF7FEF7FEF9FEF92
:105E20009FEF7FEF7FEF7FEF7FEF7FEF7FEF7FEFE2
:105E30007FEF9FEF9FF7BFF7DFFFDFFFDFFFDFFFA2
:105E4000DFFFDFFFDFFFDFFFDFFFDFFFDFFFDFFF62
:105E5000DFFFDFFFDFFFDFFFDFFFDFFFDFFFDFFF52
:105E6000DFFFDFFFDFFF9AD63084DFFFDFFFDFFFDA
:105E7000DFFFDFFFDFFFDFFFDFFFDFFFDFFFDFFF32
:105E8000DFFFDFFFDFFFDFFFDFFFDFFFDFFFDFFF22
:105E9000DFFFDFFFDFFFDFFFDFFFDFFFDFFFDFFF12
:105EA000DFFFDFFFDFFFDFFFDFFFDFFFDFFFDFFF02
:105EB000DFFFDFFFDFFFDFFFDFFFDFFFDFFFDFFFF2
:105EC000DFFFDFFFDFFFDFFFDFFFDFFFDFFFDFFFE2
:105ED000DFFFDFFFDFFFDFFFDFFFDFFFDFFFDFFFD2
:105EE000DFFFDFFFDFFFDFFFDFFFDFFFDFFFDFFFC2
:105EF000DFFFDFFFDFFFDFFFDFFFDFFFDFFFDFFFB2
:105F0000DFFFDFFFD194CD7B718CF07B34A54100A6
:105F10004100D7B50000200055A545214D63E73964
:105F200061084629E939010000002742000000000D
:105F3000694A200034A5DFFFDFFFDFFFDFFF518C60
:105F400086318E73F8C5DFFF79CE74ADB5B5B6BDB9
:105F5000D39C6E73CB5ACF7B4C6B8531D9BD4F8CA4
:105F6000B07B4B6B9FEFBFF79FEF9FEFBFF7CF83E8
:105F70004D7355B5DFFFDFFFDFFFDFFFDFFFDFFF23
:105F8000DFFFDFFFA8394E842219DFFF25210F7CB8
:105F9000508CDFFFDFFFDFFFDFFF2000D294DFFF49
:105FA000DFFF9FF79FEF9FEF9FEF7FEF9FEF9FEF49
:105FB0007FEF7FEF9FEF9FEF9FEF9FEF9FF79FEFA9
:105FC0007FEF7FEF7FEF7FEF7FEF7FEF7FEF7FEF61
:105FD0009FEFBFF7DFF7DFFFDFFFDFFFDFFFDFFF51
:105FE000DFFFDFFFDFFFDFFFDFFFDFFFDFFFDFFFC1
:105FF000DFFFDFFFDFFFDFFFDFFFDFFFDFFFDFFFB1
:10600000DFFFDFFFBEF759CEDFFFDFFFDFFFDFFF80
:10601000DFFFDFFFDFFFDFFFDFFFDFFFDFFFDFFF90
:10602000DFFFDFFFDFFFDFFFDFFFDFFFDFFFDFFF80
:10603000DFFFDFFFDFFFDFFFDFFFDFFFDFFFDFFF70
:10604000DFFFDFFFDFFFDFFFDFFFDFFFDFFFDFFF60
:10605000DFFFDFFFDFFFDFFFDFFFDFFFDFFFDFFF50
:10606000DFFFDFFFDFFFDFFFDFFFDFFFDFFFDFFF40
:10607000DFFFDFFFDFFFDFFFDFFFDFFFDFFFDFFF30
:10608000DFFFDFFFDFFFDFFFDFFFDFFFDFFFDFFF20
:10609000DFFFDFFFDFFFDFFFDFFFDFFFDFFFDFFF10
:1060A000DFFFD29C8852308456AD00004100E839B1
:1060B000084230842D63C7310C5B82102000F29CB3
:1060C0000842010021006D6B0000C11020008952C0
:1060D0000000484AEF7BDFFFDFFFDFFFDFFFDFFF6E
:1060E000DFFFDFFFDFFFDFFFDFFFDFFFDFFFDFFFC0
:1060F000BFF79AD60F84D8BD7FEFD4B5B9BDE85AA3
:106100000A4A0E840C63EC625194BFF7DFF7DFFF9D
:10611000DFFFDFFFDFFFDFFFDFFFDFFFDFFFDFFF8F
:10612000DFFFB7D60D63262198CE26218D6B0F7C1D
:1061300075ADDFFFB7B5DFFF00002C63DFFFDFF7D2
:106140009FEF9FEF9FEF7FEF7FEF7FEF7FEF7FEF7F
:106150009FEFBFF79FF79FEF9FEF9FEF9FEF7FEFBF
:106160007FE77FEF7FEF7FEF7FEF7FEF7FEF9FEFA7
:10617000BFF7DFFFDFFFDFFFDFFFDFFFDFFFDFFF57
:10618000DFFFDFFFDFFFDFFFDFFFDFFFDFFFDFFF1F
:10619000DFFFDFFFDFFFDFFFDFFFDFFFDFFFDFFF0F
:1061A000DFFFDFFFDFFFDFFFDFFFDFFFDFFFDFFFFF
:1061B000DFFFDFFFDFFFDFFFDFFFDFFFDFFFDFFFEF
:1061C000DFFFDFFFDFFFDFFFDFFFDFFFDFFFDFFFDF
:1061D000DFFFDFFFDFFFDFFFDFFFDFFFDFFFDFFFCF
:1061E000DFFFDFFFDFFFDFFFDFFFDFFFDFFFDFFFBF
:1061F000DFFFDFFFDFFFDFFFDFFFDFFFDFFFDFFFAF
:10620000DFFFDFFFDFFFDFFFDFFFDFFFDFFFDFFF9E
:10621000DFFFDFFFDFFFDFFFDFFFDFFFDFFFDFFF8E
:10622000DFFFDFFFDFFFDFFFDFFFDFFFDFFFDFFF7E
:10623000DFFFDFFFDFFFDFFFDFFFDFFFDFFFEF7BE2
:10624000708C2F84E7398310EB5AE7394100A21094
:10625000AE73518C0000AE73A6312100E2186108C4
:10626000AF73A631A531E1182000000000006108DD
:10627000508C79CEDFFFDFFFDFFFDFFFDFFFDFFFC7
:10628000DFFFDFFFDFFF79CE38C6518CD39C96B598
:106290009AD67FEF7FEF7FEF57ADD3B57FE77FEFE4
:1062A0007FEF709479D659D6BFF7BFF7DFFF7ADE5C
:1062B000B7C57194DFFFDFFFDFFFDFFFDFFFDFFF29
:1062C00016A5E0102542DFFFA3108D6BCE7375ADD0
:1062D000D7BD728CDFFFAE73B294DFFFDFF79FEFA5
:1062E0007FEF7FEF7FEF7FEF7FEF7FEF7FEF9FF716
:1062F000BFF7BFF77FEF7FEF9FEF7FEF7FEF7FE786
:106300007FEF7FEF7FEF7FEF7FEF7FEF9FEFBFF7B5
:10631000DFFFDFFFDFFFDFFFDFFFDFFFDFFFDFFF8D
:10632000DFFFDFFFDFFFDFFFDFFFDFFFDFFFDFFF7D
:10633000DFFFDFFFDFFFDFFFDFFFDFFFDFFFDFFF6D
:10634000DFFFDFFFDFFFDFFFDFFFDFFFDFFFDFFF5D
:10635000DFFFDFFFDFFFDFFFDFFFDFFFDFFFDFFF4D
:10636000DFFFDFFFDFFFDFFFDFFFDFFFDFFFDFFF3D
:10637000DFFFDFFFDFFFDFFFDFFFDFFFDFFFDFFF2D
:10638000DFFFDFFFDFFFDFFFDFFFDFFFDFFFDFFF1D
:10639000DFFFDFFFDFFFDFFFDFFFDFFFDFFFDFFF0D
:1063A000DFFFDFFFDFFFDFFFDFFFDFFFDFFFDFFFFD
:1063B000DFFFDFFFDFFFDFFFDFFFDFFFDFFFDFFFED
:1063C000DFFFDFFFDFFFDFFFDFFFDFFFDFFFDFFFDD
:1063D000DFFFDFFFDFFFDFFFDFFFDFFF8A52B9D61E
:1063E0006C6B24212A4A86316A4A3184107C2C63E2
:1063F0004100200000000000E418000028422108AD
:106400002000684A4221C0102742E318E31895B5DE
:10641000DFFFDFFFDFFFDFFFDFFFDFFFDFFF95B520
:10642000C6398A52694A0B63DFFFDFFFBFF79FEF70
:106430007FEF7FEF7FEFD59CD3B57FE77FEF7FEFD7
:10644000D29C8631CB5AAF7B2D73AE836A5A2C73A4
:106450008E7B00080C6B719453AD559436C68D52EB
:106460004000EB73DFFF0000708C0B5BF39C728CC1
:10647000928CDFFF76ADF39CDFFFDFF79FEF7FEFBE
:106480007FEF7FEF7FEF7FEF7FEF7FEFBFF7BFF70C
:10649000BFF77FEF7FEF7FEF7FEF7FEF7FEF7FEF44
:1064A0007FEF7FEF7FEF7FEF9FEF9FEFBFF7DFFF84
:1064B000DFFFDFFFDFFFDFFFDFFFDFFFDFFFDFFFEC
:1064C000DFFFDFFFDFFFDFFFDFFFDFFFDFFFDFFFDC
:1064D000DFFFDFFFDFFFDFFFDFFFDFFFDFFFDFFFCC
:1064E000DFFFDFFFDFFFDFFFDFFFDFFFDFFFDFFFBC
:1064F000DFFFDFFFDFFFDFFFDFFFDFFFDFFFDFFFAC
:10650000DFFFDFFFDFFFDFFFDFFFDFFFDFFFDFFF9B
:10651000DFFFDFFFDFFFDFFFDFFFDFFFDFFFDFFF8B
:10652000DFFFDFFFDFFFDFFFDFFFDFFFDFFFDFFF7B
:10653000DFFFDFFFDFFFDFFFDFFFDFFFDFFFDFFF6B
:10654000DFFFDFFFDFFFDFFFDFFFDFFFDFFFDFFF5B
:10655000DFFFDFFFDFFFDFFFDFFFDFFFDFFFDFFF4B
:10656000DFFFDFFFDFFFDFFFDFFFDFFFDFFFDFFF3B
:10657000DFFFDFFFDFFFDFFFB07BE73985310000A2
:10658000484A7AD6AF732D634529CF7B6A4A518C2E
:10659000452100000C5B8E73D6BD96B576ADAA5230
:1065A000D5B5A0102000A53104212421694A75AD7C
:1065B000DFFF55AD14A5B2942D6376ADDFFF084221
:1065C000DFFFDFFF7AD6DFFFDFFF9FF77FEF7FEF91
:1065D0007FEF7FEF119D74947FE77FEF7FEF7FEF79
:1065E000CF83BFF7BFF7BFF7BFF7DFF7DFFFDFFFEF
:1065F000DFF71084DFFFDFFFDFF7DFFF80086208CF
:10660000F59CDFFF01002F846D6B55A5728CDFFFB9
:10661000728CDFFF18BEDFFFDFFF9FF77FEF7FEF9A
:106620007FEF9FEF9FEF9FEF9FEFBFF7DFF7BFF782
:106630007FEF7FEF9FEF7FEF7FEF7FEF7FEF7FEFCA
:106640007FEF9FEF9FF79FF79FF7BFF7DFFFDFFF1A
:10665000DFFFDFFFDFFFDFFFDFFFDFFFDFFFDFFF4A
:10666000DFFFDFFFDFFFDFFFDFFFDFFFDFFFDFFF3A
:10667000DFFFDFFFDFFFDFFFDFFFDFFFDFFFDFFF2A
:10668000DFFFDFFFDFFFDFFFDFFFDFFFDFFFDFFF1A
:10669000DFFFDFFFDFFFDFFFDFFFDFFFDFFFDFFF0A
:1066A000DFFFDFFFDFFFDFFFDFFFDFFFDFFFDFFFFA
:1066B000DFFFDFFFDFFFDFFFDFFFDFFFDFFFDFFFEA
:1066C000DFFFDFFFDFFFDFFFDFFFDFFFDFFFDFFFDA
:1066D000DFFFDFFFDFFFDFFFDFFFDFFFDFFFDFFFCA
:1066E000DFFFDFFFDFFFDFFFDFFFDFFFDFFFDFFFBA
:1066F000DFFFDFFFDFFFDFFFDFFFDFFFDFFFDFFFAA
:10670000DFFFDFFFDFFFDFFFDFFFDFFFDFFFDFFF99
:10671000DFFF6B52528C57ADD7BD708CDFFFB29448
:10672000000020002000083A242100000000718CA5
:10673000DFFF14A52C6300000000A3106D6B400068
:10674000E95ACD7BC2180000AA52A2108210DFFFC6
:10675000DFFFDFFFDFFFB394DFFFDFFF484ADFFF2C
:10676000DFFFDFFFD39CDFF79FEF7FEF7FEF7FEF50
:106770007FEFE941E0187FE77FEF7FE77FEF7FEF73
:106780009FF7DFF7BFF7BFF7BFF7DFFFDFFFDFF7E9
:10679000DFF795B5DFFFBFF7BFF7F17BA7528E8C10
:1067A00076AD04192F84EB5AD7B5D7B5DFFFF8BD06
:1067B000DFFF518C75ADDFFFBFF79FF79FEF7FEFD6
:1067C0007FEF9FEFBFF7BFF7DFF7BFF79FF77FEFD1
:1067D0007FEF7FEF7FEF7FEF7FEF7FEF9FEFBFF7E1
:1067E000BFF79FF79FEF9FEFBFF7DFFFDFFFDFFFF1
:1067F000DFFFDFFFDFFFDFFFDFFFDFFFDFFFDFFFA9
:10680000DFFFDFFFDFFFDFFFDFFFDFFFDFFFDFFF98
:10681000DFFFDFFFDFFFDFFFDFFFDFFFDFFFDFFF88
:10682000DFFFDFFFDFFFDFFFDFFFDFFFDFFFDFFF78
:10683000DFFFDFFFDFFFDFFFDFFFDFFFDFFFDFFF68
:10684000DFFFDFFFDFFFDFFFDFFFDFFFDFFFDFFF58
:10685000DFFFDFFFDFFFDFFFDFFFDFFFDFFFDFFF48
:10686000DFFFDFFFDFFFDFFFDFFFDFFFDFFFDFFF38
:10687000DFFFDFFFDFFFDFFFDFFFDFFFDFFFDFFF28
:10688000DFFFDFFFDFFFDFFFDFFFDFFFDFFFDFFF18
:10689000DFFFDFFFDFFFDFFFDFFFDFFFDFFFDFFF08
:1068A000DFFFDFFFDFFFDFFFDFFFDFFFDFFFDFFFF8
:1068B000DFFFDFFF328CA3108110A110A210CB5A92
:1068C000284204190000DFFFDFFFB6B5A731000042
:1068D000E4183184DFFF6D6B76AD2421884AA9521C
:1068E0006C6B694A01000321E318895259CEDFFF1E
:1068F000DFFF96B5DFFFDFFFDFFF8D73DFFFDFFF19
:10690000DFFFDFFFBFF77FEF7FEF7FEF7FEF7FEFEF
:10691000884A77B57FEF7FEF7FE74E737FEF7FEF9A
:10692000BFF7DFFFBFF7BFF7DFF7DFFF79CEDFFF8E
:10693000DFFFDFF7BFF70621D0944D63D294CD730C
:10694000E4180F7C4842DFFFDFF776AD7ACEDFFF39
:106950006D6B3084DFFFDFFFDFFFBFF7BFF79FF70F
:10696000BFF7DFFFDFFFDFF79FF79FEF7FEF7FEFDF
:106970007FEF7FEF7FEF7FEF9FF7BFF7BFF7BFF7A7
:106980009FEF9FEF9FEFDFF7DFFFDFFFDFFFDFFF0F
:10699000DFFFDFFFDFFFDFFFDFFFDFFFDFFFDFFF07
:1069A000DFFFDFFFDFFFDFFFDFFFDFFFDFFFDFFFF7
:1069B000DFFFDFFFDFFFDFFFDFFFDFFFDFFFDFFFE7
:1069C000DFFFDFFFDFFFDFFFDFFFDFFFDFFFDFFFD7
:1069D000DFFFDFFFDFFFDFFFDFFFDFFFDFFFDFFFC7
:1069E000DFFFDFFFDFFFDFFFDFFFDFFFDFFFDFFFB7
:1069F000DFFFDFFFDFFFDFFFDFFFDFFFDFFFDFFFA7
:106A0000DFFFDFFFDFFFDFFFDFFFDFFFDFFFDFFF96
:106A1000DFFFDFFFDFFFDFFFDFFFDFFFDFFFDFFF86
:106A2000DFFFDFFFDFFFDFFFDFFFDFFFDFFFDFFF76
:106A3000DFFFDFFFDFFFDFFFDFFFDFFFDFFFDFFF66
:106A4000DFFFDFFFDFFFDFFFDFFFDFFFDFFF97B5E8
:106A5000DFFF4F6BD07B0000000020006E6BDFFF7C
:106A6000D39404190000DFFF4D63B6B5308461088C
:106A700000002421294245292000684A23212000C2
:106A800000000200694A2842AE732842DFFFDFFFA0
:106A90008E73DFFFDFFFDFFF9294DFFFDFFFDFFF9B
:106AA000DFFF15A57FEF7FEF7FEF9FEF9FF7C639E1
:106AB0007FEF7FEF7FEF7FE77FEF7FEF7FEFBFF726
:106AC000DFFFBFF7BFF7BFF7DFFFDFFFDFFFDFFF4E
:106AD000DFFF8F73400830848B6BED73E7396108FB
:106AE000CE732B63DFFFDFFF9294DFFFDFFF86298A
:106AF000EF7BDFFFDFFFDFFFDFF7BFF7BFF7DFFF72
:106B0000DFFFDFFFBFF79FEF9FEF7FEF7FEF7FEFAD
:106B10007FEF7FEF9FEFBFF7BFF7BFF79FF79FEFC5
:106B20009FEF9FEFDFF7DFFFDFFFDFFFDFFFDFFF1D
:106B3000DFFFDFFFDFFFDFFFDFFFDFFFDFFFDFFF65
:106B4000DFFFDFFFDFFFDFFFDFFFDFFFDFFFDFFF55
:106B5000DFFFDFFFDFFFDFFFDFFFDFFFDFFFDFFF45
:106B6000DFFFDFFFDFFFDFFFDFFFDFFFDFFFDFFF35
:106B7000DFFFDFFFDFFFDFFFDFFFDFFFDFFFDFFF25
:106B8000DFFFDFFFDFFFDFFFDFFFDFFFDFFFDFFF15
:106B9000DFFFDFFFDFFFDFFFDFFFDFFFDFFFDFFF05
:106BA000DFFFDFFFDFFFDFFFDFFFDFFFDFFFDFFFF5
:106BB000DFFFDFFFDFFFDFFFDFFFDFFFDFFFDFFFE5
:106BC000DFFFDFFFDFFFDFFFDFFFDFFFDFFFDFFFD5
:106BD000DFFFDFFFDFFFDFFFDFFFDFFFDFFFDFFFC5
:106BE000DFFFDFFFDFFFDFFFDFFFB9D6DFFFDFFF04
:106BF000DFFFF8BD1184F07B0000400000000000C2
:106C0000F7BDE73900002000EF7BE31830846D6B9F
:106C10006B6B264200002842A7317BCE3ACEDFFFC5
:106C20004408000000006D6B4D6BDFFFDFFFDFFFEE
:106C3000DFFFDFFFDFFF9AD6DFFFDFFFDFFFDFFFD2
:106C4000518C7FEF7FEF7FEF9FF7BFF7694A8A5242
:106C500030847FEF75AD7FEF7FEF7FEF9FEFBFF762
:106C6000DFFFBFF7BFF7BFF7DFFFDFFFDFFFDFFFAC
:106C70008A5200003084518C8E73242141089094F4
:106C80000E84BFF7DFF778CE129D4C6B4429284263
:106C900075ADDFFFDFFFDFFFDFFFDFFFDFFFDFFFC0
:106CA000DFFFBFF79FF79FF77FEF7FEF7FEF7FEF6C
:106CB0007FEFBFF7BFF7BFF79FEF9FEF9FEF9FEF0C
:106CC0009FEFDFF7DFFFDFFFDFFFDFFFDFFFDFFF2C
:106CD000DFFFDFFFDFFFDFFFDFFFDFFFDFFFDFFFC4
:106CE000DFFFDFFFDFFFDFFFDFFFDFFFDFFFDFFFB4
:106CF000DFFFDFFFDFFFDFFFDFFFDFFFDFFFDFFFA4
:106D0000DFFFDFFFDFFFDFFFDFFFDFFFDFFFDFFF93
:106D1000DFFFDFFFDFFFDFFFDFFFDFFFDFFFDFFF83
:106D2000DFFFDFFFDFFFDFFFDFFFDFFFDFFFDFFF73
:106D3000DFFFDFFFDFFFDFFFDFFFDFFFDFFFDFFF63
:106D4000DFFFDFFFDFFFDFFFDFFFDFFFDFFFDFFF53
:106D5000DFFFDFFFDFFFDFFFDFFFDFFFDFFFDFFF43
:106D6000DFFFDFFFDFFFDFFFDFFFDFFFDFFFDFFF33
:106D7000DFFFDFFFDFFFDFFFDFFFDFFFDFFFDFFF23
:106D8000DFFFDFFFDFFFDFFFE639DFFFDFFFDFFFD2
:106D9000DFFFDFFFDFFF8E73494A0000610800005C
:106DA0000000D39CDFFF79CE000000002000AE730E
:106DB000F7BDDFFFDFFF4D6B200000002108E83941
:106DC000AE73DFFF4C6B2C630C63DFFFDFFFDFFF75
:106DD000DFFFDFFFDFFFDFFFDFFFDFFFBFF79FEF3B
:106DE0007FEF7FEF7FEF7FEF9FEF6D6B494A694A3F
:106DF0007FEF30847FEF7FEF7FEF7FEFBFF7DFFF25
:106E0000DFFFBFF7BFF7DFFFDFFFDFFF00008A52C2
:106E1000610830848E73AE7321080000F29CCD733C
:106E20009FF7BFF7BFF7BFF7694A65296D6B8E7390
:106E3000DFFFDFFFDFFFDFFFDFFFDFFFDFFFDFFF62
:106E4000DFF7BFF7BFF77FEF7FEF7FEF7FEFBFF792
:106E5000BFF7BFF79FEF7FEF7FEF9FEF7FEF9FEFD2
:106E6000DFF7DFFFDFFFDFFFDFFFDFFFDFFFDFFF3A
:106E7000DFFFDFFFDFFFDFFFDFFFDFFFDFFFDFFF22
:106E8000DFFFDFFFDFFFDFFFDFFFDFFFDFFFDFFF12
:106E9000DFFFDFFFDFFFDFFFDFFFDFFFDFFFDFFF02
:106EA000DFFFDFFFDFFFDFFFDFFFDFFFDFFFDFFFF2
:106EB000DFFFDFFFDFFFDFFFDFFFDFFFDFFFDFFFE2
:106EC000DFFFDFFFDFFFDFFFDFFFDFFFDFFFDFFFD2
:106ED000DFFFDFFFDFFFDFFFDFFFDFFFDFFFDFFFC2
:106EE000DFFFDFFFDFFFDFFFDFFFDFFFDFFFDFFFB2
:106EF000DFFFDFFFDFFFDFFFDFFFDFFFDFFFDFFFA2
:106F0000DFFFDFFFDFFFDFFFDFFFDFFFDFFFDFFF91
:106F1000DFFFDFFFDFFFDFFFDFFFDFFFDFFFDFFF81
:106F2000DFFFDFFFDFFFC631DFFFDFFFDFFFDFFF58
:106F3000DFFFDFFFDFFFDFFF1084694AC3180000B7
:106F4000000000000000CF7BDFFF9AD6B07B420834
:106F5000000061084D6BDFFFD6BDD194AD732008F2
:106F600000002000863196B50421DFFFDFFFDFFF40
:106F7000DFFFDFFFDFFFDFFFDFFFBFF77FEF7FEF29
:106F80007FEF7FEFF7BDC2186108D294853179CECB
:106F90007FEF7FEF7FEF7FEF7FEF9FEFBFF7DFFFA9
:106FA000BFF79FF7BFF7DFFF00002000494A20002E
:106FB000EF7B8D6BAE73000000006C6BE63999D6E9
:106FC0009FF79FEF9FF76D6BAA529AD60C63DFFF76
:106FD000DFFFDFFFDFFFDFFFDFFFDFFFDFFFBFF7E9
:106FE0009FF79FEF7FEF7FEF9FEFBFF7BFF7BFF7F1
:106FF0007FEF7FEF7FEF7FEF7FEF7FEF9FEFDFF799
:10700000DFFFDFFFDFFFDFFFDFFFDFFFDFFFDFFF90
:10701000DFFFDFFFDFFFDFFFDFFFDFFFDFFFDFFF80
:10702000DFFFDFFFDFFFDFFFDFFFDFFFDFFFDFFF70
:10703000DFFFDFFFDFFFDFFFDFFFDFFFDFFFDFFF60
:10704000DFFFDFFFDFFFDFFFDFFFDFFFDFFFDFFF50
:10705000DFFFDFFFDFFFDFFFDFFFDFFFDFFFDFFF40
:10706000DFFFDFFFDFFFDFFFDFFFDFFFDFFFDFFF30
:10707000DFFFDFFFDFFFDFFFDFFFDFFFDFFFDFFF20
:10708000DFFFDFFFDFFFDFFFDFFFDFFFDFFFDFFF10
:10709000DFFFDFFFDFFFDFFFDFFFDFFFDFFFDFFF00
:1070A000DFFFDFFFDFFFDFFFDFFFDFFFDFFFDFFFF0
:1070B000DFFFDFFFDFFFDFFFDFFFDFFFDFFFDFFFE0
:1070C000DFFFDFFFA952DFFFDFFFDFFFDFFFDFFFB3
:1070D000DFFFDFFFDFFFDFFF39C68E730C630000C9
:1070E000200000004108494AF8BDDFFFDFFF494AA0
:1070F00020004008000044292742DFFFA739108400
:107100002C6B41080000000038C6DFFFDFFFDFFF07
:10711000DFFFDFFFDFFFDFFFBFF77FEF9AD67FEFF5
:107120007FEF895200000000BFF7C218D29C9FEF8A
:107130007FEF7FEF7FEF7FEF7FEFBFF7DFF7DFF7C7
:10714000BFF7BFF72C6B4529E7392C632000D29C91
:107150002C6375ADC3188210CA5AC639D6BD9FF7C5
:107160009FF79FEF55ADA21034A54D6BDFFFDFFFFA
:10717000DFFFDFFFDFFFDFFFDFFFDFFFBFF79FEF97
:107180007FEF7FEF7FEFBFF7BFF7BFF79FEF7FEF97
:107190007FEF7FEF7FEF7FEF7FEF9FEFDFF7DFFF87
:1071A000DFFFDFFFDFFFDFFFDFFFDFFFDFFFDFFFEF
:1071B000DFFFDFFFDFFFDFFFDFFFDFFFDFFFDFFFDF
:1071C000DFFFDFFFDFFFDFFFDFFFDFFFDFFFDFFFCF
:1071D000DFFFDFFFDFFFDFFFDFFFDFFFDFFFDFFFBF
:1071E000DFFFDFFFDFFFDFFFDFFFDFFFDFFFDFFFAF
:1071F000DFFFDFFFDFFFDFFFDFFFDFFFDFFFDFFF9F
:10720000DFFFDFFFDFFFDFFFDFFFDFFFDFFFDFFF8E
:10721000DFFFDFFFDFFFDFFFDFFFDFFFDFFFDFFF7E
:10722000DFFFDFFFDFFFDFFFDFFFDFFFDFFFDFFF6E
:10723000DFFFDFFFDFFFDFFFDFFFDFFFDFFFDFFF5E
:10724000DFFFDFFFDFFFDFFFDFFFDFFFDFFFDFFF4E
:10725000DFFFDFFFDFFFDFFFDFFFDFFFDFFFDFFF3E
:10726000DFFF4C63DFFFDFFFDFFFDFFFDFFFDFFF5D
:10727000DFFFDFFFDFFFDFFFDFFFDFFFB7BD6E6B8D
:1072800029426629620800002100E4208A52AE7378
:10729000DFFFDFFFDFFFE318C2180000000000007F
:1072A000694ADFFFDFFF2842B6B5DFFFDFFFDFFF00
:1072B000DFFFDFFFDFF79FF77FEF7FEF7FEF7FEFEE
:1072C000E31800002B63E739C2182421BFF79FEFB2
:1072D0007FEF7FEF7FEF7FEF9FF7BFF7DFFFBFF716
:1072E0006008E2188A522C6308424421918CAA5209
:1072F000308404210000C639AA52F39CBFF7BFF7BF
:107300009FF79FEFCF7B96B58E73DFFFDFFFDFFF29
:10731000DFFFDFFFDFFFDFF7BFF79FEF7FEF7FEFDD
:107320007FEF9FF7BFF7DFF79FF77FEF7FEF7FEFED
:107330007FEF7FEF7FEF7FEF9FEFDFF7DFFFDFFF75
:10734000DFFFDFFFDFFFDFFFDFFFDFFFDFFFDFFF4D
:10735000DFFFDFFFDFFFDFFFDFFFDFFFDFFFDFFF3D
:10736000DFFFDFFFDFFFDFFFDFFFDFFFDFFFDFFF2D
:10737000DFFFDFFFDFFFDFFFDFFFDFFFDFFFDFFF1D
:10738000DFFFDFFFDFFFDFFFDFFFDFFFDFFFDFFF0D
:10739000DFFFDFFFDFFFDFFFDFFFDFFFDFFFDFFFFD
:1073A000DFFFDFFFDFFFDFFFDFFFDFFFDFFFDFFFED
:1073B000DFFFDFFFDFFFDFFFDFFFDFFFDFFFDFFFDD
:1073C000DFFFDFFFDFFFDFFFDFFFDFFFDFFFDFFFCD
:1073D000DFFFDFFFDFFFDFFFDFFFDFFFDFFFDFFFBD
:1073E000DFFFDFFFDFFFDFFFDFFFDFFFDFFFDFFFAD
:1073F000DFFFDFFFDFFFDFFFDFFFDFFFDFFFDFFF9D
:10740000E318DFFFDFFFDFFFDFFFDFFFDFFFDFFF6F
:10741000DFFFDFFFDFFFDFFFDFFFDFFFDFFFDFFF7C
:107420009AD68E730C63AC73C539000061080000F6
:1074300045298A524629528CDFFF1084AF7B694A66
:1074400000000000E3180B5BDFFF0000DFFFDFFF41
:10745000DFFFBFF79FEF7FEF0D637FEF7FEF200030
:10746000811096B58D732421AE7355ADBFF79FEF94
:107470007FEF7FEF7FEF9FEFBFF7DFFFA952BFF7EF
:107480006C6BE8396D6B6D6B000037C624214C6363
:10749000494A6208C3188A52CB5ABFF7BFF79FF711
:1074A000BFF7EC5A494AF39CDFFFDFFFDFFFDFFF46
:1074B000DFFFDFFFBFF79FF77FEF7FEF7FEFBFF7C4
:1074C000DFF7BFF7BFF77FEF7FEF7FE77FEF7FEF5C
:1074D0009FEF9FEF9FEF9FEFBFF7BFF7BFF7BFF79C
:1074E000BFF7BFF7DFF7DFFFDFFFDFFFDFFFDFFF04
:1074F000DFFFDFFFDFFFDFFFDFFFDFFFDFFFDFFF9C
:10750000DFFFDFFF51FC00F800F800F896FDDFFF19
:10751000DFFFDFFFDFFFDFFFDFFFDFFFDFFFDFFF7B
:10752000DFFFDFFFDFFFDFFFDFFFDFFFDFFFDFFF6B
:10753000DFFFDFFFDFFFDFFFDFFFDFFFDFFFDFFF5B
:10754000DFFFDFFFDFFFDFFFDFFFDFFFDFFFDFFF4B
:10755000DFFFDFFFDFFFDFFFDFFFDFFFDFFFDFFF3B
:10756000DFFFDFFFDFFFDFFFDFFFDFFFDFFFDFFF2B
:10757000DFFFDFFFDFFFDFFFDFFFDFFFDFFFDFFF1B
:10758000DFFFDFFFDFFFDFFFDFFFDFFFDFFFDFFF0B
:10759000DFFFDFFFDFFFDFFFDFFFDFFFDFFFC31006
:1075A000DFFFDFFFDFFFC6312C6375AD6E6B19C6E1
:1075B000DFFFDFFFDFFFDFFFDFFFDFFFDFFFDFFFDB
:1075C000DFFFDFFFDFFFB4B52A630B63200000009D
:1075D00000002208631000000000000008422C6335
:1075E000DFFFDFFF2C6300009294DFFFDFFFBFF7B8
:1075F0009FF77FEF2D637FEF7FEF7FEF410804213F
:107600000000CF7B494A4D6B0000DFFFBFF759CE2A
:1076100055A575AD34A5BFF78952DFFFBFF7D6BDBD
:10762000BFF70000CA52000075AD48426D6BC7310C
:10763000210000004000AA52BFF7DFF7DFFFDFFFA5
:10764000DFFF0100EF7B38C6DFFFDFFFDFFFDFFF7B
:10765000BFF79FEF7FEF7FEF9FEFBFF7DFFFDFFF0A
:107660009FF79FEF7FEF7FEF7FEF7FEF7FEF9FEF42
:107670007FEF7FEF9FEF9FF79FF79FF7BFF7BFF772
:107680009FF7BFF7DFF7DFFFDFFFDFFFDFFFDFFF82
:10769000DFFFDFFFDFFFDFFFDFFFDFFF18FE20F888
:1076A00000F800F800F800F800F800F834F5DFFF03
:1076B000DFFFDFFFDFFFDFFFDFFFDFFFDFFFDFFFDA
:1076C000DFFFDFFFDFFFDFFFDFFFDFFFDFFFDFFFCA
:1076D000DFFFDFFFDFFFDFFFDFFFDFFFDFFFDFFFBA
:1076E000DFFFDFFFDFFFDFFFDFFFDFFFDFFFDFFFAA
:1076F000DFFFDFFFDFFFDFFFDFFFDFFFDFFFDFFF9A
:10770000DFFFDFFFDFFFDFFFDFFFDFFFDFFFDFFF89
:10771000DFFFDFFFDFFFDFFFDFFFDFFFDFFFDFFF79
:10772000DFFFDFFFDFFFDFFFDFFFDFFFDFFFDFFF69
:10773000DFFFDFFFDFFFDFFFDFFFDFFFC318DFFF5C
:10774000DFFFDFFFDFFFDFFFDFFFDFFF093ADFFFE4
:10775000DFFFDFFFDFFFDFFFDFFFDFFFDFFFDFFF39
:10776000DFFFDFFF8D6BDFFFF7BD95B5895203218A
:107770000000200040080000A21000000000652961
:10778000F8BDDFFF6E6B41084100DFFFBFF79FEFE1
:107790007FEFB7B57FEF7FEF7FEF00008A5242089F
:1077A00092946A4A8E730000DFFFDFF7BFF79FEF06
:1077B0009FEFBFF7BFF7EF7BDFFFDFFFBFF7BFF73D
:1077C000083AA2106000B6B5894A4842652900000F
:1077D000000061080F84DFFFDFFFDFFFDFFFDFFF57
:1077E00082102C63D7BDDFFFDFFFDFFFBFF79FF7FE
:1077F0007FEF7FEF7FEFBFF7BFF7DFFFBFF79FEFB1
:107800007FEF7FEF7FEF7FEF7FEF7FEF7FEF7FEF08
:107810009FEF9FEF9FF7BFF7BFF7BFF7BFF79FF748
:107820009FF7BFF7DFFFDFFFDFFFDFFFDFFFDFFFD8
:10783000DFFFDFFFDFFFDFFFD3FC00F800F800F819
:1078400000F800F800F800F800F841F8DFFFDFFF6B
:10785000DFFFDFFFDFFFDFFFDFFFDFFFDFFFDFFF38
:10786000DFFFDFFFDFFFDFFFDFFFDFFFDFFFDFFF28
:10787000DFFFDFFFDFFFDFFFDFFFDFFFDFFFDFFF18
:10788000DFFFDFFFDFFFDFFFDFFFDFFFDFFFDFFF08
:10789000DFFFDFFFDFFFDFFFDFFFDFFFDFFFDFFFF8
:1078A000DFFFDFFFDFFFDFFFDFFFDFFFDFFFDFFFE8
:1078B000DFFFDFFFDFFFDFFFDFFFDFFFDFFFDFFFD8
:1078C000DFFFDFFFDFFFDFFFDFFFDFFFDFFFDFFFC8
:1078D000DFFFDFFFDFFFDFFFDFFF694ADFFFDFFFE3
:1078E000DFFFDFFFDFFFDFFFDFFFDFFF0B63AE73D5
:1078F000DFFFDFFFDFFFDFFFDFFFDFFF58CE95B5E4
:10790000DFFFDFFF518CDFFFEE7BDFFFDFFFDFFFFD
:107910006E8C684AE639600861084D6B6529000085
:1079200046292D63DFFF7ACEDFF78E6B92947FEFCF
:107930007FEF7FE77FEF7FEF2100000029426E6B32
:10794000118487316208D07BDFFFDFFFBFF7B2947D
:1079500058C6BFF7BFF7DFF7DFFFDFF76A4A9FF7C9
:10796000349D6D6B918CC631894A4100652185310A
:107970000000918CDFFFDFFFDFFFDFFFDFFFA631BD
:107980002421AE73BFF7BFF7BFF79FEF7FEF7FEF05
:107990007FEF9FF7DFF7DFFFBFF79FF77FEF7FEF07
:1079A0007FEF7FEF7FEF7FEF9FEF9FF7BFF7BFF78F
:1079B000BFF7BFF7BFF7BFF7BFF7BFF7BFF7BFF717
:1079C000DFF7DFFFDFFFDFFFDFFFDFFFDFFFDFFFCF
:1079D000F3FC00F800F800F800F800F800F800F8F0
:1079E00000F800F800F800F800F8C7C19AD6DFFFE9
:1079F000DFFFDFFFDFFFDFFFDFFFDFFFDFFFDFFF97
:107A0000DFFFDFFFDFFFDFFFDFFFDFFFDFFFDFFF86
:107A1000DFFFDFFFDFFFDFFFDFFFDFFFDFFFDFFF76
:107A2000DFFFDFFFDFFFDFFFDFFFDFFFDFFFDFFF66
:107A3000DFFFDFFFDFFFDFFFDFFFDFFFDFFFDFFF56
:107A4000DFFFDFFFDFFFDFFFDFFFDFFFDFFFDFFF46
:107A5000DFFFDFFFDFFFDFFFDFFFDFFFDFFFDFFF36
:107A6000DFFFDFFFDFFFDFFFDFFFDFFFDFFFDFFF26
:107A7000DFFFDFFFDFFFDFFFB9D6DFFFDFFFDFFF65
:107A8000DFFFDFFFDFFFDFFFDFFFDFFFDFFFAF7BBA
:107A900035ADDFFFDFFFDFFFDFFFDFFFDFFFCB5AAB
:107AA000DFFFDFFF4D6BDFFFDFFFE739DFFFDFFFCA
:107AB000DFFFDFFF17C6AE73000000000319F29C62
:107AC000F29CDFFFDFFFBFF77FEF7FEF7FEF7FEFFE
:107AD0007FE77FEFF7BDE21881104C6B28424D6BBA
:107AE000EC5A05196E6BBFF7DFFFDFFFBFF7BFF77B
:107AF000BFF79FF7BFF7DFFFBFF79FF7853195AD62
:107B0000B6B5AE732842494A4D6B8E73E6394421AF
:107B1000031939C6DFFFDFFFDFF7BFF7BFF701004B
:107B20004E6B9FEF7FEF7FEF7FEF9FEF9FEF9FF712
:107B3000BFF7DFFFDFF79FF77FEF7FEF7FEF9FEF6D
:107B40009FF7BFF7BFF7BFF7DFF7BFF7BFF7BFF785
:107B5000BFF7BFF7BFF7BFF7BFF7DFF7DFFFDFFF05
:107B6000DFFFDFFFDFFF69FA2CFBA2F800F800F867
:107B700000F800F800F800F800F800F800F800F845
:107B800000F800F800F800F800F865D1BEF7DFFF54
:107B9000DFFFDFFFDFFFDFFFDFFFDFFFDFFFDFFFF5
:107BA000DFFFDFFFDFFFDFFFDFFFDFFFDFFFDFFFE5
:107BB000DFFFDFFFDFFFDFFFDFFFDFFFDFFFDFFFD5
:107BC000DFFFDFFFDFFFDFFFDFFFDFFFDFFFDFFFC5
:107BD000DFFFDFFFDFFFDFFFDFFFDFFFDFFFDFFFB5
:107BE000DFFFDFFFDFFFDFFFDFFFDFFFDFFFDFFFA5
:107BF000DFFFDFFFDFFFDFFFDFFFDFFFDFFFDFFF95
:107C0000DFFFDFFFDFFFDFFFDFFFDFFFDFFFDFFF84
:107C1000DFFFDFFFDFFFDFFF34A5DFFFDFFFDFFF79
:107C2000DFFFDFFFDFFFDFFFDFFFDFFFDFFF93941B
:107C3000DFFFDFFFDFFFDFFFDFFFDFFFDFFF35A558
:107C4000DFFF518CDFFFDFFFDFFF508CDFFFDFFF47
:107C5000DFFFDFFFDFFFF7BDCE7B2000AE730F7CC1
:107C6000DFFFDFF79FF77FEF7FEF7FEF7FEF7FE7AC
:107C70007FEF0B6385310000AE73AA524D6B8B52C0
:107C8000A3103184B194BFF7DFFFBFF7BFF79FF7B1
:107C90009FF7BFF7DFF7BFF79FF7E218718CEB5A3A
:107CA000484265292842728C1084E539442100003D
:107CB00035A5BFF7BFF7BFF79FF79FEF8B524A4A33
:107CC0007FEF7FEF7FEF7FEF9FF79FF79FF7DFF764
:107CD000DFFFBFF79FEF7FEF7FEF9FEFBFF7BFF7AC
:107CE000DFF7DFF7DFF7BFF7BFF7BFF79FEF9FF7CC
:107CF000BFF7BFF7DFF7DFFFDFFFDFFFDFFFDFFFEC
:107D0000DFFFDFFF00F800F800F800F800F800F8E7
:107D100000F800F800F800F800F800F800F800F8A3
:107D200000F800F800F800F8A2E8B6B5DFFFDFFFC2
:107D3000DFFFDFFFDFFFDFFFDFFFDFFFDFFFDFFF53
:107D4000DFFFDFFFDFFFDFFFDFFFDFFFDFFFDFFF43
:107D5000DFFFDFFFDFFFDFFFDFFFDFFFDFFFDFFF33
:107D6000DFFFDFFFDFFFDFFFDFFFDFFFDFFFDFFF23
:107D7000DFFFDFFFDFFFDFFFDFFFDFFFDFFFDFFF13
:107D8000DFFFDFFFDFFFDFFFDFFFDFFFDFFFDFFF03
:107D9000DFFFDFFFDFFFDFFFDFFFDFFFDFFFDFFFF3
:107DA000DFFFDFFFDFFFDFFFDFFFDFFFDFFFDFFFE3
:107DB000DFFFDFFFDFFF2000DFFFDFFF58CEDFFF49
:107DC000DFFFDFFFDFFFD7BDDFFFDFFFDFFF718CEE
:107DD0008E73DFFFDFFFDFFFDFFFDFFFDFFF929448
:107DE000DFFF2842DFFFDFFFDFFF2C63DFFFDFFF66
:107DF000DFFFDFFFDFFFDFFFDFFFDFFF5084DFFF9D
:107E0000BFF77FEF7FEF7FEF7FEF7FE77FE77FEFCA
:107E1000E639684A00007FEF44218E732C63E41832
:107E2000E831D6BD33A5BFF7DFFFBFF7BFF79FEF40
:107E30009FF7BFF7BFF79FF713A585292C6355A5BB
:107E40000000E739EB5A928C6008B1940000294297
:107E50007FEF7FEF7FEF7FEF7FEF7FEFE839D39CFE
:107E60007FEF7FEFBFF7BFF7BFF7BFF7BFF7BFF7F2
:107E7000BFF79FEF9FEFBFF7BFF7DFFFDFFFBFF752
:107E8000BFF79FF79FEF7FEF7FEF7FEFBFF7DFFF3A
:107E9000DFFFDFFFDFFFDFFFDFFFDFFFDFFFDFFFF2
:107EA000DFFF38FE00F800F800F800F800F800F8EE
:107EB00000F800F800F800F800F800F800F800F802
:107EC00000F882E8AE83EF7BEF7BDFFFDFFFDFFFB1
:107ED000DFFFDFFFDFFFDFFFDFFFDFFFDFFFDFFFB2
:107EE000DFFFDFFFDFFFDFFFDFFFDFFFDFFFDFFFA2
:107EF000DFFFDFFFDFFFDFFFDFFFDFFFDFFFDFFF92
:107F0000DFFFDFFFDFFFDFFFDFFFDFFFDFFFDFFF81
:107F1000DFFFDFFFDFFFDFFFDFFFDFFFDFFFDFFF71
:107F2000DFFFDFFFDFFFDFFFDFFFDFFFDFFFDFFF61
:107F3000DFFFDFFFDFFFDFFFDFFFDFFFDFFFDFFF51
:107F4000DFFFDFFFDFFFDFFFDFFFDFFFDFFFDFFF41
:107F5000DFFFDFFFAE73484ADFFFDFFF508CDFFF3C
:107F6000DFFFDFFFDFFF55ADDFFFDFFFDFFFF7BD27
:107F70002C63DFFFDFFFDFFFDFFFDFFFDFFFD7BDAA
:107F80009AD6DFFFDFFFDFFFDFFF0842F7C5DFFF25
:107F9000DFFFDFFFDFFF6D6B38C6DFFFBFF79FEF4F
:107FA0007FEF7FEF7FEF7FEF7FE77FE77FEFB5B575
:107FB000AD73D6BD9194000007428A4AE7398629FD
:107FC0007FEF58CE9FF7DFFFDFFFDFFFBFF7BFF781
:107FD000BFF7BFF7B294CA5224212C63B29496AD76
:107FE00000009294BFF74421031986316A4A7FEF5B
:107FF0007FEF7FEF9FEF9FEF9FEF9FEF24219FF792
:10800000BFF7DFF7BFF7BFF7BFF7DFF7BFF7BFF780
:10801000BFF7BFF7DFFFDFFFBFF79FF79FEF9FEFD0
:108020007FEF7FEF7FEF7FEF7FEFBFF7DFFFDFFFB8
:10803000DFFFDFFFDFFFDFFFDFFFDFFFDFFFDFFF50
:10804000DFFFE7F900F800F800F800F800F800F8A2
:1080500000F800F800F800F861F0C7C1EB9AEF7B78
:10806000EF7BEF7BEF7B3084DFFFDFFFDFFFDFFFA6
:10807000DFFFDFFFDFFFDFFFDFFFDFFFDFFFDFFF10
:10808000DFFFDFFFDFFFDFFFDFFFDFFFDFFFDFFF00
:10809000DFFFDFFFDFFFDFFFDFFFDFFFDFFFDFFFF0
:1080A000DFFFDFFFDFFFDFFFDFFFDFFFDFFFDFFFE0
:1080B000DFFFDFFF24F1DFFFDFFFDFFFDFFFDFFF99
:1080C000DFFFDFFFDFFFDFFF34FDDFFFDFFFDFFF6D
:1080D000DFFFDFFFDFFFDFFFDFFFDFFFDFFFDFFFB0
:1080E000DFFFDFFFDFFFDFFFDFFFDFFFDFFFDFFFA0
:1080F000DFFFDFFFB6B5DFFFDFFFDFFFCE7BDFFF98
:10810000DFFFDFFFDFFFDFFFDFFFDFFFDFFFDFFF7F
:108110008E73DFFFDFFFDFFFDFFFDFFFDFFFD39CBB
:10812000D39C96B5DFFFDFFFDFFFDFFF8A52DFFF63
:10813000DFFFDFFF2842518CD39459CE7FEF7FEFD2
:108140007FEF7FEF7FEF20007FE737C67FE77FEF8E
:10815000F29CB1940000894ACE73073AA6317FEFB2
:1081600072940C63BFF7DFFFDFFFDFFFDFFFDFF796
:108170009394718C61088D6B0000D6B54529000081
:1081800096ADDFF7B6B500009ACE0000494A96B525
:108190000F7C4C634C63B394DFF78E73DFFFDFFF1C
:1081A000BFF7BFF7BFF7BFF7DFF7DFFFDFFFDFFF87
:1081B000DFF7BFF7BFF79FEF7FEF7FEF7FEF7FEF37
:1081C0007FEF7FEF7FEF7FEFBFF7DFFFDFFFDFFFA7
:1081D000DFFFDFFFDFFFDFFFDFFFDFFFDFFFDFFFAF
:1081E000DFFFFBFE00F800F800F800F800F882F06E
:1081F0008AAA8E83EF7BEF7BEF7BEF7BEF7B308474
:10820000DBDEDFFFDFFFDFFFDFFFDFFFDFFFDFFFA3
:10821000DFFFDFFFDFFFDFFFDFFFDFFFDFFFDFFF6E
:10822000DFFFDFFFDFFFDFFFDFFFDFFFDFFFDFFF5E
:10823000DFFFDFFFDFFFDFFFDFFFDFFFDFFFDFFF4E
:10824000DFFFDFFFDFFFDFFFDFFFDFFFDFFFDFFF3E
:10825000DFFF41F0DFFFDFFFDFFFDFFFDFFFDFFFDB
:10826000DFFFDFFFDFFF41F0DFFFDFFFDFFFDFFFCB
:10827000DFFFDFFFDFFFDFFFDFFFDFFFDFFFDFFF0E
:10828000DFFFDFFFDFFFDFFFDFFFDFFFDFFFDFFFFE
:10829000DFFFDFFF17BEDFFFDFFFDFFF59CEDFFFAE
:1082A000DFFFDFFFDFFF5084DFFFDFFFDFFF718CC9
:1082B000F39C96B5DFFFDFFFDFFFDFFFDFFF54AD8D
:1082C000EF7BDFFFDFFFDFFFDFFFEB62DFFFDFFFC3
:1082D000DFFFC739F07B318430847FEF7FEF7FEFA2
:1082E0007FEF7FEF7FE77FE78D6B16BE7FEF7FE746
:1082F0008D730000A9520F7CE739694A7FEF35A5DD
:108300008A529FF7DFFFDFFF59CEA3106B4AB8BD3B
:108310000000442144214421BFF730842842BFF7A4
:10832000BFF7BFF7B294EC5A0000728CB394BFF75A
:10833000DFFFB5B5EF7BDFFFDFFF76ADDFFFBFF718
:108340009FF7BFF7BFF7BFF7BFF7DFF7DFF7BFF75D
:108350009FF79FEF7FEF7FEF7FEF7FEF7FEF7FEF65
:108360007FEF7FEF7FEF9FF7DFFFDFFFDFFFDFFFB5
:10837000DFFFDFFFDFFFDFFFDFFFDFFFDFFFDFFF0D
:10838000DFFF49D200F800F8A2E869B2EF7BEF7B8B
:10839000EF7BEF7BEF7BEF7B518CB6B5DFFFDFFF31
:1083A000DFFFDFFFDFFFDFFFDFFFDFFFDFFFDFFFDD
:1083B000DFFFDFFFDFFFDFFFDFFFDFFFDFFFDFFFCD
:1083C000DFFFDFFFDFFFDFFFDFFFDFFFDFFFDFFFBD
:1083D000DFFFDFFFDFFFDFFFDFFFDFFFDFFFDFFFAD
:1083E000DFFFDFFFDFFFDFFFDFFFDFFFDFFF7DFFFF
:1083F00041F08AD2718CDFFFDFFFDFFFDFFFDFFF9D
:10840000DFFFDFFF41F024E1DFFFDFFFDFFFDFFF02
:10841000DFFFDFFFDFFFDFFFDFFFDFFFDFFFDFFF6C
:10842000DFFFDFFFDFFFDFFFDFFFDFFFDFFF6D6B62
:10843000DFFFB294DFFFDFFFDFFFDFFFDFFFDFFFE4
:10844000DFFFDFFFDFFFB2943084DFFFDFFFDFFFFE
:108450008E731084DFFFDFFFDFFFDFFF10843084C7
:1084600058CEDFFFDFFFDFFFDFFF55AD4D6BDFFFD6
:108470006A4A2521E839A6316D6B7FEF7FEF7FEFE8
:1084800020007FE77FE7A5317FE7508C7FE78D7382
:10849000EA5A694A5084AA52AD6B7FEF7FEF55AD1F
:1084A000D29CBFF7AD73CB5AE420738C010000005F
:1084B000E739C739BFF765290F7CCE73D2949FF790
:1084C00075AD28426D6B55AD2942B6B5BFF7BFF704
:1084D000DFF7DFF7DFF7BFF78731F07B9FF79FF715
:1084E000BFF7BFF7BFF7BFF7BFF7BFF79FEF7FEF4C
:1084F0007FEF7FEF7FEF7FEF7FEF7FEF7FEF7FEF0C
:108500007FEF7FEF9FEFDFFFDFFFDFFFDFFFDFFFAB
:10851000DFFFDFFFDFFFDFFFDFFFDFFFDFFFDFFF6B
:10852000DFFF9294EF7BEF7BEF7BEF7BEF7B718C38
:1085300079CEDFFFDFFFDFFFDFFFDFFFDFFFDFFFE2
:10854000DFFFDFFFDFFFDFFFDFFFDFFFDFFFDFFF3B
:10855000DFFFDFFFDFFFDFFFDFFFDFFFDFFFDFFF2B
:10856000DFFFDFFFDFFFDFFFDFFFDFFFDFFFDFFF1B
:10857000DFFFDFFFDFFFDFFFDFFFDFFFDFFFDFFF0B
:10858000DFFFDFFFDFFFDFFFDFFFDFFF34FD41F055
:10859000E7C1EF7BBAD6DFFFDFFFDFFFDFFFDFFFE3
:1085A000DFFF41F041F010841CE7DFFFDFFFDFFF5A
:1085B000DFFFDFFFDFFFDFFFDFFFDFFFDFFFDFFFCB
:1085C000DFFFDFFFDFFFDFFFDFFFDFFFD7BDDFFF05
:1085D0002000DFFFDFFFDFFFDFFFD8BDDFFFDFFFB2
:1085E000DFFFDFFFDFFFDFFFF07BDFFFDFFFDFFF0E
:1085F000DFFFC318DFFFDFFFDFFFDFFF96B59194DA
:10860000DFFFDFFFDFFFDFFFDFFFDFFF929439C611
:10861000830863080000E318AA52F7BD7FEFF29CBD
:108620007FE7D29CC6317FE7F7BDD39C7FEFEB5A43
:10863000AA52307C0B5B2C637FEF14A5508CCD735A
:10864000D5B54B6BA1106D6B000005210000C31860
:10865000BFF78A4A0000BFF744214C6374AD17BED0
:10866000508458C6A310294229422D639FEF92944B
:1086700050849FF7BFF7BFF76E73BFF7BFF7DFFFF9
:10868000DFFFDFFFDFF7BFF7BFF79FEF7FEF7FEF82
:108690007FEF7FEF7FEF7FEF7FEF7FEF9FEF9FEF2A
:1086A0007FEF9FEFDFF7DFFFDFFFDFFFDFFFDFFFA2
:1086B000DFFFDFFFDFFFDFFFDFFFDFFFDFFFDFFFCA
:1086C000DFFFBEF73CE7DFFFDFFFDFFFDFFFDFFF9E
:1086D000DFFFDFFFDFFFDFFFDFFFDFFFDFFFDFFFAA
:1086E000DFFFDFFFDFFFDFFFDFFFDFFFDFFFDFFF9A
:1086F000DFFFDFFFDFFFDFFFDFFFDFFFDFFFDFFF8A
:10870000DFFFDFFFDFFFDFFFDFFFDFFFDFFFDFFF79
:10871000DFFFDFFFDFFFDFFFDFFFDFFFDFFFDFFF69
:10872000DFFFDFFFDFFFDFFFDFFFEBFA41F008BA1B
:10873000EF7BB6B5DFFFDFFFDFFFDFFFDFFFDFFF30
:1087400041F041F0EF7BEF7BDFFFDFFFDFFFDFFF7B
:10875000DFFFDFFFDFFFDFFFDFFFDFFFDFFFDFFF29
:10876000DFFFDFFFDFFFDFFFDFFF9AD6318400008E
:10877000DFFFDFFFDFFFDFFFDFFF708C684ADFFF17
:10878000DFFFDFFFDFFFDFFF528CDFFFDFFFDFFFF9
:10879000DFFF00006D6BDFFFDFFFDFFF494A89521B
:1087A000DFFFDFFFDFFFDFFFDFFF59CE8F6B4E6B99
:1087B00001008110610800008110CA5AD294139DF3
:1087C00064294C6B7FE755AD39C67FEF0421CB524E
:1087D000AA5265214D637FEF9294B6B5A95240002D
:1087E0002642EE7B6108000001004521DFFF4108C1
:1087F0004108DFF70000EE7BBFF744219FEF9FEFBA
:108800009FEF107CBFF7BFF7A731420815A59FEF78
:108810009FF7B39CDFF7BFF74308BFF7DFF7DFFF32
:10882000DFFFDFFFDFFFDFFFBFF77FEF7FEF7FEFD0
:108830007FEF7FEF7FEF7FEF7FEF9FEF9FEF7FEF88
:108840009FEFBFF7DFFFDFFFDFFFDFFFDFFFDFFFB0
:10885000DFFFDFFFDFFF59FEDFFFDFFFDFFFDFFFAF
:10886000DFFFDFFFDFFFDFFF75FDDFFFDFFFDFFF84
:10887000DFFFDFFFDFFFDFFFDFFFDFFFDFFFDFFF08
:10888000DFFFDFFFDFFFDFFFDFFFDFFFDFFFDFFFF8
:10889000DFFFDFFFDFFFDFFFDFFFDFFFDFFFDFFFE8
:1088A000DFFFDFFFDFFFDFFFDFFFDFFFDFFFDFFFD8
:1088B000DFFFDFFFDFFFDFFFDFFFDFFFDFFFDFFFC8
:1088C000DFFFDFFFDFFFDFFFE7F941F008BAEF7BF3
:1088D000B6B5DFFFDFFFDFFFDFFFDFFFDFFF41F0C8
:1088E00041F0CF83EF7BDFFFDFFFDFFFDFFFDFFF45
:1088F000DFFFDFFFDFFFDFFFDFFFDFFFDFFFDFFF88
:10890000DFFFDFFFDFFFD8BD76AD4D6B2000DFFF5F
:10891000DFFFDFFFDFFFDFFFDFFF9194DFFFDFFF20
:10892000DFFFDFFFDFFFDFFFB494DFFFDFFFDFFFED
:1089300059CEAA52DFFFDFFFDFFF6D6B9294DFFF9E
:10894000DFFFDFFFDFFFDFFFD39C31847FEF01001C
:1089500000000000000000004000919495B52F84B5
:1089600089527FE77FEF96B5F8C5F7BD2C63AA5211
:10897000073A4D63E3188A526D6B2742674ADFFF5F
:108980006008000021000100DFF731840000E318D7
:10899000BFF7C218BFF7F6BD27429FEF9FEF9FEFCB
:1089A0009FEF9394BFF7BFF735A504190000929489
:1089B0009AD6B073BFF78C52BFF7BFF7BFF7BFF7B8
:1089C000BFF7DFF7DFFFBFF77FEF7FEF7FEF7FEFCF
:1089D0007FEF7FEF7FEF7FEF9FEF9FF77FEF7FEFDF
:1089E000BFF7DFFFDFFFDFFFDFFFDFFFDFFFDFFFBF
:1089F000DFFF7DFF00F81CFFDFFFDFFFDFFFDFFF92
:108A0000DFFFDFFFFBFE00F8EFFBDFFFDFFFDFFF35
:108A1000DFFFDFFFDFFFDFFFDFFFDFFFDFFFDFFF66
:108A2000DFFFDFFFDFFFDFFFDFFFDFFFDFFFDFFF56
:108A3000DFFFDFFFDFFFDFFFDFFFDFFFDFFFDFFF46
:108A4000DFFFDFFFDFFFDFFFDFFFDFFFDFFFDFFF36
:108A5000DFFFDFFFDFFFDFFFDFFFDFFFDFFFDFFF26
:108A6000DFFFDFFFDFFF41F041F069AAEF7BF7BDD9
:108A7000DFFFDFFFDFFFDFFFDFFFDFFF41F041F060
:108A80006D93EF7BDFFFDFFFDFFFDFFFDFFFDFFF48
:108A9000DFFFDFFFDFFFDFFFDFFFDFFFDFFFDFFFE6
:108AA000DFFFDFFF1084EF7B08422000DFFFDFFFE6
:108AB000DFFFDFFFDFFFDFFFDFFFB5B5B9D6DFFF89
:108AC000DFFFDFFFDFFFDFFF9BD6DFFF79CE8D7398
:108AD000DFFF16BEF6BDDFFFDFFFEE7BF7BD6529CA
:108AE0008952EF7B8A52AE737FEF01007FEF94AD26
:108AF00000002000000000000000410835A5D07BE8
:108B0000AA52694AD7B5B6B514A534A545298D6BC7
:108B100020008F734629A631E318708C600800008E
:108B2000010047299FF78F8C000057C6BFF7400808
:108B30009FF7652955AD0C639FEFF7BD7FEF7FEF82
:108B40009FF779CE9FF79FF7BFF7BFF7BAD6073ADF
:108B500075ADBFF7BFF7E2189FF7BFF7BFF7BFF7D5
:108B6000BFF7DFFFBFF77FEF7FEF7FEF7FEF7FEF95
:108B70007FEF7FEF9FEF9FF79FF79FEF7FEFBFF7AD
:108B8000DFF7DFFFDFFFDFFFDFFFDFFFDFFFDFFFFD
:108B900000F800F8DFFF1CE7DFFFDFFFDFFFDFFF8C
:108BA000DFFFF7FD00F800F875DDDFFFDFFFDFFF17
:108BB000DFFFDFFFDFFFDFFFDFFFDFFFDFFFDFFFC5
:108BC000DFFFDFFFDFFFDFFFDFFFDFFFDFFFDFFFB5
:108BD000DFFFDFFFDFFFDFFFDFFFDFFFDFFFDFFFA5
:108BE000DFFFDFFFDFFFDFFFDFFFDFFFDFFFDFFF95
:108BF000DFFFDFFFDFFFDFFFDFFFDFFFDFFFDFFF85
:108C0000DFFFDFFF41F041F0EB9AEF7B18C6DFFF9B
:108C1000DFFFDFFFDFFFDFFFDFFF41F041F00C9BF5
:108C2000EF7B7DEFDFFFDFFFDFFFDFFFDFFFDFFF3A
:108C3000DFFFDFFFDFFFDFFFDFFFDFFFDFFFDFFF44
:108C4000DFFF518C8E7304210000DFFFDFFFDFFFA9
:108C5000DFFFDFFFDFFFDFFFDFFFDFFFA531B5B5A0
:108C6000DFFFDFFFDFFFDFFFDFFFB29495ADF6BD73
:108C70008529DFFFDFFF0319D39CF7BD96B5D29C92
:108C80009194E739B294A3107FEFE52000007FEFC5
:108C9000894A6108000000000000494A8631AA5252
:108CA000718C494A4000AA52D29461086D6BD394EA
:108CB00041087FEF00000000A531400086314629C1
:108CC000BFF72E6B801057C674AD4008CF7B0000F5
:108CD0002521B3940D637FEF7FEF928C7FEF9FEFA1
:108CE0009FEF9FEFEB5A9FF7BFF7BFF7AE73BFF74A
:108CF000BFF7BFF758CE2F84DFF7DFFFDFFFDFFFBF
:108D0000DFFFBFF77FEF7FEF7FEF7FEF7FEF7FEF3B
:108D10007FEF9FEF9FF79FF79FEF7FEF9FF7BFF7E3
:108D2000DFFFDFFFDFFFDFFFDFFFDFFF49FA00F8D4
:108D300000F8EF7BEF7BBEF7DFFFDFFFDFFFDFFF3A
:108D4000BEFF00F800F800F818C6DFFFDFFFDFFF06
:108D5000DFFFDFFFDFFFDFFFDFFFDFFFDFFFDFFF23
:108D6000DFFFDFFFDFFFDFFFDFFFDFFFDFFFDFFF13
:108D7000DFFFDFFFDFFFDFFFDFFFDFFFDFFFDFFF03
:108D8000DFFFDFFFDFFFDFFFDFFFDFFFDFFFDFFFF3
:108D9000DFFFDFFFDFFFDFFFDFFFDFFFDFFFDFFFE3
:108DA000DFFF41F041F06D8BEF7B79CEDFFFDFFF1E
:108DB000DFFFDFFFDFFFDFFF41F041F02C93EF7BB0
:108DC0001CE7DFFFDFFFDFFFDFFFDFFFDFFFDFFF8E
:108DD000DFFFDFFFDFFFDFFFDFFFDFFFDFFFDFFFA3
:108DE00096B5C73900000000B6B5DFFFDFFFDFFF33
:108DF000DFFFDFFFDFFFDFFFDFFFDFFFDFFFA210AF
:108E0000DFFFDFFFDFFFDFFFDFFFB9D6DFFFD6BD0C
:108E10004D63107CA7314A4A45294529DFFF484A5E
:108E2000EB5A10847FEF63105BCE7FE78008074228
:108E30007FEF95B5000000004529A731A631AA5261
:108E4000AA5208420000D6B520006D6B718C00005C
:108E5000AA5207420000A11064292421DFF7000074
:108E6000000039C618C6A318E83905210000E4201F
:108E7000E4189FEF9FF79FF79FEF6D6B4D63CB5A01
:108E8000F7BD95AD5084D7B59FF718BEBFF7BFF7B4
:108E9000BFF7F6BD0B5BCA52DFFFDFFFDFFFDFF777
:108EA000BFF77FEF7FEF7FEF7FEF7FEF7FEF7FEF0A
:108EB0007FEF9FF79FF79FF77FEF9FEFBFF7DFFFF2
:108EC000DFFFDFFFDFFFDFFFB6FD00F800F8E7C1DF
:108ED000EF7BEF7BDFFFDFFFDFFFDFFFDFFFDFFF8A
:108EE00000F800F800F8EF7BDFFFDFFFDFFFDFFFB8
:108EF000DFFFDFFFDFFFDFFFDFFFDFFFDFFFDFFF82
:108F0000DFFFDFFFDFFFDFFFDFFFDFFFDFFFDFFF71
:108F1000DFFFDFFFDFFFDFFFDFFFDFFFDFFFDFFF61
:108F2000DFFFDFFFDFFFDFFFDFFFDFFFDFFFDFFF51
:108F3000DFFFDFFFDFFFDFFFDFFFDFFFDFFFDFFF41
:108F400041F041F06D8BEF7BBAD6DFFFDFFFDFFF33
:108F5000DFFFDFFFDFFF41F041F02C93EF7BDBDE33
:108F6000DFFFBEFF34FDDFFFDFFFDFFFDFFFDFFFDF
:108F7000DFFFDFFFDFFFDFFFDFFFDFFFDFFFB6B574
:108F8000E318000000009294DFFFDFFFDFFFDFFF48
:108F9000DFFFDFFFDFFFDFFFDFFFDFFF99CEE3183B
:108FA0003184DFFFDFFFDFFFDFFFDFFFE318DFFFDD
:108FB0009BD6D8BD738C6D6B284217C6B5B5AE7302
:108FC000CF7B2942D49C0100CE7B17C64008CE73CC
:108FD0007FE7508C400800004108E318A6310419CF
:108FE00086314529308482082C63F7BD0000074292
:108FF00099D6BFF7DFFF4F8478CEEF7B0000863134
:10900000BFF7A3108631BFF70000AA52CB5A000069
:10901000BFF7BFF7BFF79FEFF39CBFF738C6D39CEE
:1090200013A5918CC7319FEF79CEBFF7BFF7BFF77C
:109030003084D2940319BFF7BFF7BFF7BFF7BFF76C
:109040007FEF7FEF7FEF7FEF7FEF7FEF7FEF7FEFB0
:109050009FF7BFF79FF77FEF9FEFBFF7DFFFDFFFC0
:10906000DFFFDFFFDFFF10FC00F800F849B2EF7B05
:10907000EF7BDFFFDFFFDFFFDFFFDFFFDFFF00F85A
:1090800000F800F8EF7B5DEFDFFFDFFFDFFFDFFFC2
:10909000DFFFDFFFDFFFDFFFDFFFDFFFDFFFDFFFE0
:1090A000DFFFDFFFDFFFDFFFDFFFDFFFDFFFDFFFD0
:1090B000DFFFDFFFDFFFDFFFDFFFDFFFDFFFDFFFC0
:1090C000DFFFDFFFDFFFDFFFDFFFDFFFDFFFDFFFB0
:1090D000DFFFDFFFDFFFDFFFDFFFDFFFDFFF61F02D
:1090E00041F0AE83EF7B5DEFDFFFDFFFDFFFDFFFF0
:1090F000DFFFDFFF41F041F06D8BEF7B1CE745F1B7
:1091000041F041F041F0DFFFDFFFDFFFDFFFDFFF76
:10911000DFFFDFFFDFFFDFFFDFFFDFFF14A5000062
:10912000410800002842DFFFDFFF9294DFFFDFFFEE
:10913000DFFFDFFFDFFFDFFFDFFF4D6BDFFFDFFF65
:109140007ACECF7B4842284234A5DFFFDFFFF8BD4F
:109150004E6BB8B518C6518CBFF758CEE739AE7311
:1091600086316A4A7FEF708C40087FE734A58529F5
:1091700085317FEF17C6308486296D6B7FE7694A9A
:109180004529929400002C63B6B500004108B294C2
:10919000894A40000000642900009FF79FF7000003
:1091A000C63174AD4008E2180000200007426D6B24
:1091B000DFFFDFF79FEF7FEF79CEDFF7DFFFBFF74E
:1091C0009FF79FEF9FEFD7B596B538C659C6BFF743
:1091D0005184F39C728CBFF7BFF7BFF79FF77FEF07
:1091E0007FEF7FEF7FEF7FEF7FE77FEF9FEF9FF7CF
:1091F0009FF79FF79FEF9FEFBFF7DFFFDFFFDFFFD7
:10920000DFFFDFFF45F900F800F8EB9AEF7BB6B51A
:10921000DFFFDFFFDFFFDFFFDFFFDFFF20F800F80A
:1092200000F86D8BF39CDFFFDFFFDFFFDFFFDFFF69
:10923000DFFFDFFFDFFFDFFFDFFFDFFFDFFFDFFF3E
:10924000DFFFDFFFDFFFDFFFDFFFDFFFDFFFDFFF2E
:10925000DFFFDFFFDFFFDFFFDFFFDFFFDFFFDFFF1E
:10926000DFFFDFFFDFFFDFFFDFFFDFFFDFFFDFFF0E
:1092700041F008FADFFFDFFFDFFFDFFFEBFA41F02D
:10928000EF7BEF7B9EF7DFFFDFFFDFFFDFFFDFFF1F
:10929000DFFF41F041F04D932C9320F020F020F0BF
:1092A00020F020F041F0DFFFDFFFDFFFDFFFDFFF17
:1092B000DFFFDFFFDFFFDFFF108434A520000000A9
:1092C00082108631DFFFDFFFDFFFDFFFDFFFDFFF21
:1092D000DFFFDFFFDFFFDFFFDFFFDFFFDFFFDFFF9E
:1092E000452979CEDFFF99CEDFFFDFFFDFFFAF73C8
:1092F000DFFFBFF7BFF79FEFC6390742032165299C
:10930000821021008D737FEF2321A21095B57FEF8E
:10931000484A508CF29C7FEF61080000862945295D
:109320007FEF00008D6B55A5000041089294D29408
:1093300017BEDFF7B6B5BFF7718C40080219BFF74B
:109340000000A1100219073A4429DFFF91940C6331
:1093500055AD9FEF7FEF918CDFF7DFFFDFFFBFF7AA
:10936000BFF7BFF7F39CDFFF4942DFFF8E73DFFFDC
:1093700035A58731BFF7BFF7BFF79FF77FEF7FEFC7
:109380007FEF7FEF7FEF7FEF7FEF9FEF9FF79FEF05
:109390009FEF7FEF7FEF9FF7DFFFDFFFDFFFDFFF55
:1093A000DFFF00F800F800F84D93EF7B9AD6DFFF5F
:1093B000DFFFDFFFDFFFDFFFDFFFE7F900F800F887
:1093C0000C9BEF7B9EF7DFFFDFFFDFFFDFFFDFFFA1
:1093D000DFFFDFFFDFFFDFFFDFFFDFFFDFFFDFFF9D
:1093E000DFFFDFFFDFFFDFFFDFFFDFFFDFFFDFFF8D
:1093F000DFFFDFFFDFFFDFFFDFFFDFFFDFFFDFFF7D
:10940000DFFFDFFFDFFFDFFFDFFFDFFFDFFF41F019
:1094100041F0DFFFDFFFDFFFDFFF4DFB41F0EF7BC0
:10942000EF7B9EF7DFFFDFFFDFFFDFFFDFFFDFFF09
:1094300041F041F041F061F020F020F020F020F008
:1094400020F041F0B6C5DFFFDFFFDFFFDFFFDFFF0A
:10945000DFFFDFFFDFFF14A514A52000200004219B
:10946000E318BAD6DFFFDFFFDFFFDFFFDFFFDFFF3D
:10947000DFFFDFFFDFFFDFFFDFFFDFFFDFFF4D6B22
:10948000DFFFDFFFDFFFDFFFB7B51184DFFFDFFFA7
:10949000BFF79FF7B294B194F29CE639E318410804
:1094A0002421000075AD99D6A1100000B6B57FEF5C
:1094B0008D7391948A4A20006D6B8A52CF737FEF2F
:1094C00000006D6BD3942000410875AD0321E318B3
:1094D00028424008BFF740080000BFF7A9524329BF
:1094E00000000000CA5A6C6BDFFFEF7BDFFF518C7E
:1094F0009FEF7FEFBFF775ADDFFFDFF7BFF7BFF778
:10950000DFFFB294DFFFDFFF6A4A518C718CD7B561
:1095100056ADBFF7BFF7BFF79FEF7FEF7FEF7FEF4E
:109520007FEF7FEF7FEF7FEF9FF79FF79FEF9FEF3B
:109530007FEF7FEF9FEFDFFFDFFFDFFFDFFFDFFF6B
:1095400000F800F800F88E8BEF7BDBDEDFFFDFFF3B
:10955000DFFFDFFFDFFFDFFFCBFA00F800F8AAAA8A
:10956000EF7B5DEFDFFFDFFFDFFFDFFFDFFFDFFF11
:10957000DFFFDFFFDFFFDFFFDFFFDFFFDFFFDFFFFB
:10958000DFFFDFFFDFFFDFFFDFFFDFFFDFFFDFFFEB
:10959000DFFFDFFFDFFFDFFFDFFFDFFFDFFFDFFFDB
:1095A000DFFFDFFFDFFFDFFFDFFFDFFF41F041F025
:1095B000EF7BDFFFDFFFDFFF8EFB41F0EF7BEF7B19
:1095C000DFFFDFFFDFFFDFFFDFFFDFFFDFFF41F058
:1095D00041F020F020F020F020F020F020F020F0EA
:1095E00041F0C3E0EF7BDFFFDFFFDFFFDFFFDFFFE7
:1095F000DFFFDFFF318C929400002000E3180000B1
:10960000DFFFDFFFDFFFDFFFDFFFDFFFDFFFDFFF6A
:10961000DFFFDFFFDFFFDFFFDFFFDFFFDFFF494AA5
:109620000C634842B6B5DFFFDFFFDFFFD7BDD7BD14
:1096300075AD9FEF2B63242144210000C739000042
:109640000321000081107FEF7FEF8D730000508CAD
:109650007FEFEF7B518C242175AD5084139D00006A
:109660000C5BAE7300004108E839C318B29475ADC5
:10967000508C34A58D73DFF72A630221E2180000B5
:109680000321B6B5BFF7DFFFDFFF7ACE694A9FF748
:109690007FEF9FF7BAD6DFFFBFF7BFF7DFFFDFFF30
:1096A000149DDFFFDFFFDFFF2942DFFF4A4ADFFFB4
:1096B000C839BFF7BFF77FEF7FEF7FEF7FEF7FEF17
:1096C0007FE77FEF9FEFBFF7BFF79FEF9FEF7FEF42
:1096D0009FEF9FF7DFF7DFFFDFFFDFFFDFFF00F820
:1096E00000F800F8EF7BEF7B3CE7DFFFDFFFDFFFF9
:1096F000DFFFDFFFDFFF30FC00F800F820F8EF7B32
:10970000FBDEDFFFDFFFDFFFDFFFDFFFDFFFDFFF6E
:10971000DFFFDFFFDFFFDFFFDFFFDFFFDFFFDFFF59
:10972000DFFFDFFFDFFFDFFFDFFFDFFFDFFFDFFF49
:10973000DFFFDFFFDFFFDFFFDFFFDFFFDFFFDFFF39
:10974000DFFFDFFFDFFFDFFFDFFF41F041F0EF7BF7
:10975000FBDEDFFFDFFF0CFB41F06D8BEF7BDFFFFC
:10976000DFFFDFFFDFFFDFFFDFFF9AFE41F041F0A9
:1097700020F020F020F020F020F020F020F020F069
:1097800020F04D93F7BDDFFFDFFFDFFFDFFFDFFFDF
:10979000D7BDAF73AA520000000045290421DFFFA6
:1097A000DFFFDFFFDFFFDFFFDFFFDFFFDFFFDFFFC9
:1097B000DFFFDFFFDFFFDFFFDFFFDFFFDFFFDFFFB9
:1097C000B6B5D29495AD99CEDFFFDFF7BFF7BFF7FF
:1097D0008E739FEF7FEF95B5E31800000321000023
:1097E0002000600820004008AD737FEFD5BDE6394A
:1097F0002000D2948E73B6B53084F7BD00004D6B57
:109800008631000021006E6B000093946A4A2000AC
:109810000000484227422321AD7324210000AF7B82
:10982000BFF7BFF7DFF7DFFFDFFFDFFF9FF7D39C57
:109830009FEFBFF7BFF7BFF7DFF7DFFFDFFF99CE7F
:109840008E739AD6DFFFDFFFA310D49CDFFF6F6B10
:109850006E6B7FEF7FEF7FEF7FEF7FEF7FEF7FE735
:109860007FEF9FEFDFF7BFF79FF79FEF7FEF9FEF50
:109870009FF7BFF7DFFFDFFFDFFFDFFF00F800F834
:1098800000F8EF7BEF7B9EF7DFFFDFFFDFFFDFFFFF
:10989000DFFFDFFF96FD00F800F800F861F02CD341
:1098A000DFFFDFFFDFFF34FD00F8CBFA7DFFDFFFD6
:1098B000DFFFDFFFDFFFDFFFDFFFDFFFDFFFDFFFB8
:1098C000DFFFDFFFDFFFDFFFDFFFDFFFDFFFDFFFA8
:1098D000DFFFDFFFDFFFDFFFDFFFDFFFDFFFDFFF98
:1098E000DFFFDFFFDFFF1CFF41F041F0EF7BB6B58C
:1098F000DFFFDFFF49FA41F041F0A6C1BEF7DFFF0D
:10990000DFFF3CFFCFFB41F041F020F020F020F0E2
:1099100020F041F0C7C120F020F020F041F082E8B3
:10992000CF7BEF7BDFFFDFFFDFFFDFFFDFFF96B5E2
:10993000D39C642900004421A2108A4ADFFFDFFF84
:10994000DFFFDFFFDFFFDFFFDFFFDFFFDFFFDFFF27
:10995000DFFFDFFFDFFF96ADDFFFDFFFDFFFDFFFB2
:10996000DFFFDFFFDFFFDFFFBFF7BFF7D394DFFFCE
:10997000BFF7BFF79FF77FEF00000000410800002E
:1099800020000000852965290000452986316429C9
:10999000494AE839B7B52D63B1940000AA522100B5
:1099A00000004108284204199FEF6529C6310000D4
:1099B00000000321043AC431053A0000DFFF4D6B7B
:1099C000BFF7BFF7DFFF34A5DFF79FEF7FEF77B576
:1099D0009FEF9394BFF7DFFFDFFFDFFFDFFFB6B539
:1099E00096B5DFFFDFFFDFFF7ACEA110908C2B63EF
:1099F0007FEF7FEF7FEF7FEF7FEF7FEF7FE77FEFFF
:109A00009FEFDFF7DFF7BFF79FEF7FEF7FEF7FEF8E
:109A1000BFF7DFFFDFFFDFFF1CFF00F800F800F8F3
:109A2000EF7B3084DFFFDFFFDFFFDFFFDFFFDFFFE4
:109A3000DFFFF7FD00F800F800F8EF7BAAAA00F8B6
:109A400000F800F800F800F800F800F8DFFFDFFF8A
:109A5000DFFFDFFFDFFFDFFFDFFFDFFFDFFFDFFF16
:109A6000DFFFDFFFDFFFDFFFDFFFDFFFDFFFDFFF06
:109A7000DFFFDFFFDFFFDFFFDFFFDFFFDFFFDFFFF6
:109A8000DFFFDFFF59FE41F041F0EF7B55ADDFFF17
:109A9000DFFFE7F941F041F041F05DEFDFFFCBFA86
:109AA00061F020F020F020F020F020F020F020F0F5
:109AB00024D1EF7B20F020F020F041F0E7C1EF7BD4
:109AC000EF7BDFFFDFFFDFFFDFFFDFFF95AD34A5BB
:109AD00081080000E318073A652979CEDFFFDFFF30
:109AE000DFFFDFFFDFFFDFFFDFFFDFFFDFFFDFFF86
:109AF000DFFFDFFFD07BDFFFDFFFDFFFDFFFDFFF09
:109B0000DFFFDFFFDFFFBFF79394D7BDDFFFDFFF8E
:109B1000BFF7BFF79FF7662900000000410800006B
:109B2000811000000000A63124214D6B00000421AB
:109B30004108728C494A6C6B2000284221000000C9
:109B400045218629C3187FEF54A52C63C210C2108B
:109B50002000ED7B674A908CD6B575ADF7BD929429
:109B6000BFF7DFFF54AD59CE9FEF7FEF8F73D8BDA6
:109B700039CEBFF7DFFFDFFFDFFFDFFFCE73DFFF91
:109B8000DFFFDFFFDFFFDFFF17BEC63133A57FEF4B
:109B90007FEF7FEF7FEF7FEF7FEF7FE77FEF9FEF3D
:109BA000DFF7DFFFDFF79FF77FEF7FEF7FEFBFF795
:109BB000DFFFDFFFDFFF18FE00F800F800F8EF7BA3
:109BC000518CDFFFDFFFDFFFDFFFDFFFDFFFDFFFA6
:109BD00018FE00F800F800F8EF7BEF7B04E100F8D6
:109BE00000F800F800F800F800F8AAD2DFFFDFFF65
:109BF000DFFFDFFFDFFFDFFFDFFFDFFFDFFFDFFF75
:109C0000DFFFDFFFDFFFDFFFDFFFDFFFDFFFDFFF64
:109C1000DFFFDFFFDFFFDFFFDFFFDFFFDFFFDFFF54
:109C2000DFFF34FD41F041F0EF7BB294DFFFDFFF57
:109C300004F141F069AA41F0A6C9DFFF41F041F00B
:109C400020F020F020F020F020F00C9BEF7BEF7B49
:109C5000EF7B20F020F020F041F0EF7BEF7B3084B1
:109C6000DFFFDFFFDFFFDFFFDFFF34A5F7BD0B63A3
:109C70000000A2102842E739AE73DFFFDFFF18BEF5
:109C8000DFFFDFFFDFFFDFFFDFFFDFFFDFFFDFFFE4
:109C9000DFFF6E6BDFFFDFFFDFFFDFFFDFFFDFFFD9
:109CA000DFFFDFFFEF7BBFF7DFF7DFFFDFFFDFFF68
:109CB000DFFF59C6BFF718C6494A00004108E3183C
:109CC0000000000000002000518C0000AE73B6B50B
:109CD0009394B394073A894A242101000000AF739A
:109CE0006D6BC7317FEF7FEF9FEF17BE58C6DFFF69
:109CF0000219DFFF75ADDFFF1084DFFFBFF7BFF78D
:109D0000DFFFBFF730847FEF7FEF7FEF7FEFBFF79D
:109D1000B39CDFFFDFFFDFFFDFFF2842DFFF8D6B3C
:109D2000DFFFDFFFBFF79FEF6E6B7FEF7FEF7FEF10
:109D30007FEF7FEF7FEF7FEF7FE77FEF7FEFBFF773
:109D4000DFFFDFFFBFF77FEF7FEF7FEFBFF7DFFFC3
:109D5000DFFFDFFF10FC00F800F800F8EF7BB294A3
:109D6000DFFFDFFFDFFFDFFFDFFFDFFFDFFFBEFF24
:109D700000F800F800F828B2A2E800F800F800F8AF
:109D800000F800F800F800F800F8F3A4DFFFDFFFA8
:109D9000DFFFDFFFDFFFDFFFDFFFDFFFDFFFDFFFD3
:109DA000DFFFDFFFDFFFDFFFDFFFDFFFDFFFDFFFC3
:109DB000DFFFDFFFDFFFDFFFDFFFDFFFDFFFDFFFB3
:109DC000CFFB41F041F0EF7B718CDFFFDFFF41F013
:109DD00020F020F020F041F0518C82F041F020F092
:109DE00020F020F020F020F0EF7BEF7BEF7B7DEF89
:109DF00020F020F020F028B2EF7BEF7B5DEFDFFF5B
:109E0000DFFFDFFFDFFFDFFFF39C79CECB5A0000DF
:109E100028428629494A8631DFFFDFFFDFFFDFFF67
:109E2000DFFFDFFFDFFFDFFFDFFFDFFFDFFFDFFF42
:109E30005ACEDFFFDFFFDFFFDFFFDFFFDFFFDFFFE8
:109E4000728C9FF7BFF7DFF7DFFFDFFFDFFFDFFF7A
:109E50008631DFFFDFF7BFF7BFF7518C000000004E
:109E600000000000A210518C7FEFA6319ACE15A5FC
:109E7000AF73073A232141082100694A4D63D39407
:109E800048428E6B7FEF03199FF738C6B294DFFF0D
:109E9000DFFF728CDFFF7ACEC739DFF78D73DFF714
:109EA000BFF7718C7FEF7FEF7FEF7FEF3184DFFFB4
:109EB000DFFFDFFFDFFFDFFFD3948E6BDFFFDFFF0E
:109EC000BFF79FEFED5A7FEF7FEF7FE77FEF7FEFE9
:109ED0007FEF7FEF7FEF7FE77FEF7FEFBFF7DFFF62
:109EE000DFFFBFF79FEF7FEF7FEF9FF7DFFFDFFF22
:109EF000DFFFE7F900F800F800F8EF7BD39CDFFF05
:109F0000DFFFDFFFDFFFDFFFDFFFDFFFBEFF20F848
:109F100000F800F800F800F800F800F800F800F881
:109F200000F800F800F800F886C91CE7DFFFDFFF43
:109F3000DFFFDFFFDFFFDFFFDFFFDFFFDFFFDFFF31
:109F4000DFFFDFFFDFFFDFFFDFFFDFFFDFFFDFFF21
:109F5000DFFFDFFFDFFFDFFFDFFFDFFFDFFF49FAAC
:109F600041F041F0EF7B3084DFFFDFFF41F020F074
:109F700020F020F041F0A6C1FBDE96FDC3E02C9B53
:109F8000AE8320F020F0EF7BEF7BDFFF9EFF41F000
:109F900041F082E8EF7BEF7B1084DFFFDFFFDFFF24
:109FA000DFFFDFFFDFFFB294DFFF2C63200096AD01
:109FB0004521CF7B0319DFFFDFFFDFFFDFFFDFFF7F
:109FC000DFFFDFFFDFFFDFFFDFFFDFFFDFFFDFFFA1
:109FD000DFFF8E73DFFFDFFFDFFF9294DFFFDFF72E
:109FE0009FF7BFF7DFF7DFFFDFFFDFF7D7BDDFFF4B
:109FF000DFFFDFFFDFFFDFFF718C9294718CD39C5A
:10A000006529A2100F847FEF4D6BCF7B7ACE928CA7
:10A01000CA52C6310000010030846D6B6D6B65293A
:10A0200045297FEF34A5EF7B9FF7BFF7DFFFDFFF09
:10A030009394DFFF35A5DFFFEF7BBFF7BFF79FF7F7
:10A040009FEF7FEF7FEF7FEF7FEF9FEFAF73DFFF3C
:10A050002C63DFFFDFFFDFFF694ADFFF59CE9FF789
:10A060009FEF3AC67FEF7FEF7FE77FEF7FE77FE7E6
:10A070007FEF7FE77FE77FE77FEFBFF7DFFFDFFF60
:10A08000DFF79FEF7FEF7FEF9FEFDFF7DFFFDFFF70
:10A0900000F800F800F800F8EF7BF39CDFFFDFFF2B
:10A0A000DFFFDFFFDFFFDFFFDFFFC3F800F800F8AF
:10A0B00000F800F800F800F800F800F800F800F8E0
:10A0C00000F841F02C93EF7BEF7B18C6DFFFDFFF3A
:10A0D000DFFFDFFFDFFFDFFFDFFFDFFFDFFFDFFF90
:10A0E000DFFFDFFFDFFFDFFFDFFFDFFFDFFFDFFF80
:10A0F000DFFFDFFFDFFFDFFFDFFFDFFF86F941F07C
:10A1000041F0EF7B3084DFFFDFFF41F020F020F0F3
:10A1100020F041F028B2B294DFFF1084EF7BEF7B98
:10A1200041F082E8EF7BEF7BDFFF38FE41F041F04A
:10A13000CBA2EF7BEF7B18C6DFFFDFFFDFFFDFFF88
:10A14000DFFFDFFF9294DFFFCA52200038C6083AD3
:10A15000F7BDCF73718CDFFFDFFFDFFFDFFFDFFFB6
:10A16000DFFFDFFFDFFFDFFFDFFFDFFFDFFFA63106
:10A170009ACE14A5DFFF518CDFFFDFFFDFFFBFF7B3
:10A18000BFF7DFF7DFFFBFF779CE3184BFF7DFF727
:10A19000DFFFDFFFDFFFCF7B6D6BDFF7BFF7BFF7C1
:10A1A0009FEF9FEF7FEFB2946D6B7FEF518C484A2A
:10A1B000A53100000000AE734D6B2C63083A2842B5
:10A1C000CF7BD39C00009FEF9FF7728CDFFF728CD8
:10A1D0009BD69294DFF759CEBFF7BFF79FF77FEF7B
:10A1E0007FEF7FEF7FEF7FEF7FEFBFF755ADDFFFB3
:10A1F000D39CF7BDDFFF5084DFF734A59FF7D294DF
:10A200007FEF7FEF7FEF7FEF7FEF7FE77FE77FEFEE
:10A210007FE77FE77FE77FEFBFF7DFFFDFFFDFFF4E
:10A220009FF77FEF7FEF9FEFBFF7DFFFDFFF00F8C4
:10A2300000F800F800F8EF7B34A5DFFFDFFFDFFF59
:10A24000DFFFDFFFBEFF28FA00F800F800F800F893
:10A2500000F800F800F800F800F800F800F8EB9AB1
:10A26000EF7BEF7BEF7BEF7B75ADDFFFDFFFDFFF8A
:10A27000DFFFDFFFDFFFDFFFDFFFDFFFDFFFDFFFEE
:10A28000DFFFDFFFDFFFDFFFDFFFDFFFDFFFDFFFDE
:10A29000DFFFDFFFDFFFDFFFDFFF41F041F041F0D5
:10A2A000EF7B718CDFFFDFFF41F020F020F020F02A
:10A2B00041F0EF7BEF7B75ADDFFFF39CEF9B41F04F
:10A2C000A6C1EF7BEF7BDFFF2CFB41F04DF3EF7B73
:10A2D000EF7B5DEFDFFFDFFFDFFFDFFFDFFFDFFF94
:10A2E000DFFF14A5DFFF28422842DFFF0C63DFFFFA
:10A2F0003084AA52DFFFDFFFDFFFDFFFDFFFDFFF7A
:10A30000DFFFDFFFDFFFDFFFDFFFDFFFDFFFDFFF5D
:10A310002C63DFFF96B5DFFFDFFFDFFFB6B5B6B515
:10A3200018BED394149D96B52D63BFF7BFF7BFF742
:10A33000BFF7DFFFDFFF6A4ADFFF59CE55ADBFF73A
:10A34000BFF7BFF7928CEB5A7FEF18C6A631810892
:10A350004000E418EF7B92942C63484225210000D2
:10A3600018BE7FEFB3947FEFBFF7728CDFFF1184CD
:10A37000D7BDAE73D7BDB194CD7B9FEF7FEF7FEF9D
:10A380007FEF7FE77FEF7FEF9FF7BFF7AD73BFF7FB
:10A3900034A5BFF7BFF7EF7BBFF70B63CE739FEF1B
:10A3A0007FEF7FEF7FEF7FEF7FE77FE77FEF7FE755
:10A3B0007FE77FE77FEF9FF7DFFFDFFFDFFFBFF77D
:10A3C0009FEF7FEF7FEFBFF7DFFFDFFF00F800F8C1
:10A3D00000F800F8EF7B96B5DFFFDFFFDFFF69FADB
:10A3E00000F800F800F800F800F800F800F800F8AD
:10A3F00000F800F800F8A6C96D8BEF7BEF7BEF7BD0
:10A40000EF7B96B5DFFFDFFFDFFFDFFFDFFFDFFF63
:10A41000DFFFDFFFDFFFDFFFDFFFDFFFDFFFDFFF4C
:10A42000DFFFDFFFDFFFDFFFDFFFDFFFDFFFDFFF3C
:10A43000DFFFDFFFDFFFDFFF41F041F041F0EF7BA7
:10A44000B294DFFF38FE41F020F020F020F0A2E8C7
:10A45000EF7BEF7BFBDEDFFFDFFF55FD41F0CBA2A3
:10A46000EF7BF39CDFFF41F0BEFF38C6EF7BF7BD0B
:10A47000DFFFDFFF3CFF8AFACFFBDFFFDFFFDFFFFD
:10A4800075ADDFFF8A4A084239C68E6BDFFF14A51F
:10A49000AA52DFFF79CEDFFFDFFFDFFFDFFFDFFF45
:10A4A000DFFFDFFFDFFFDFFFDFFFDFFFDFFF718C9D
:10A4B000D39CDFFFDFFFDFFFDFFFBFF7BFF7BFF793
:10A4C000DFFFDFFF4A4A39C6DFF7BFF79FF79FF785
:10A4D000518CDFF718C6DFFFDFFF9AD6DFF7BFF733
:10A4E000DFF7494228429FF7F07B00000000610837
:10A4F000AB52EF7B718C28426529C31800007FEFB7
:10A500007FEF7ACE6A4A9FF7BFF7F07B4D6BBFF7BC
:10A5100055AD718C232198D69FEF7FEFD6BD7FEF8D
:10A520007FE77FE77FEF7FEFBFF7DFF7894ABFF76E
:10A53000E7399FF7AF73DFF72000B5B5BFF79FEF9F
:10A540007FEF7FEF7FEF7FE77FE77FEF7FE77FE7BB
:10A550007FE77FEF9FEFDFF7DFFFDFFFDFFF9FF793
:10A560007FEF7FEFBFF7DFFFDFFF00F800F800F8B5
:10A5700000F8EF7B38C6DFFFE7F900F800F800F8D5
:10A5800000F800F800F800F800F800F800F800F80B
:10A59000EB9AEF7BEF7BEF7BEF7B75AD5DEFDFFF42
:10A5A000DFFFDFFFDFFFDFFFDFFFDFFFDFFFDFFFBB
:10A5B000DFFFDFFFDFFFDFFFDFFFDFFFDFFFDFFFAB
:10A5C000DFFFDFFFDFFFDFFFDFFFDFFFDFFFDFFF9B
:10A5D000DFFFDFFFDFFF41F041F041F0EF7B14A52B
:10A5E0006DFB20F020F020F020F020F0EF7BEF7BDF
:10A5F000F7BDDFFFDFFFDFFF6DFB41F0AE83EF7BD9
:10A6000018C6DFFFBEFFDFFF929434A5DFFF28FAF4
:10A6100020F020F020F020F020F0DFFFDFFF18C650
:10A620009AD68A4ACB5AD7BD2C63DFFF75ADE7397E
:10A63000DFFFDFFFDFFFDFFFDFFFDFFFDFFFDFFF2A
:10A64000DFFFDFFFDFFFF8BD96B53084DFFF652950
:10A65000D7B5D7BDF07BDFFFBFF79FF7BFF7DFFFB1
:10A66000DFFF728CDFFFDFFFDFFFBFF7BFF795B5BE
:10A67000718CBFF79BD6DFFFDFFFDFFFB5B5BFF7FC
:10A68000284275ADBFF7518C4000000086314A4A20
:10A690008E734C632842C318042125217FEF97B5A0
:10A6A0007FEF9FEFB29434A5DFF7DFF7DFF7DFFF2F
:10A6B000DFFF78CEBFF79FEF7FEF8D737FEF7FE7F0
:10A6C0007FE77FEF7FEF9FF7BFF7DFFFDFF7BFF792
:10A6D000BFF7DFFFDFFF508474ADBFF79FEF7FEF61
:10A6E0007FEF7FEF7FEF7FEF7FEF7FE77FE77FE712
:10A6F0007FEF9FEFBFF7DFFFDFFFDFFFBFF79FF7C2
:10A700007FEF9FF7DFFFFBFE00F800F800F800F88E
:10A71000AAA200F800F800F800F800F800F800F825
:10A7200000F800F800F800F800F808BAEF7BEF7BBB
:10A73000EF7B929438C6DFFFDFFFDFFFDFFFDFFF35
:10A74000DFFFDFFFDFFFDFFFDFFFDFFFDFFFDFFF19
:10A75000DFFFDFFFDFFFDFFFDFFFDFFFDFFFDFFF09
:10A76000DFFFDFFFDFFFDFFFDFFFDFFFDFFFDFFFF9
:10A77000DFFFDFFF41F041F041F0EF7B34A541F016
:10A7800020F020F041F041F0E7B9EF7BEF7BBEF71E
:10A79000DFFFDFFFDFFF69FA41F0EF7BEF7B9AD647
:10A7A000BAFEDFFF5DEFEF7BBEF728FA41F020F045
:10A7B00020F020F020F020F071C4DFFFB7B5DFFFFC
:10A7C00027426D6B18BE4A4AB7B554A5894ADFFFC8
:10A7D000DFFFDFFFDFFFDFFFDFFFDFFFDFFFDFFF89
:10A7E00036A57394738CD1949094DFFFDFFFA6316C
:10A7F000DFFFAA52DFFFBFF79FF7BFF7DFFFDFFFE3
:10A80000DFFFDFFFDFFFDFFFDFF7BFF79FF76E6BD5
:10A81000BFF718BEF8BDDFFFDFFFD5B5BFF734A522
:10A8200058C696AD4D6B0000E318073A47428D6B52
:10A830002C632421C310200049427FEF728C7FEFEC
:10A840009FEF4B63DFFFDFFFDFFFDFFFDFFFDFFF98
:10A85000B294D6BDD2947FEF2F847FEF7FEF7FE756
:10A860007FE77FEF9FEFBFF7DFFFDFFFDFFFDFFF58
:10A87000DFFF0C630842DFFFDFF79FF77FEF7FEF1B
:10A880007FEF7FEF7FEF7FEF7FEF7FEF7FEF7FEF58
:10A890007FEFBFF7DFFFDFFFDFFFBFF79FF77FEF40
:10A8A0009FF7DFF7D7FD00F800F800F800F800F890
:10A8B00000F800F800F800F800F800F800F800F8D8
:10A8C00000F800F800F800F849B2EF7BEF7B34A500
:10A8D000DFFFDFFFDFFFDFFFDFFFDFFFDFFFDFFF88
:10A8E000DFFFDFFFDFFFDFFFDFFFDFFFDFFFDFFF78
:10A8F000DFFFDFFFDFFFDFFFDFFFDFFFDFFFDFFF68
:10A90000DFFFDFFFDFFFDFFFDFFFDFFFDFFFDFFF57
:10A91000F3FC41F041F041F0EF7B41F041F020F0D9
:10A9200020F041F0AE83EF7BEF7B38C6DFFFDFFF27
:10A93000DFFFBEFF61F041F0EF7BEF7B7DEFDFFFDC
:10A94000DFFF96C56DF341F020F020F020F020F0FD
:10A9500020F020F020F041F059CE39C6DFFF484208
:10A96000862939C66E6B19C6F39CCA52DFFFDFFF1A
:10A97000DFFFDFFFDFFFDFFFDFFFDFFFEC5A728C5F
:10A98000B7B5DFFFEA5AE639708C684AD6BDDFFFFB
:10A99000DFFFDFFFDFF79FF79FF7BFF7EB5ABFF748
:10A9A000DFF7DFFFDFFFDFFFF8BDBFF7728C9FF738
:10A9B0003184D39CDFFFB5B578CEDFFF718C308456
:10A9C000928C252149420842A210E63991946D6B80
:10A9D0000000694A6108694AB6B592947FEF9FEF1B
:10A9E000DFFF3084DFFFD39CDFFFDFFFDFFF79CEA7
:10A9F000B2947FEF6D6B7FEF7FEF7FEF7FE77FE7B5
:10AA00007FEF7FEF9FEFBFF7DFFFDFFFDFFFDFFFAE
:10AA100000001084D7BD34A59FF77FEF7FEF7FEF55
:10AA20007FEF7FEF7FEF7FEF7FEF7FEF7FEF7FEFB6
:10AA3000BFF7DFF7DFFFDFFFDFFFBFF79FEF9FEF1E
:10AA4000BFF74DFB00F800F800F800F800F800F838
:10AA500000F800F800F800F800F800F882E88E8BA3
:10AA600082E800F800F8C7C1EF7BF7BDDFFFDFFF2A
:10AA7000DFFFDFFFDFFFDFFFDFFFDFFFDFFFDFFFE6
:10AA8000DFFFDFFFDFFFDFFFDFFFDFFFDFFFDFFFD6
:10AA9000DFFFDFFFDFFFDFFFDFFFDFFFDFFFDFFFC6
:10AAA000DFFFDFFFDFFFDFFFDFFFDFFFDFFFA6F9F5
:10AAB00041F041F041F028BA20F020F020F020F0E1
:10AAC00041F0EF7BEF7B14A5DFFFDFFFDFFFDFFF50
:10AAD00045F141F041F0EF7BEBB275FD2CFB41F00D
:10AAE00020F020F020F020F020F020F020F020F0E6
:10AAF00020F020F024D9EF7B17BEDFFF61084E6BFA
:10AB000039C69BD6DFFF8D6BAD73DFFFDFFFDFFF45
:10AB1000DFFFDFFFDFFF4D6B10847ACEDFFF0C63BA
:10AB20003184DFFFDFFFDFFFDFFFDFFFE739DFFF1C
:10AB3000DFFFDFFFBFF79FF7BFF779CEBFF7BFF7A4
:10AB4000DFFFDFFF18C6F39CB394728C35A59FF727
:10AB50009FF7BFF754A5DFFFDFFF53A5F29C8D6B76
:10AB6000A6318631929445298A522842E7398110CC
:10AB7000AE730319494A30840C5B9FEF9FF7DFFFE8
:10AB8000DFFF518CDFFF7294DFFFDFFFDFF7D39C25
:10AB90007BCE7FEF7FEF4D637FEF7FE77FE77FEF38
:10ABA0007FEF7FEFBFF7DFFFDFFFDFFF30840000C5
:10ABB000728C0C6375AD9FEF7FEF7FEF9FEF7FEFA0
:10ABC0007FEF7FEF9FEF7FEF7FEF7FEF7FEF9FEFD5
:10ABD000BFF7DFF7DFF7DFFFDFF7BFF79FEFBFF765
:10ABE000F7FD00F800F800F800F800F800F800F8A9
:10ABF00000F800F800F824D1EF7BEF7BEF7B86C9EB
:10AC000000F800F8A6C1EF7BF7BDDFFFDFFFDFFF35
:10AC1000DFFFDFFFDFFFDFFFDFFFDFFFDFFFDFFF44
:10AC2000DFFFDFFFDFFFDFFFDFFFDFFFDFFFDFFF34
:10AC3000DFFFDFFFDFFFDFFFDFFFDFFFDFFFDFFF24
:10AC4000DFFFDFFFDFFFDFFFDFFFDFFF41F041F06E
:10AC500041F041F082E820F020F020F020F0E3D82D
:10AC6000EF7BEF7B7DEFDFFFDFFFDFFFDFFF41F0FB
:10AC700041F041F0EF7B41F010FC20F020F020F09B
:10AC800020F020F020F020F020F020F061F0A6C9A4
:10AC900028B2EF7BEF7B95ADDFFFCA52873155AD10
:10ACA000DFFF5ACE2842EA5ADFFFDFFFDFFFDFFF78
:10ACB000DFFF18C69294D7BDDFFF96B559CEDFFFF0
:10ACC0000F84DFFFDFFFDFFFDFFF4C6BF39CDFFF55
:10ACD000DFFFBFF7BFF7BFF7BFF7BFF7BFF7BFF79C
:10ACE000DFFF18C639C6CF7B8E73F07BBFF79FF7A7
:10ACF0009FF778CEDFFFDFFFF29CD5B528422C63AB
:10AD0000D394CF7BE318A63185290B5B00006D6BD4
:10AD100049420000BFF738C69FEF9FF7DFFFDFFF14
:10AD2000DFFF35A5DFFFDFFFDFFFDFF7B6B5D07B45
:10AD30007FEFD7BDF7BD7FEF7FE77FE77FEF7FEF47
:10AD40009FEF9FF7DFF7DFFFDFFF24214108B29479
:10AD5000F49CBFF7BAD67FEF7FEF7FEF7FEF7FEFF7
:10AD60007FEF9FEF9FEF7FEF7FEF7FEF9FEF9FF7EB
:10AD7000BFF7BFF7BFF7BFF7BFF79FEFBFF7BFF74B
:10AD800000F800F800F800F800F800F800F800F803
:10AD900000F82C93EF7BEF7BEF7BEF7B86D900F8FD
:10ADA00000F8A6C1EF7BB6B5DFFFDFFFDFFFDFFFF7
:10ADB000DFFFDFFFDFFFDFFFDFFFDFFFDFFFDFFFA3
:10ADC000DFFFDFFFDFFFDFFFDFFFDFFFDFFFDFFF93
:10ADD000DFFFDFFFDFFFDFFFDFFFDFFFDFFFDFFF83
:10ADE000DFFFDFFFDFFFDFFFDFFF20F020F020F0DD
:10ADF00020F020F020F020F020F020F0E7B9EF7BE9
:10AE0000EF7BDFFFDFFFDFFFDFFFDFFF04F141F05C
:10AE100020F020F020F020F020F020F020F020F0B2
:10AE200020F041F0A2E808BAEF7BEF7BEF7BEF7BED
:10AE3000EF7BEF7B54ADDFFFC7398B5297B5DFFF58
:10AE40000D638108A531DFFFDFFFDFFFDFFFD39C4C
:10AE5000DFFFDFFFF39C694ADFFF718CF7BDDFFF87
:10AE60000319694ADFFF95B5DFFF918CDFFFDFFF34
:10AE7000DFF7BFF7AE73BFF7BFF7BFF7BFF7DFF777
:10AE8000DFFFDFFFDFF776ADDFF7BFF7BFF79FF735
:10AE90009FF7BFF7D5B5F29C4B6344298D73718C36
:10AEA0009FEF29424A4AA631A95200006C6BA210BA
:10AEB000073ABFF718C67FEF7FEFBFF7DFFFDFFF6F
:10AEC000DFFF93947ACE318CBFF79FF7538CAC524F
:10AED000D7B5D3942C637FE77FE77FEF9FEF9FEF9A
:10AEE0009FEFBFF7DFFFDFFFD7BD0000AE73EB5A68
:10AEF000F39C108439C67FEF7FEF7FEF7FEF7FEF0A
:10AF00009FF79FF79FEF7FEF7FEF7FEF7FEF9FEF41
:10AF10009FF79FF79FF7BFF7BFF79FF7BFF7D3FCE8
:10AF200000F800F800F800F800F800F82C93EF7B28
:10AF3000EF7BEF7BEF7BFBDEDFFFC7F900F800F86C
:10AF4000A6C1EF7BB6B5DFFFDFFFDFFFDFFFDFFF6F
:10AF5000DFFFDFFFDFFFDFFFDFFFDFFFDFFFDFFF01
:10AF6000DFFFDFFFDFFFDFFFDFFFDFFFDFFFDFFFF1
:10AF7000DFFFDFFFDFFFDFFFDFFFDFFFDFFFDFFFE1
:10AF8000DFFFDFFFDFFF9EFF20F020F020F020F04A
:10AF900020F020F020F020F020F0AAAAEF7B75AD81
:10AFA000DFFFDFFFDFFFDFFFDFFF41F041F020F0D9
:10AFB00020F020F020F020F020F041F041F0AAA293
:10AFC000EF7BEF7BEF7BEF7BEF7B9AD6BEF7DFFF6C
:10AFD000DFFF34A5F7BDAE73B3942E638F73DFFF2D
:10AFE000EF7BC110DFFFDFFFDFFF9294DFFF9AD618
:10AFF000DFFFDFFFBAD6AE738D738E73718CDFFF08
:10B00000DFFFDFFF718CDFFFDFFFDFFFDFFFBFF759
:10B01000BFF79FF7BFF7DFFFDFFFBFF7BFF7DFFF28
:10B02000DFFF61088E6BBFF759CEBFF7149DBFF7E6
:10B030009FF7884A2B632B636429D6B59FF79FEF50
:10B040006629E839073A2321C21099CE40006D6B7A
:10B050009FEFEB5A7FEF7FEF7FEF6E73DFFFDFFF36
:10B060009BD619C6DFFFB3949FEF9FF79FF7B7B545
:10B0700029427FEF4D6B7FE77FEF9FF79FF79FEFB1
:10B080009FEFBFF7308434A57FEFE7398E73B7B5F4
:10B090007FEF7FEF9AD69FEF7FEF7FEF7FEF9FEFFE
:10B0A0009FEF7FEF7FEF7FEF7FEF7FEF9FEFBFF7A8
:10B0B000BFF7BFF7BFF7BFF79FF79FF7BFF792F450
:10B0C00020F800F8C3E8EF7BEF7BEF7BEF7B34A544
:10B0D0001CE7DFFFDFFFDFFFA2F800F800F845D133
:10B0E000EF7BB6B5DFFFDFFFDFFFDFFFDFFFDFFF57
:10B0F000DFFFDFFFDFFFDFFFDFFFDFFFDFFFDFFF60
:10B10000DFFFDFFFDFFFDFFFDFFFDFFFDFFFDFFF4F
:10B11000DFFFDFFFDFFFDFFFDFFFDFFFDFFFDFFF3F
:10B12000DFFFDFFF92FC20F020F020F020F020F085
:10B1300041F065C908BA41F00C9BEF7B18C6DFFFF0
:10B14000DFFFB2FC28FA20F020F020F020F020F001
:10B1500020F020F041F049B2EF7BEF7BEF7BEF7BFB
:10B16000308475ADDFFFDFFFDFFFDFFFDFFFDFFFD5
:10B17000DFFFF39C59CEDFFF87313284DFFFDFFF33
:10B18000F29CDFFFDFFF96B5DFFFDFFFB7B5EF7B98
:10B1900038C6DFFF6529DFFFDFFFDFFFDFFF18C6EF
:10B1A000DFFF9294DFFFDFFFAA52DFFFBFF755AD4D
:10B1B0009FEFBFF7DFFFDFFFDFFFBFF7BFF7508471
:10B1C0002000DFFF59C696ADBFF7BFF7DFF7BFF727
:10B1D000694AEE7B442154A56C6BB5B518C6B3948F
:10B1E000C418708CE218073AB6B54429B2947FEFC0
:10B1F0007FEFC7397FEF7FEF7FEF4E6BBFF7BFF772
:10B20000BFF7F5A49FF7728C9FF79FEF9FEF7FEF3B
:10B210007FEF7FE7D7BD7FEF9FF79FF77FEF7FEF50
:10B22000BAD6A210B2947FEFA210000010844D6332
:10B230007FEF9FEF2C637FEF7FEF7FEF9FEF9FEF1D
:10B240009FEF7FEF7FEF7FEF7FEF7FEF9FEFBFF706
:10B25000BFF7BFF7BFF7BFF7BFF7BFF7DFF7DFFFF6
:10B26000EF7BEF7BEF7BEF7B34A5DFFFDFFFDFFFC3
:10B27000DFFFDFFF3CFF00F800F800F865D1EF7B4F
:10B2800075ADDFFFDFFFDFFFDFFFDFFFDFFFDFFF8A
:10B29000DFFFDFFFDFFFDFFFDFFFDFFFDFFFDFFFBE
:10B2A000DFFFDFFFDFFFDFFFDFFFDFFFDFFFDFFFAE
:10B2B000DFFFDFFFDFFFDFFFDFFFDFFFDFFFDFFF9E
:10B2C000DFFFEBFA20F020F020F020F020F041F03A
:10B2D000AE8369AA41F02C93EF7B79CEDFFF92FC1D
:10B2E00041F041F020F020F020F020F020F041F07B
:10B2F00041F028B2EF7BEF7BEF7BEF7B14A5BEF72D
:10B30000DFFFDFFFDFFFDFFFDFFFDFFFDFFFDFFF4D
:10B31000DFFFDFFF59C635A5DFFFDFFFDFFF0F7C53
:10B32000DFFFDFFFDFFFDFFFAB5ADFFF55ADDFFFE2
:10B33000DFFFA631DFFFDFFFDFFF35A5DFFFDFFF28
:10B340001084DFFFDFFFCE7BDFFFBFF7D39C9FEFD3
:10B35000BFF7DFFFDFFFDFFFBFF7D7BD79CE694A59
:10B36000DFFF5184DFF7BFF7BFF7DFF7BFF79AD6EC
:10B370004D6B00005084DFFFDFF7918C518465290D
:10B38000708C0000E6390F7CA110918C7FEF7FEF6D
:10B39000E73928427FEF718CB394AF739FF79FF723
:10B3A0009FF79FEFBFF79AD69FEF9FEF7FEF7FEF5B
:10B3B0007FE7EF7B7FEF9FEF9FF77FEFF8C596B5B5
:10B3C000A63192947FEF79CE8108518CB6B5B394B3
:10B3D0009FEF7FEF7FEF7FEF7FEF7FEF9FEF9FEF9D
:10B3E0007FEF7FEF7FEF7FEF7FEF7FEF9FF79FF79D
:10B3F000BFF7BFF7BFF7BFF79FF7BFF7DFFF59CE24
:10B40000EF7BEF7BB294DFFFDFFFDFFFDFFFDFFFCC
:10B41000DFFF9EFF20F800F800F8A6C1EF7B34A5FF
:10B42000DFFFDFFFDFFFDFFFDFFFDFFFDFFFDFFF2C
:10B43000DFFFDFFFDFFFDFFFDFFFDFFFDFFFDFFF1C
:10B44000DFFFDFFFDFFFDFFFDFFFDFFFDFFFDFFF0C
:10B45000DFFFDFFFDFFFDFFFDFFFDFFFDFFF7DFF5E
:10B4600041F020F020F020F020F020F0CBA2EF7B84
:10B470008AAA41F06D8BEF7BF7DD41F041F020F0BF
:10B4800020F020F020F020F020F020F0A2E8AE83A1
:10B49000EF7BEF7B518C18C6DFFFDFFFDFFFDFFFA5
:10B4A000DFFFDFFFDFFFDFFFDFFFDFFFDFFFD7BDF6
:10B4B000DFFFDFFFDFFF5ACE4E6BDFFFEF7BDFFFEB
:10B4C000DFFFDFFF7394DFFFB394DFFFDFFFDFFFFA
:10B4D0008E73DFFFDFFFDFFF7AD6DFFFDFFFD7BD31
:10B4E000DFFFDFFF17C6BFF714A57FEF7FEF9FEFEA
:10B4F000DFFFDFFFDFFFDFFFF39CBFF758C6DFFF93
:10B50000728CDFFFB394BFF7D7B5894AD49C821001
:10B5100038C634A5F29CDFF7BFF74C63E7396C6B94
:10B5200020008C6BDFFF4421918CE73981087FEF8D
:10B53000C631000079CE7FEF7FEFE8397FEF7FEFF4
:10B540007FEF9FF79FF758C67FEF24217FEF7FE7BC
:10B550007FE77FEF7FEF7FEF7FEF55AD2C6300003C
:10B560003084F39C7FEF7FEF92949ACE9FEF9FEF12
:10B570009FEF9FEF7FEF7FEF7FEF9FEF9FF7BFF78B
:10B580009FF79FEF9FEF9FEF9FEF9FEF9FEF9FF73B
:10B590009FF7BFF7BFF79FF7BFF7BFF7DFFFDFFFEB
:10B5A000DFFFDFFFDFFFDFFFDFFFDFFFDFFFDFFFAB
:10B5B00018FE00F800F800F8C3E06D8B55ADDFFF12
:10B5C000DFFFDFFFDFFFDFFFDFFFDFFFDFFFDFFF8B
:10B5D000DFFFDFFFDFFFDFFFDFFFDFFFDFFFDFFF7B
:10B5E000DFFFDFFFDFFFDFFFDFFFDFFFDFFFDFFF6B
:10B5F000DFFFDFFFDFFFDFFFDFFFDFFF92FC41F058
:10B6000020F020F041F041F0A6C9EF7BEF7B49BA72
:10B6100041F0C3E041F041F020F020F020F020F0B4
:10B6200020F020F020F0EF7B61F041F041F0F39C3E
:10B630007DEFDFFFDFFFDFFFDFFFDFFFDFFFDFFF8C
:10B64000DFFFDFFFDFFFDFFFDFFFDFFFDFFFDFFF0A
:10B65000DFFFDFFFDFFFDFFFDFFF528CDFFFDFFFFA
:10B660000421DFFFAE73DFFFEE7BDFFFDFFFEC5A6D
:10B67000DFFFDFFF0942DFFFF9BDDFFF9AD6DFFF03
:10B68000DFFFDFFFBFF77FEF7FEF7FEF9FEFDFF79A
:10B69000DFFFDFFFDFFFF8BDBFF7BFF7BFF7B8D6AB
:10B6A000DFFF74ADDFFFD8B5BFF7518CD7BD107C7D
:10B6B000D2949FF7BFF7BFF73084C318C3180000B8
:10B6C00018C69FF7494A7FEF7FEF7FEF7FEFCE7B72
:10B6D0004C63D6B5B1948D6B073AE639F29C7FEF97
:10B6E0007FEF708C7FEF55AD7FEF7FEF7FE77FE7D8
:10B6F0007FEF7FEF7FEF7FEFE7397FEF95B5D6BD27
:10B70000518C7FEF30849FEF9FEF7FEF7FEF9FEFB4
:10B710007FEF7FEF7FEF7FEF9FEF9FF7BFF7BFF7E1
:10B72000BFF7BFF7BFF7BFF7BFF7BFF79FF79FEFB1
:10B730009FEF9FEF9FF79FEF9FF7DFF7DFFFDFFFA1
:10B74000DFFFDFFFDFFFDFFFDFFFDFFFDFFFEFFBFD
:10B7500000F800F800F800F800F861F81CFFDFFFBF
:10B76000DFFFDFFFDFFFDFFFDFFFDFFFDFFFDFFFE9
:10B77000DFFFDFFFDFFFDFFFDFFFDFFFDFFFDFFFD9
:10B78000DFFFDFFFDFFFDFFFDFFFDFFFDFFFDFFFC9
:10B79000DFFFDFFFDFFFDFFFDFFF86F941F020F093
:10B7A00020F041F041F0EF7BEF7B38C6AAFA41F080
:10B7B00020F020F020F020F020F041F065D141F0A1
:10B7C00041F041F0EF7B108441F041F028BADFFFF7
:10B7D000DFFFDFFFDFFFDFFFDFFFDFFFDFFFDFFF79
:10B7E000DFFFDFFFDFFFDFFFDFFFDFFFDFFFDFFF69
:10B7F000DFFFDFFFDFFFDFFFB394B2944942DFFFDB
:10B80000CB5ADFFFDFFFD294DFFFDFFF0C63DFFFE8
:10B8100019C6DFFFDFFFDFFFDFFFDFFFDFFFDFFF37
:10B82000DFFF684A7FEF7FEF7FEF9FEFDFF7DFFFFC
:10B83000DFFFDFFFCF73D8BDDFF7F7BDBFF7BFF77F
:10B84000DFF7CE73DFFFD07B2842AE7358C69FEF81
:10B850009FEF9FF7BFF7EB5AEF7B000065297FEF63
:10B860007FEFAE737FEF7FEF7FEF75B5F39C4742BD
:10B870004C6317BE7FEF7FEF7FE78A52EF7B7FEF4E
:10B880007FEF79CE7FEF7FEF7FEF7FE7728C7FEFE7
:10B890007FEFCF7B54AD7FEF7FEF7FEF718C694AF5
:10B8A000E739D6BD9FEF7FEF7FEF7FEF7FEF7FEF31
:10B8B0007FEF7FEF7FEF9FF7BFF7BFF7BFF7BFF7D0
:10B8C000BFF7BFF7BFF7BFF7DBFE00F800F8C3F81C
:10B8D0008AFA3DF77FEF7FEFBFF7DFFFDFFFDFFF84
:10B8E000DFFFDFFFDFFFDFFFDFFFDFFF45F900F8EE
:10B8F00000F800F800F800F800F800F800F8A6F9E1
:10B900001CFFDFFFDFFFDFFFDFFFDFFFDFFFDFFF0A
:10B91000DFFFDFFFDFFFDFFFDFFFDFFFDFFFDFFF37
:10B92000DFFFDFFFDFFFDFFFDFFFDFFFDFFFDFFF27
:10B93000DFFFDFFFDFFFDFFF41F041F020F020F00D
:10B9400041F086C9EF7BEF7BDFFFE7F941F020F0A4
:10B9500020F020F041F061F00C9BEF7B41F041F0D2
:10B9600004D9EF7B38C641F041F061F09AD6DFFF91
:10B97000DFFFDFFFDFFFDFFFDFFFDFFFDFFFDFFFD7
:10B98000DFFFDFFFDFFFDFFFDFFFDFFFDFFFDFFFC7
:10B99000728CDFFFDFFF518438C6B6B5AF73B39446
:10B9A000DFFFDFFF718CDFFFDFFFB394DFFF118468
:10B9B000DFFFDFFFDFFFDFFFDFFFDFFFDFFFDFFF97
:10B9C000A9527FEF7FEF29429FEFDFF7DFFFDFFF15
:10B9D000DFFFDFFFDFFFDFFF5084BFF717BEBFF7DA
:10B9E000DFF7728C56ADCE73928CEB5A149D9FEF9D
:10B9F0009FF79FF7000038C62008E3207FEF9FEFF6
:10BA0000EF837FEF7FEF7FEFAE737AD66C63B194F5
:10BA1000F6BD7FEF99D67FEF7FEF8A5279CE7FEF29
:10BA20007FEF7FEF7FEF7FEF7FE76D6B7FEF2C6323
:10BA300000007FEF7FEF7FEF7FEF7FEF7FEF38C674
:10BA4000EF7B7FEF7FEF7FEF7FEF7FEF7FEF7FEF8A
:10BA50007FEF7FEFBFF7BFF7BFF7BFF7BFF7BFF7C6
:10BA6000BFF79FF7F3F441F800F800F800F800F88A
:10BA700041F85AEE7FEF9FEFBFF7DFFFDFFFDFFFF9
:10BA8000DFFFDFFFDFFFDFFFDFFF00F800F800F878
:10BA900000F865D100F800F800F800F800F800F8A8
:10BAA0000CFB92FC38FE1CFFDFFFDFFFDFFFDFFF38
:10BAB000DFFFDFFFDFFFDFFFDFFFDFFFDFFFDFFF96
:10BAC000DFFFDFFFDFFFDFFFDFFFDFFFDFFFDFFF86
:10BAD000DFFFDFFFDFFF41F041F020F020F061F0F9
:10BAE000EF7BEF7BFBDEDFFFE3F041F020F020F0A7
:10BAF00020F06D8BEF7BEF7BEF7B41F041F02C93DF
:10BB0000EF7BBEF7FBFE61F041F08E8BDFFFDFFFC6
:10BB1000DFFFDFFFDFFFDFFFDFFFDFFFDFFFDFFF35
:10BB2000DFFFDFFFDFFFDFFFDFFFDFFFDFFFEF7B99
:10BB3000DFFFDFFF55A5DFFFDFFFDFFFF083DFFF64
:10BB4000DFFF79CEDFFFDFFFDFFFAF7BDFFFDFFF50
:10BB5000CF7BDFFFDFFFDFFFDFFFDFFFDFFF58C649
:10BB60007FEF7FEF7FEF7FEFBFF7DFFFDFFFDFFFCD
:10BB700014A5DFFFDFFF149DDFF74D632D63BFF7D3
:10BB8000BFF74D63BFF7BFF7BFF7BFF7D39CA63131
:10BB9000073A61087FEF00007FEF9FEF9FEF38CEFD
:10BBA0007FEF7FEF7FEF318C9FEF7FEF2F849FEF51
:10BBB0007FEF7FEF7FEF7FEF7FEFF49C073AF39CFF
:10BBC0007FEF7FEF7FEF7FEFAF7BD39C28427FEF4C
:10BBD0006D6B7FEF7FEF918C7FEF9FEF9FEF7FEF9C
:10BBE0007FEF9FEF7FEF7FEF7FEF7FEF7FEF7FEFC5
:10BBF0009FEFBFF7DFFFDFFFBFF79FF79FF79FF7CD
:10BC000056F500F800F800F8C3F08E83CF7B6E9BEA
:10BC100086F120F88EF3BFF7DFFFDFFFDFFFDFFFE6
:10BC2000DFFFDFFFDFFFDFFF00F800F800F800F8BC
:10BC3000EF7BEF7B00F800F800F800F800F800F860
:10BC400000F800F800F800F800F849FADFFFDFFF1D
:10BC5000DFFFDFFFDFFFDFFFDFFFDFFFDFFFDFFFF4
:10BC6000DFFFDFFFDFFFDFFFDFFFDFFFDFFFDFFFE4
:10BC7000DFFFDFFF41F041F020F020F008BAEF7B5A
:10BC8000EF7BDFFFDFFF41F041F0A2E84D93EF7B58
:10BC9000EF7BEF7B38C628F241F08ADAEF7BEF7B4F
:10BCA000DFFFDFFFFBFE41F041F0D7BDDFFFDFFF2D
:10BCB000DFFFDFFFDFFFDFFFDFFFDFFFDFFFDFFF94
:10BCC000DFFFDFFFDFFFDFFFDFFFDFFF17BEDFFF8D
:10BCD000DFFF18C6DFFF694ADFFFDFFFDFFFDFFF9F
:10BCE000DFFFDFFF6A4ADFFFDFFFDFFFDFFFDFFF8E
:10BCF000DFFF14A5DFFFDFFFDFFFDFF79FEFEB5A6A
:10BD000095AD7FEF7FEFBFF7DFF7DFFFDFFFDFFFEF
:10BD1000DFFFDFFFDFFF0D636A4ABFF73184AE73D9
:10BD20009FF79FF79FEF9FEF9FEF9FEF9FF79FF783
:10BD300024214D6313A57FEF9FEF9FEF7FEF7FEFF0
:10BD40007FEF3AC67FEF7FEF7FEF98CE9FEFB9D6B8
:10BD50009FEF7FEF7FEF7FEF4E6B7FEF7FEF252130
:10BD60007FEF6E7305217FEF042196B541087FEFC9
:10BD70007FEF7FEF7FEF7FEF7FEF7FEF9FEF9FEF13
:10BD80007FEF7FEF7FEF7FEF7FEF7FEF7FEF9FEF23
:10BD9000BFF7DFF7DFFFBFF7BFF79FF7BFF700F889
:10BDA00000F800F800F8CF7BCF7BCF7BCF7BCF7B39
:10BDB000CF7B2D8B00F8BEF7DFFFDFFFDFFFDFFF5C
:10BDC000DFFFDFFFDFFF00F800F800F800F8EF7B8F
:10BDD000EF7B9EF720F800F800F800F800F800F874
:10BDE00000F800F800F800F800F800F8E3F871FC3B
:10BDF000DFFFDFFFDFFFDFFFDFFFDFFFDFFFDFFF53
:10BE0000DFFFDFFFDFFFDFFFDFFFDFFFDFFFDFFF42
:10BE1000DFFF41F041F020F020F0AE83EF7BF39C98
:10BE2000DFFF1CFF41F041F0EF7BEF7BEF7BEF7B0F
:10BE3000DFFF69FA41F041F0EF7BEF7B518CDFFFD0
:10BE4000DFFFDFFF41F041F028B2B6B5DFFFDFFFD3
:10BE5000DFFFDFFFDFFFDFFFDFFFDFFFDFFFDFFFF2
:10BE6000DFFFDFFFDFFFDFFFDFFFDFFFDFFFDFFFE2
:10BE700079CE79CEF7BDDFFFDFFFDFFFDFFFDFFF2A
:10BE8000DFFFB7B514A5DFFFDFFFDFFF38C6DFFF39
:10BE9000F8BDDFFFDFFFDFFFBFF77FEF2F840F7CF1
:10BEA0007FEF7FEFBFF7BFF7DFF7DFFFDFFFDFFFDA
:10BEB00055A5DFFFC839DFFF36A5D8BDDFF7918C68
:10BEC0009FF79FEF9FEF9FEF9FF79FF7C739BAD676
:10BED00065299FEF9FF7D29CD7BD7FEF7FEF7FEF64
:10BEE000F17B7FEF7FEF9FEF7FEFF6BDB2949FEF87
:10BEF0009FEF7FEF7FEFD8BDD29C7FEF7FEF7FEF8B
:10BF000029427FEF7FEF7FEF7FE77FEF7FEF7FEFCC
:10BF10007FEF7FEF55AD7FEF9FEF9FEF7FEF9FEFBD
:10BF20009FEF7FEF7FEF7FEF7FEF7FEF9FEF9FEF41
:10BF30009FF7DFF7DFFFBFF7BFF7DFF700F800F885
:10BF400000F845D1EF7B92945EEF9FEF9FEF9FEF5C
:10BF50007FEF56A500F86AF2DFFFDFFFDFFFDFFFAC
:10BF6000DFFF75FD00F800F800F800F8EF7BEF7BCD
:10BF7000DFFFDFFF61F000F800F800F800F800F8DC
:10BF800000F800F800F800F800F800F800F800F8F1
:10BF900071FCDFFFDFFFDFFFDFFFDFFFDFFFDFFF22
:10BFA000DFFFDFFFDFFFDFFFDFFFDFFFDFFFDFFFA1
:10BFB00045F141F041F041F0EF7BEF7BF7BDDFFF52
:10BFC000FBFE41F041F0EF7BEF7B718C3CE7DFFF44
:10BFD00041F041F041F0EF7BEF7B96B5DFFFDFFFF3
:10BFE000DFFF4DFB41F041F02C9BDFFFDFFFDFFF68
:10BFF000DFFFDFFFDFFFDFFFDFFFDFFFDFFFDFFF51
:10C00000DFFFDFFFDFFFDFFFDFFFDFFF99CEDFFFB7
:10C01000DFFFDFFFDFFFDFFFDFFF59CEDFFFDFFFE7
:10C02000DFFF55ADDFFFDFFFDFFF14A5DFFFD7B573
:10C03000DFFFDFFFDFFFBFF77FEF7FEF6D6B7FEF8E
:10C040007FEF9FF7BFF7DFFFDFFFDFFFDFFF318409
:10C05000DFFFCF7BDFFFB394F07BDFFF55ADBFF792
:10C060000F7C9FEF9FF79FF79FF724219FF72C638B
:10C070009294BFF76D6B107C7FEF7FEF7FEFB7B5CA
:10C080007FEF7FEF79CE9FEFF7BD518C7FEF9FEF72
:10C090007FEF718CE4187FEF7FEF7FEF7FEF4A4AED
:10C0A0007FEF7FEF7FEF7FE77FEF7FEF7FEF7FEF28
:10C0B0007FEF59CE7FEF9FEF9FEF9FEF9FEF9FEFB7
:10C0C0007FEF7FEF7FEF7FEF9FEF9FF79FEF9FF770
:10C0D000BFF7DFFFBFF7BFF79EF700F800F800F8E3
:10C0E00065D1EF7BDCD69FEF9FEF9FEF7FEF7FEF78
:10C0F0007FEF6AC200F8DFFFDFFFDFFFDFFFDFFF58
:10C100008EFB00F800F800F800F8EF7BEF7BDFFF14
:10C11000DFFFF7DDC3E000F800F800F800F800F8F2
:10C1200000F800F800F800F800F800F800F800F84F
:10C13000B2FCDFFFDFFFDFFFDFFFDFFFDFFFDFFF3F
:10C14000DFFFDFFFDFFFDFFFDFFFDFFFDFFF5DFF81
:10C15000E3F041F041F0EF7BEF7B9EF7DFFF59FE0C
:10C1600041F041F0EF7BB6B5DFFFDFFF79FE41F034
:10C1700041F008DAEF7BEF7BDFFFDFFFDFFFDFFF60
:10C18000DFFF41F041F041F018C6DFFFDFFFDFFFC6
:10C19000DFFFDFFFDFFFDFFFDFFFDFFFDFFFDFFFAF
:10C1A000DFFFDFFFDFFFDFFFDFFFDFFFDFFF2D63ED
:10C1B000DFFFDFFFDFFFDFFFDFFFDFFFED62DFFF1E
:10C1C000DFFFDFFFDFFFDFFFAF73DFFF35A5DFFF3F
:10C1D000DFFFDFFFBFF77FEF7FEF79CE7FEF7FEFEE
:10C1E0009FEFBFF7DFFF75ADDFFFDFFFB394B6B59D
:10C1F000DFFFDFFF54A5DFFFDFFFD8BDBFF79FF7ED
:10C200009FF79FEF9FEF694AEF7B0842B6B5BFF7F4
:10C2100039C6AF7310847FEF7FEF7ACE7FEF7FEF69
:10C220007FEF10847FEF7FEF75AD28420B5B38C640
:10C230007FEF7FEF7FEF7FEF7FEF7FEFE4189BD6FD
:10C240007FEF7FEF7FE77FEF7FE77FEF7FEF7FEF8E
:10C250007FEF7FEF7FEF7FEF9FEF9FEF7FEF7FEF2E
:10C260007FEF7FEF9FEFBFF7BFF79FF79FF7BFF716
:10C27000DFF7DFF7BFF7BFF700F800F800F845D1A8
:10C28000CF7B9FF79FF7BFF79FEF9FEF7FEF7FEF8A
:10C290009FEF1CF761F0DFFFDFFFDFFFDFFF20F81C
:10C2A00000F800F800F800F8EF7BEF7BDFFFDFFF1E
:10C2B000DFFFDFFFAE9B00F800F800F800F800F8A1
:10C2C00000F800F800F800F800F800F800F8AE9B5D
:10C2D00018C6DFFFDFFFDFFFDFFFDFFFDFFFDFFF6E
:10C2E000DFFFDFFFDFFFDFFFDFFFDFFFDFFFDFFF5E
:10C2F00082F082E8EF7BEF7BDFFFDFFF75FD41F02F
:10C3000041F0EF7B18C6DFFFDFFF41F041F041F065
:10C31000EF7BEF7B1084DFFFDFFFDFFFDFFFDFFF5F
:10C3200018FE41F041F061F07DEFDFFFDFFFDFFF3E
:10C33000DFFFDFFFDFFFDFFFDFFFDFFFDFFFDFFF0D
:10C34000DFFFDFFFDFFFDFFFDFFFDFFFDFFFD07B90
:10C35000DFFFF39CCF7BD8BD19C6AC5235ADDFFFF4
:10C36000DFFFDFFFDFFF8E6BDFFF56ADDFFFDFFF9D
:10C37000DFFF2F847FEF7FEF7FEF7FEF7FEF9FEF78
:10C38000BFF7DFFF79CEDFFFDFFFDFFF2842DFFFF0
:10C39000DFFFDFFFDFFFDFFFDFFFBFF7BFF7BFF725
:10C3A0009FEF9FEF4D639FF76D6B718C97B5BFF754
:10C3B000F07BF8BDBFF79FEF928C7FEF7FEF7FE7B9
:10C3C0006E6B52847FEF51847FEF7FEF7FEF7FEFC3
:10C3D0007FEF7FEF7FEF7FEF7FEF2A4A8F737FEF53
:10C3E0007FEF7FE77FEF7FE77FEF7FEF7FEF7FEFED
:10C3F0007FEF7FEF7FEF7FEF7FEF7FEF7FEF7FEFCD
:10C400009FEFBFF7DFFFDFFFBFF7BFF7BFF7BFF754
:10C41000BFF7BFF7BFF700F800F800F882F0CF7B56
:10C420009FEF9FEFBFF7BFF79FF79FEF9FEF9FEF44
:10C430009FEF82F828BADFFFDFFFDFFF00F800F888
:10C4400000F800F841F8EF7BEF7BDFFFDFFFDFFF55
:10C45000DFFFDFFFF7BDEF8341F000F800F800F8E1
:10C4600000F800F800F800F800F8E3E0EF7BEF7B5D
:10C4700034A5DFFFDFFFDFFFDFFFDFFFDFFFDFFFD1
:10C48000DFFFDFFFDFFFDFFFDFFFDFFFDFFF96F50F
:10C49000A6C1EF7BEF7BDFFFDFFFD3FC41F041F074
:10C4A000EF7B79CEDFFFFBFE41F041F061F0EF7BE7
:10C4B000EF7B55ADDFFFDFFFDFFFDFFFDFFFDFFFDC
:10C4C00020F020F020F014A5DFFFDFFFDFFFDFFF0B
:10C4D000DFFFDFFFDFFFDFFFDFFFDFFFDFFFDFFF6C
:10C4E000DFFFDFFFDFFFDFFFDFFFDFFFDFFFC7393A
:10C4F000D39CDFFF5ACEDFFF4E6B728CDFFFDFFF76
:10C50000DFFFDFFF6E6BDFFFDFFFDFFFDFFFDFFF40
:10C51000708C7FEF7FEF7FEF7FEF7FEF9FEFBFF7B5
:10C52000DFFFDFFFDFFF78B5DFFFD294DFFFDFFF44
:10C53000DFFFDFFFDFFFDFF7918CBFF7BFF7BFF74C
:10C54000B6B5F39C718CBFF7F39CF49CBFF70D5B01
:10C55000BFF7BFF7BFF792947FEF7FEF7FE7B7B5E5
:10C560007FEF7FEF6A4A7FEF7FEF7FEF7FEF7FEF15
:10C57000F7BD7FEF7FEF7FEF8F732A427FE77FEF7B
:10C580007FE77FEF7FE77FEF7FEF7FEF7FEF7FEF4B
:10C590007FEF7FEF7FEF7FEF7FEF7FEF7FEF9FF703
:10C5A000BFF7DFFFDFFFDFF7BFF7BFF7BFF7BFF76B
:10C5B000BFF7BFF70CFB00F800F800F8EF7B9FEF28
:10C5C0009FEFBFF7BFF7BFF79FEF9FEF7FEF9FEFA3
:10C5D00010FC20F87DEFDFFF7DFF00F800F800F889
:10C5E00000F8E3E0EF7BEF7BDFFFDFFFDFFFDFFF44
:10C5F000DFFFDFFF3CE7CF8382E800F800F800F8B8
:10C6000000F800F800F800F88E8BEF7BEF7B3CE73A
:10C61000DFFFDFFFDFFFDFFFDFFFDFFFDFFFDFFF2A
:10C62000DFFFDFFFDFFFDFFFDFFFDFFFDFFFFBDE1F
:10C63000EF7B518CDFFFDFFFAEFB41F041F0EF7B82
:10C64000FBDEDFFF41F041F024F1CF83EF7B55ADFE
:10C65000DFFFDFFFDFFFDFFFDFFFDFFFDFFF38FE92
:10C6600041F041F041F05DEFDFFFDFFFDFFFDFFF73
:10C67000DFFFDFFFDFFFDFFFDFFFDFFFDFFFDFFFCA
:10C68000DFFFDFFFDFFFDFFFDFFFDFFFDFFFDFFFBA
:10C69000B6B544218529918CD294DFFFDFFFDFFFFF
:10C6A000DFFFB094DFFFDFFFDFFFDFFFDFF79FF784
:10C6B0007FEF7FEF7FEF7FEF7FEF9FEF9FF717BE5B
:10C6C000DFFFDFFFDFFFC539D6BDDFFFDFFFDFFFA5
:10C6D000F7B5DFFFBFF7CF7BBFF7DFFFDFFFB5B5F4
:10C6E000DFFF2C63DFFFF7BD6B6BBFF7884A2B635F
:10C6F000DFFF99CEBFF77FEF7FEF7FEF7FEF7FEF19
:10C700007FEF718C7FEF7FEF7FEF7FEF7FEF4F6BDE
:10C710007FEF7FEF7FEFF39CC6317FE77FEF7FE70F
:10C720007FEF7FE77FEF7FEF7FEF7FEF7FEF7FEFA1
:10C730007FEF7FEF7FEF7FEF7FEF7FEF9FF7BFF719
:10C74000DFF7DFFFDFF7BFF7BFF7BFF7BFF79FF7F1
:10C750009FF7BFF720F800F800F8EF7B9FEF9FEFFF
:10C760009FF7DFF7DFF7BFF79FEF9FEF9FEFBFF771
:10C7700000F849B218C6E3F800F800F800F800F82D
:10C780008AAAEF7B3084DFFFDFFFDFFFDFFFDFFF01
:10C79000DFFFDFFFDFFF18C6EF7BEF7B49B286C903
:10C7A00065D1A6C9EF7BEF7BEF7BD39CDFFFDFFF7B
:10C7B000DFFFDFFFDFFFDFFFDFFFDFFFDFFFDFFF89
:10C7C000DFFFDFFFDFFFDFFFDFFFDFFFDFFFDFFF79
:10C7D000DFFFDFFFDFFFC7F941F024E9AE8382F01E
:10C7E00041F020F020F0EF7BEF7BEF7BDFFFDFFFFE
:10C7F000DFFFDFFFDFFFDFFFDFFFDFFFDFFFBEFF6A
:10C8000041F041F086C918C6DFFFDFFFDFFFDFFF21
:10C81000DFFFDFFFDFFFDFFFDFFFDFFFDFFFDFFF28
:10C82000DFFFDFFFDFFFDFFFDFFFDFFFDFFFDFFF18
:10C83000DFFFDFFFDFFFDFFFDFFFDFFFDFFFDFFF08
:10C84000AD73CB5ADFFFDFFFDFFFBFF79FEF7FEF57
:10C850007FEF7FEF7FEF7FEF7FEF9FEF55ADDFFF44
:10C86000DFF798D6DFFF74ADDFFFDFFFDFFF518416
:10C87000BFF7BFF718BEDFFFDFFFF7BDB5B5EE7B33
:10C88000DFFFDFFFDFF76B6BF6BD684ADFFFDFFF1F
:10C89000AE73BFF79FF79FEFB3947FEF7FEF7FEF0C
:10C8A0007FEF7FE77FEF7FEF7FEF7FEF97B58E73AF
:10C8B0007FEF7FEF7FEFA2107FE77FEF7FE77FEFD4
:10C8C0007FE77FEF9FEF9FEF9FEF7FEF7FEF7FEFA0
:10C8D0007FEF7FEF9FEF9FEF9FEF9FEF9FF7BFF7F8
:10C8E000DFF7BFF7BFF7BFF7DFFFBFF7BFF79FF770
:10C8F0009FF7BFF78EFB00F8CF83DBD69FF79FF73C
:10C90000BFF7DFFFDFFFBFF79FF79FF7BFF734FDEC
:10C9100000F800F800F800F800F800F800F8EF7BE5
:10C92000EF7B96B5DFFFDFFFDFFFDFFFDFFFDFFF1E
:10C93000DFFFDFFFDFFFDFFFDFFF55ADEF7BEF7BCB
:10C94000EF7BEF7BEF7B5DEFDFFFDFFFDFFFDFFFE5
:10C95000DFFFDFFFDFFFDFFFDFFFDFFFDFFFDFFFE7
:10C96000DFFFDFFFDFFFDFFFDFFFDFFFDFFFDFFFD7
:10C97000DFFFDFFF41F041F004E920F020F020F07C
:10C9800041F0EF7BEF7BEF7BFBDEDFFFDFFFDFFFC5
:10C99000DFFFDFFFDFFFDFFFDFFFDFFFDFFF75FD13
:10C9A00020F020F041F0BEF7DFFFDFFFDFFFDFFF09
:10C9B000DFFFDFFFDFFFDFFFDFFFDFFFDFFFDFFF87
:10C9C000DFFFDFFFDFFFDFFFDFFFDFFFDFFFDFFF77
:10C9D000DFFFDFFF139DDFFFDFFFDFFFDFFFD3940C
:10C9E000DFFFDFFFDFFFF9BD94947FEF7FEF7FEF85
:10C9F0007FEF7FEF7FEF7FEF9FEFDFF7DFFFD49CCD
:10CA00006842DFFFB6B5F7BDDFFFDFFF96B5BFF7C2
:10CA1000BFF7BFF74D6BDFFFDFFFDFFFDFFFDFFF9C
:10CA2000BFF7BFF7C631DFF7EE7BDFFFD7B5107C6E
:10CA3000BFF79FF718C631849FF79FEF7FEF7FEF17
:10CA4000F39C7FE77FEF7FEF7FEF7FEFAA527FEFCF
:10CA50009FEF7FEF918C7FE77FEF7FE77FEF7FE7AF
:10CA60007FEF7FEF9FEF9FF79FEF9FEF9FF79FF77E
:10CA7000BFF7BFF7BFF79FEF9FEF9FEFBFF7BFF77E
:10CA8000DFF7BFF7BFF7DFFFDFFFDFFFBFF79FF77E
:10CA9000BFF7BFF7F3D48E8B14A59FF79FF7BFF7AF
:10CAA000BFF7DFFFBFF7BFF7BFF7DFFFDFFFA2F87A
:10CAB00000F800F800F800F800F800F8EF7BEF7BD2
:10CAC0005DEFDFFFDFFFDFFFDFFFDFFFDFFFDFFF08
:10CAD000DFFFDFFFDFFFDFFFDFFFDFFFDFFFDFFF66
:10CAE000DFFFDFFFDFFFDFFFDFFFDFFFDFFFDFFF56
:10CAF000DFFFDFFFDFFFDFFFDFFFDFFFDFFFDFFF46
:10CB0000DFFFDFFFDFFFDFFFDFFFDFFFDFFFDFFF35
:10CB1000DFFF41F020F020F020F020F020F069B29B
:10CB2000EF7BEF7BEF7BDFFFDFFFDFFFDFFFDFFF71
:10CB3000DFFFDFFFDFFFDFFFDFFFDFFFDFFF41F0B2
:10CB400041F041F0CBD2DFFFDFFFDFFFDFFFDFFF90
:10CB5000DFFFDFFFDFFFDFFFDFFFDFFFDFFFDFFFE5
:10CB6000DFFFDFFFDFFFDFFFDFFFDFFFDFFFDFFFD5
:10CB7000DFFFDFFF8E73DFFFDFFFDFFFDFFFDFFFA2
:10CB8000DFFFDFFFDFF7D8BD7FEF7FEF7FEF7FE7CE
:10CB90007FEF7FEF7FEF9FEFDFF7DFFFA83138BE3A
:10CBA000DFFFD7B5F7BDDFFFDFFFDFFFBFF7BFF761
:10CBB0009FF7694ABFF7DFFFDFFFDFFFDFF7BFF750
:10CBC000BFF78D6BDFFF107CDFFFAE73DFF7BFF7C2
:10CBD000BFF70D639394BFF79FF77FEF7FEF4D6330
:10CBE0007FEF7FEF7FEF9FEF9FEF57C67FEF9FEFC6
:10CBF0007FEF24217FE77FEF7FE77FEF7FE77FEF06
:10CC00007FEF9FEF9FEF9FEFBFF7BFF7BFF7BFF734
:10CC1000BFF7BFF79FEF9FEF9FF79FF7BFF7DFF7D4
:10CC2000BFF7BFF7DFFFDFFFDFFFBFF79FF79FF71C
:10CC3000BFF7DFF7EF7B10849EEF9FF7BFF7BFF7DB
:10CC4000DFFFBFF7BFF7BFF7DFFFDFFFB6FD00F87D
:10CC500000F800F800F800F8A2E8EF7B718CDFFF25
:10CC6000DFFFDFFFDFFFDFFFDFFFDFFFDFFFDFFFD4
:10CC7000DFFFDFFFDFFFDFFFDFFFDFFFDFFFDFFFC4
:10CC8000DFFFDFFFDFFFDFFFDFFFDFFFDFFFDFFFB4
:10CC9000DFFFDFFFDFFFDFFFDFFFDFFFDFFFDFFFA4
:10CCA000DFFFDFFFDFFFDFFFDFFFDFFFDFFFDFFF94
:10CCB00041F041F0E7B9EF7B1084EF7BEF7BEF7B36
:10CCC00055ADDFFFDFFFDFFFDFFFDFFFDFFFDFFF50
:10CCD000DFFFDFFFDFFFDFFFDFFFDFFF3CFF41F0B4
:10CCE00020F020F008E2DFFFDFFFDFFFDFFFDFFFE4
:10CCF000DFFFDFFFDFFFDFFFDFFFDFFFDFFFDFFF44
:10CD0000DFFFDFFFDFFFDFFFDFFFDFFFDFFFDFFF33
:10CD1000DFFF139D718C2C63E7396529D294DFFF07
:10CD2000DFFFDFF7BFF758CE7FEF7FEF7FEF7FEFBB
:10CD30007FEF7FEF9FEFBFF797B5DFF7DFFFDFFFF5
:10CD4000DFFFD7B5DFFFDFFFDFFFDFFFBFF755AD49
:10CD5000D7BD928CBFF7BFF7BFF7BFF7BFF7DFFFB5
:10CD60000842DFFFD394DFFFCF73BFF79FF7BFF712
:10CD7000EC5ADFFFDFFFBFF79FF79FEF8E6B9FEF50
:10CD80009FEF9FEFBFF79FEF7FEF7FEF918C00004A
:10CD9000AA528A4A7FEF7FE77FEF7FE77FEF7FEF3F
:10CDA0007FEF9FEF9FEFBFF7BFF7BFF7DFF7BFF74B
:10CDB000BFF79FEF9FF79FF79FF7BFF7BFF7BFF74B
:10CDC000BFF7DFFFDFFFDFFFDFFFBFF79FEF9FEF63
:10CDD0009FF7BFF776AD3DE79FF79FF7BFF7BFF728
:10CDE000BFF7BFF7DFFFDFFFDFFFDFFFDFFF00F889
:10CDF00000F800F800F8CF7BEF7BFBDEDFFFDFFF02
:10CE0000DFFFDFFFDFFFDFFFDFFFDFFFDFFFDFFF32
:10CE1000DFFFDFFFDFFFDFFFDFFFDFFFDFFFDFFF22
:10CE2000DFFFDFFFDFFFDFFFDFFFDFFFDFFFDFFF12
:10CE3000DFFFDFFFDFFFDFFFDFFFDFFFDFFFDFFF02
:10CE4000DFFFDFFFDFFFDFFFDFFFDFFFDFFF41F09F
:10CE500041F0AAAAEF7B59CE34A5F39C5DEFDFFF2A
:10CE6000DFFFDFFFDFFFDFFFDFFFDFFFDFFFDFFFD2
:10CE7000DFFFDFFFDFFFDFFFDFFFDFFF55F541F003
:10CE800041F041F0A2F059FEDFFFDFFFDFFFDFFFDF
:10CE9000DFFFDFFFDFFFDFFFDFFFDFFFDFFFDFFFA2
:10CEA000DFFFDFFFDFFFDFFFDFFFDFFFDFFFDFFF92
:10CEB000DFFFDFFFDFFFDFFFDFFFDFFFB294442193
:10CEC000B9D6BFF79FEF7FEF7FEF7FEF7FEF7FEF69
:10CED0007FEF7FEFB7B5DFFFDFFFDFFFDFFFDFFFB4
:10CEE000DFFFDFFFDFFF38C6AA5275ADBFF79FF740
:10CEF0006E6B9FEF9FF7BFF7BFF7DFFFBFF72942CA
:10CF0000B7B5D394BFF7B3949FEF9FF7DFFFB7B5E3
:10CF1000DFFFDFFFBFF79FF79FF79FF79FF7BFF791
:10CF2000BFF7BFF7A952E218000000007FEF31847D
:10CF3000E739B29458C67FEF7FE77FEF7FEF7FEF4F
:10CF40009FEF9FEF9FF7BFF7BFF7BFF7BFF79FF7C1
:10CF50009FF79FF79FEF9FEF9FF7BFF7BFF7BFF7D1
:10CF6000DFF7DFFFDFFFDFFFDFFFBFF79FF79FEF99
:10CF70009FEFBFF7BFF79FF79FF7BFF7BFF7BFF769
:10CF8000DFFFDFFFDFFFDFFFDFFFDFFFDFFF86C940
:10CF900020F886C9EF7BEF7BDFFFDFFFDFFFDFFFDE
:10CFA000DFFFDFFFDFFFDFFFDFFFDFFFDFFFDFFF91
:10CFB000DFFFDFFFDFFFDFFFDFFFDFFFDFFFDFFF81
:10CFC000DFFFDFFFDFFFDFFFDFFFDFFFDFFFDFFF71
:10CFD000DFFFDFFFDFFFDFFFDFFFDFFFDFFFDFFF61
:10CFE000DFFFDFFFDFFFDFFFDFFFDFFFDBFEE3F061
:10CFF000CF83EF7BDFFFDFFFDFFFDFFFDFFFDFFF41
:10D00000DFFFDFFFDFFFDFFFDFFFDFFFDFFFDFFF30
:10D01000DFFFDFFFDFFFDFFFDFFFDFFFDFFF41F0CD
:10D0200020F020F020F075EDDFFFDFFFDFFFDFFFF6
:10D03000DFFFDFFFDFFFDFFFDFFFDFFFDFFFDFFF00
:10D04000DFFFDFFFDFFFDFFFDFFFDFFFDFFFDFFFF0
:10D05000DFFFDFFFDFFFDFFFDFFFDFFFDFFFDFF7E8
:10D06000F39CE318CE734321E218000041002942EB
:10D07000AF73BFF7BFF7DFFFDFFFDFFF39C696B53E
:10D0800014A5CB52DFFFDFFFDFFFDFFFBFF739C69D
:10D090009FEF9FEF9FF7BFF7BFF7BFF7083A34A5A1
:10D0A00075ADBFF739C69FF7BFF738C6DFFFDFFFA3
:10D0B000DFF7BFF79FF79FF7CF73041961084000B0
:10D0C0002000000000000000252176ADD8BD30848E
:10D0D0002000B19446297FE77FEF7FEF7FEF9FEF3E
:10D0E0009FF79FF79FF7BFF7BFF79FF79FF79FF750
:10D0F0009FF79FEF7FEF9FEFBFF7BFF7BFF7BFF738
:10D10000DFFFDFFFDFFFDFFFDFFFBFF79FF79FEFEF
:10D110009FF7BFF7BFF79FF79FF79FEFBFF7DFFFBF
:10D12000DFFFDFFFDFFFDFFFDFFFDFFFDFFF308439
:10D13000EF7BEF7B38C6DFFFDFFFDFFFDFFFDFFFC7
:10D14000DFFFDFFFDFFFDFFFDFFFDFFFDFFFDFFFEF
:10D15000DFFFDFFFDFFFDFFFDFFFDFFFDFFFDFFFDF
:10D16000DFFFDFFFDFFFDFFFDFFFDFFFDFFFDFFFCF
:10D17000DFFFDFFFDFFFDFFFDFFFDFFFDFFFDFFFBF
:10D18000DFFFDFFFDFFFDFFFDFFFDFFF7DFFEF7B85
:10D19000EF7BDFFFDFFFDFFFDFFFDFFFDFFFDFFF13
:10D1A000DFFFDFFFDFFFDFFFDFFFDFFFDFFFDFFF8F
:10D1B000DFFFDFFFDFFFDFFFDFFFDFFF8AEA20F0B7
:10D1C00020F020F061F0DFFFDFFFDFFFDFFFDFFF98
:10D1D000DFFFDFFFDFFFDFFFDFFFDFFFDFFFDFFF5F
:10D1E000DFFFDFFFDFFFDFFFDFFFDFFFDFFFDFFF4F
:10D1F000DFFFDFFFDFFFDFFFDFFFDFFFBFF7BFF78F
:10D20000F39C8D6B78CEF29C96B592947FEF7FEF76
:10D21000BFF7BFF7F8BD3184D39C308492949AD67F
:10D22000DFFFDFFFD7B5DFFFBFF7BFF79FF77FEF68
:10D230007FEF9FEF9FF7BFF7BFF7083A18C6DFFFF2
:10D24000DFF759C69FF7BFF7107CDFFFDFFFDFF77F
:10D2500018C68631410820002000000000000000B0
:10D2600000008208000000009394D8BD7FE74000D2
:10D270006C6B2D637FE77FEF7FEF7FEF7FEF9FF793
:10D28000BFF79FF7BFF79FF79FF79FF7BFF7BFF76E
:10D290009FEF7FEF9FEF9FF7BFF7BFF7BFF7DFFF6E
:10D2A000DFFFDFFFDFFFDFFFDFFFBFF79FF79FF746
:10D2B000BFF7BFF7BFF79FF79FEFBFF7DFFFDFFFB6
:10D2C000DFFFDFFFDFFFDFFFDFFFDFFF7DEF75AD9C
:10D2D0001084DFFFDFFFDFFFDFFFDFFFDFFFDFFFA8
:10D2E000DFFFDFFFDFFFDFFFDFFFDFFFDFFFDFFF4E
:10D2F000DFFFDFFFDFFFDFFFDFFFDFFFDFFFDFFF3E
:10D30000DFFFDFFFDFFFDFFFDFFFDFFFDFFFDFFF2D
:10D31000DFFFDFFFDFFFDFFFDFFFDFFFDFFFDFFF1D
:10D32000DFFFDFFFDFFFDFFFDFFFDFFF5DEFF39CEE
:10D33000DFFFDFFFDFFFDFFFDFFFDFFFDFFFDFFFFD
:10D34000DFFFDFFFDFFFDFFFDFFFDFFFDFFFDFFFED
:10D35000DFFFDFFFDFFFDFFFDFFFDFFFC7E141F0C0
:10D3600041F041F061F0DFFFDFFFDFFFDFFFDFFFB4
:10D37000DFFFDFFFDFFFDFFFDFFFDFFFDFFFDFFFBD
:10D38000DFFFDFFFDFFFDFFFDFFFDFFFDFFFDFFFAD
:10D39000DFFFDFFFDFFFDFFFDFFFBFF7BFF79FEF3D
:10D3A000D7B57FEF7FEF7FEF9FEF7FEF7FEF9FF7A7
:10D3B000BFF7DFF7DFFFDFFFDFFFD7BD55ADDFFFD3
:10D3C000BFF7BFF77AC69FEF7FEF7FEFD3947FEF72
:10D3D0007FEF9FEFBFF7DFFF65299ACEDFFFDFF713
:10D3E000D7B5BFF7DFFF4421400000000000410037
:10D3F000000000000000000041000000C31839C612
:10D40000252101000100010097B57FE795AD40009F
:10D4100001000521F8BD7FE77FEF7FEF9FF7BFF7A2
:10D42000BFF7BFF79FEF9FF7BFF7BFF7DFF7BFF774
:10D430009FEF7FEF9FEFBFF7BFF7BFF7DFFFDFFF84
:10D44000DFFFDFFFDFFFDFFFDFFFBFF7BFF7DFF744
:10D45000DFFFBFF79FF77FEF9FF7DFFFDFFFDFFF04
:10D46000DFFFDFFFDFFFDFFFDFFFDFFFDFFFDFFFCC
:10D47000DFFFDFFFDFFFDFFFDFFFDFFFDFFFDFFFBC
:10D48000DFFFDFFFDFFFDFFFDFFFDFFFDFFFDFFFAC
:10D49000DFFFDFFFDFFFDFFFDFFFDFFFDFFFDFFF9C
:10D4A000DFFFDFFFDFFFDFFFDFFFDFFFDFFFDFFF8C
:10D4B000DFFFDFFFDFFFDFFFDFFFDFFFDFFFDFFF7C
:10D4C000DFFFDFFFDFFFDFFFDFFFDFFFDFFFDFFF6C
:10D4D000DFFFDFFFDFFFDFFFDFFFDFFFDFFFDFFF5C
:10D4E000DFFFDFFFDFFFDFFFDFFFDFFFDFFFDFFF4C
:10D4F000DFFFDFFFDFFFDFFFDFFFDFFF24E141F0C2
:10D5000020F020F041F0CBEADFFFDFFFDFFFDFFF9D
:10D51000DFFFDFFFDFFFDFFFDFFFDFFFDFFFDFFF1B
:10D52000DFFFDFFFDFFFDFFFDFFFDFFFDFFFDFFF0B
:10D53000DFFFDFFFDFFFDFFFBFF79FF79AD6B6B54C
:10D540000E7C7FEF9FEF7FEF7FEF7FEF9FF7BFF7BF
:10D55000DFFFDFFFDFFFDFFFDFFFDFFFBFF79FEF53
:10D560007FEF96AD7FEF7FEF7FEF76AD9FEF9FEF81
:10D570009FF7BFF7DFFFA95213A5DFFF718CD6B568
:10D58000BFF7DFFF200000000000000000000000E7
:10D5900000000000000000000000494AB4B533A5B7
:10D5A0000000821021000000318434A56C6B010062
:10D5B0006731662996B57FEF7FEF9FF7BFF7DFF7FB
:10D5C000BFF79FF79FF7BFF7BFF7DFFFDFFFBFF79B
:10D5D0007FEF9FEF9FEF9FF7BFF7DFF7DFFFDFFFE3
:10D5E000DFFFDFFFDFFFDFFFDFFFDFFFDFFFDFFF4B
:10D5F000BFF79FEF7FEF9FEFBFF7DFFFDFFFDFFF9B
:10D60000DFFFDFFFDFFFDFFFDFFFDFFFDFFFDFFF2A
:10D61000DFFFDFFFDFFFDFFFDFFFDFFFDFFFDFFF1A
:10D62000DFFFDFFFDFFFDFFFDFFFDFFFDFFFDFFF0A
:10D63000DFFFDFFFDFFFDFFFDFFFDFFFDFFFDFFFFA
:10D64000DFFFDFFFDFFFDFFFDFFFDFFFDFFFDFFFEA
:10D65000DFFFDFFFDFFFDFFFDFFFDFFFDFFFDFFFDA
:10D66000DFFFDFFFDFFFDFFFDFFFDFFFDFFFDFFFCA
:10D67000DFFFDFFFDFFFDFFFDFFFDFFFDFFFDFFFBA
:10D68000DFFFDFFFDFFFDFFFDFFFDFFFDFFFDFFFAA
:10D69000DFFFDFFFDFFFDFFFDFFFDFFF5DF741F0D1
:10D6A00041F0CBA22C9359CEDFFFDFFFDFFFDFFF7E
:10D6B000DFFFDFFFDFFFDFFFDFFFDFFFDFFFDFFF7A
:10D6C000DFFFDFFFDFFFDFFFDFFFDFFFDFFFDFFF6A
:10D6D000DFFFDFFFDFFFBFF79FF79FEF7FEFB19423
:10D6E000D2949FEF7FEF7FEF7FEF9FEFDFF7DFFFBA
:10D6F000DFFFDFFFDFFFBFF7BFF7D7B59FEF9FEF7C
:10D7000096AD9FEF9FEF9FF7BFF78E739FF7BFF721
:10D71000DFF7DFFFA9520000E3184429BFF7DFF766
:10D72000DFFF000000000000000066290C634529AF
:10D730000000000000000000C3188431D194718CF7
:10D74000000021000000494A95ADD6B5528C00007A
:10D75000AF7B718C34A57FEF9FEFBFF7DFFFDFFF5B
:10D76000BFF7BFF7BFF7BFF7BFF7DFFFBFF79FEF09
:10D770007FEF9FEF9FF79FF7BFF7DFFFDFFFDFFF31
:10D78000DFFFDFFFDFFFDFFFDFFFDFFFBFF79FEF21
:10D790007FEF7FEF9FEFBFF7BFF7DFFFDFFFDFFF19
:10D7A000DFFFDFFFDFFFDFFFDFFFDFFFDFFFDFFF89
:10D7B000DFFFDFFFDFFFDFFFDFFFDFFFDFFFDFFF79
:10D7C000DFFFDFFFDFFFDFFFDFFFDFFFDFFFDFFF69
:10D7D000DFFFDFFFDFFFDFFFDFFFDFFFDFFFDFFF59
:10D7E000DFFFDFFFDFFFDFFFDFFFDFFFDFFFDFFF49
:10D7F000DFFFDFFFDFFFDFFFDFFFDFFFDFFFDFFF39
:10D80000DFFFDFFFDFFFDFFFDFFFDFFFDFFFDFFF28
:10D81000DFFFDFFFDFFFDFFFDFFFDFFFDFFFDFFF18
:10D82000DFFFDFFFDFFFDFFFDFFFDFFFDFFFDFFF08
:10D83000DFFFDFFFDFFFDFFFDFFFDFFF0CBBE3D832
:10D84000EF7BEF7BEF7B9EF7DFFFDFFFDFFFDFFF8D
:10D85000DFFFDFFFDFFFDFFFDFFFDFFFDFFFDFFFD8
:10D86000DFFFDFFFDFFFDFFFDFFFDFFFDFFFDFFFC8
:10D87000DFFFDFFFBFF7BFF79FEF7FEF6C6B0F841A
:10D880009FEF9FEF7FEF7FEF9FEFDFF7DFFFDFFF80
:10D89000DFFFDFF7BFF79FF7F39C9FEF9FEF79CE96
:10D8A0009FF79FF7BFF7BFF76D6B9FF79FF7BFF726
:10D8B000DFFFE739000020000000BFF7DFFF308402
:10D8C000610862100000200020002842EC62210064
:10D8D00000000000410821006429919496B50000E1
:10D8E000010062082100D39CF39C75AD82102000DA
:10D8F000895254A57FEF9FEFBFF7DFFFDFFFDFFF08
:10D90000DFF7BFF7BFF7BFF7DFF7DFF79FF77FEF6F
:10D910009FEF9FF79FF7BFF7BFF7DFFFDFFFDFFF47
:10D92000DFFFDFFFDFFFDFFFDFFFBFF77FEF7FEF0F
:10D930007FEF9FEF9FF7BFF7DFFFDFFFDFFFDFFF27
:10D94000DFFFDFFFDFFFDFFFDFFFDFFFDFFFDFFFE7
:10D95000DFFFDFFFDFFFDFFFDFFFDFFFDFFFDFFFD7
:10D96000DFFFDFFFDFFFDFFFDFFFDFFFDFFFDFFFC7
:10D97000DFFFDFFFDFFFDFFFDFFFDFFFDFFFDFFFB7
:10D98000DFFFDFFFDFFFDFFFDFFFDFFFDFFFDFFFA7
:10D99000DFFFDFFFDFFFDFFFDFFFDFFFDFFFDFFF97
:10D9A000DFFFDFFFDFFFDFFFDFFFDFFFDFFFDFFF87
:10D9B000DFFFDFFFDFFFDFFFDFFFDFFFDFFFDFFF77
:10D9C000DFFFDFFFDFFFDFFFDFFFDFFFDFFFDFFF67
:10D9D000DFFFDFFFDFFFDFFFDFFFDFFF14A5EF7BF0
:10D9E000EF7B9AD67DEFDFFFDFFFDFFFDFFFDFFF9B
:10D9F000DFFFDFFFDFFFDFFFDFFFDFFFDFFFDFFF37
:10DA0000DFFFDFFFDFFFDFFFDFFFDFFFDFFFDFFF26
:10DA1000DFFFDFFFBFF79FF79FEF7FEFEB5A9FEF2F
:10DA20009FEF7FEF7FEF9FEFDFF7DFFFDFFFBFF7B6
:10DA3000BFF79FF79FF796B59FF79FF79FF738C6F9
:10DA40009FF79FF7C739000045299FF7BFF7DFFF12
:10DA50008952000020000000410800000000000082
:10DA60000000210000008210242186312421410879
:10DA70002108000000006529494A318497B501005A
:10DA8000010000002942D39C8E737FE781088D73CB
:10DA900074AD38C69FF7BFF7DFFFDFFFDFFFDFF7AB
:10DAA000BFF7BFF7BFF7BFF7BFF7BFF79FF79FEF0E
:10DAB0009FEF9FEF9FF7BFF7DFFFDFFFDFFFDFFF86
:10DAC000DFFFDFFFDFFFDFFF9FF77FEF7FEF7FEFFE
:10DAD0007FEF9FEF9FF7BFF7DFFFDFFFDFFFDFFF86
:10DAE000DFFFDFFFDFFFDFFFDFFFDFFFDFFFDFFF46
:10DAF000DFFFDFFFDFFFDFFFDFFFDFFFDFFFDFFF36
:10DB0000DFFFDFFFDFFFDFFFDFFFDFFFDFFFDFFF25
:10DB1000DFFFDFFFDFFFDFFFDFFFDFFFDFFFDFFF15
:10DB2000DFFFDFFFDFFFDFFFDFFFDFFFDFFFDFFF05
:10DB3000DFFFDFFFDFFFDFFFDFFFDFFFDFFFDFFFF5
:10DB4000DFFFDFFFDFFFDFFFDFFFDFFFDFFFDFFFE5
:10DB5000DFFFDFFFDFFFDFFFDFFFDFFFDFFFDFFFD5
:10DB6000DFFFDFFFDFFFDFFFDFFFDFFFDFFFDFFFC5
:10DB7000DFFFDFFFDFFFDFFFDFFFDFFFDFFFDFFFB5
:10DB8000DFFFDFFFDFFFDFFFDFFFDFFFDFFFDFFFA5
:10DB9000DFFFDFFFDFFFDFFFDFFFDFFFDFFFDFFF95
:10DBA000DFFFDFFFDFFFDFFFDFFFDFFFDFFFDFFF85
:10DBB000DFFFDFF7BFF79FEF7FEFBAD638C69FF7DB
:10DBC0009FEF7FEF9FEFBFF7BFF7BFF7BFF79FF75D
:10DBD0009FF79FF7D7BD9FEF9FEF9FEF9FF7A6316E
:10DBE00000002000000020006108BFF7DFF7C21826
:10DBF0004108000000004108000062102100000000
:10DC00002100210000000000AA527ACE6208000024
:10DC10002000000000000000318C7ACE00000000DF
:10DC20000000000096B5B29491942000C218484AB2
:10DC3000718C9FF7BFF7BFF7BFF7BFF7BFF7BFF70D
:10DC4000BFF79FF79FF7BFF7BFF7BFF7BFF79FEF8C
:10DC50009FEF9FF79FF7BFF7DFFFDFFFDFFFDFFFDC
:10DC6000DFFFDFFFBFF79FEF9FEF9FEF7FEF7FEFBC
:10DC70009FEF9FF7BFF7DFF7DFFFDFFFDFFFDFFF7C
:10DC8000DFFFDFFFDFFFDFFFDFFFDFFFDFFFDFFFA4
:10DC9000DFFFDFFFDFFFDFFFDFFFDFFFDFFFDFFF94
:10DCA000DFFFDFFFDFFFDFFFDFFFDFFFDFFFDFFF84
:10DCB000DFFFDFFFDFFFDFFFDFFFDFFFDFFFDFFF74
:10DCC000DFFFDFFFDFFFDFFFDFFFDFFFDFFFDFFF64
:10DCD000DFFFDFFFDFFFDFFFDFFFDFFFDFFFDFFF54
:10DCE000DFFFDFFFDFFFDFFFDFFFDFFFDFFFDFFF44
:10DCF000DFFFDFFFDFFFDFFFDFFFDFFFDFFFDFFF34
:10DD0000DFFFDFFFDFFFDFFFDFFFDFFFDFFFDFFF23
:10DD1000DFFFDFFFDFFFDFFFDFFFDFFFDFFFDFFF13
:10DD2000DFFFDFFFDFFFDFFFDFFFDFFFDFFFDFFF03
:10DD3000DFFFDFFFDFFFDFFFDFFFDFFFDFFFDFFFF3
:10DD4000DFFFDFFFDFFFDFFFDFFFDFFFDFFFDFFFE3
:10DD5000DFFF9FF79FEF7FEF7FEF3084BFF79FF7E5
:10DD60009FEF9FEFBFF7BFF7BFF7BFF7BFF79FF773
:10DD70009FF79FEF9FF79FEF9FEF4D6B0000E3181A
:10DD800000000000000000002C63DFF7200000000E
:10DD900000000000821000000000084200000000A7
:10DDA000200021000000084255AD0000410820007D
:10DDB0000000A31041082942F07B29420000000026
:10DDC0004108518C718CCE7BB29482104429BFF7EC
:10DDD000BFF79FF7BFF7BFF7BFF7BFF7BFF7BFF7B3
:10DDE000BFF7BFF7BFF7BFF7BFF7BFF79FEF9FF7CB
:10DDF000BFF7BFF7BFF7DFFFDFFFDFFFDFFFDFFFAB
:10DE0000DFF7BFF79FEF9FEF9FEF7FEF7FEF9FEF72
:10DE10009FF7BFF7BFF7DFFFDFFFDFFFDFFFDFFFAA
:10DE2000DFFFDFFFDFFFDFFFDFFFDFFFDFFFDFFF02
:10DE3000DFFFDFFFDFFFDFFFDFFFDFFFDFFFDFFFF2
:10DE4000DFFFDFFFDFFFDFFFDFFFDFFFDFFFDFFFE2
:10DE5000DFFFDFFFDFFFDFFFDFFFDFFFDFFFDFFFD2
:10DE6000DFFFDFFFDFFFDFFFDFFFDFFFDFFFDFFFC2
:10DE7000DFFFDFFFDFFFDFFFDFFFDFFFDFFFDFFFB2
:10DE8000DFFFDFFFDFFFDFFFDFFFDFFFDFFFDFFFA2
:10DE9000DFFFDFFFDFFFDFFFDFFFDFFFDFFFDFFF92
:10DEA000DFFFDFFFDFFFDFFFDFFFDFFFDFFFDFFF82
:10DEB000DFFFDFFFDFFFDFFFDFFFDFFFDFFFDFFF72
:10DEC000DFFFDFFFDFFFDFFFDFFFDFFFDFFFDFFF62
:10DED000DFFFDFFFDFFFDFFFDFFFDFFFDFFFDFFF52
:10DEE000DFFFDFFFDFFFDFFFDFFFDFFFDFFFDFFF42
:10DEF000BFF79FEF9FEF9FEF4100BFF7BFF7BFF75F
:10DF00009FF7BFF7BFF7BFF7BFF79FF79FF79FF7E1
:10DF1000BFF7EF7B8210000000002000000020000F
:10DF200020000000000000003184200000000000FC
:10DF3000000000000000A310CF7B0000410800009B
:10DF4000410882108A528210AA520000000000008C
:10DF50000000000008422D6BF7BD8A52000000004F
:10DF60000000AE732C63919461088210718CB2949E
:10DF70009FF79FF7BFF7BFF7BFF7BFF7BFF7BFF731
:10DF8000BFF7BFF7BFF7BFF7BFF7BFF7BFF7BFF7E1
:10DF9000BFF7BFF7BFF7DFFFDFFFDFFFDFFFBFF731
:10DFA0009FEF7FEF9FEF9FF79FEF7FEF7FEF9FEF59
:10DFB000BFF7BFF7BFF7DFF7DFFFDFFFDFFFDFFFF1
:10DFC000DFFFDFFFDFFFDFFFDFFFDFFFDFFFDFFF61
:10DFD000DFFFDFFFDFFFDFFFDFFFDFFFDFFFDFFF51
:10DFE000DFFFDFFFDFFFDFFFDFFFDFFFDFFFDFFF41
:10DFF000DFFFDFFFDFFFDFFFDFFFDFFFDFFFDFFF31
:10E00000DFFFDFFFDFFFDFFFDFFFDFFFDFFFDFFF20
:10E01000DFFFDFFFDFFFDFFFDFFFDFFFDFFFDFFF10
:10E02000DFFFDFFFDFFFDFFFDFFFDFFFDFFFDFFF00
:10E03000DFFFDFFFDFFFDFFFDFFFDFFFDFFFDFFFF0
:10E04000DFFFDFFFDFFFDFFFDFFFDFFFDFFFDFFFE0
:10E05000DFFFDFFFDFFFDFFFDFFFDFFFDFFFDFFFD0
:10E06000DFFFDFFFDFFFDFFFDFFFDFFFDFFFDFFFC0
:10E07000DFFFDFFFDFFFDFFFDFFFDFFFDFFFDFFFB0
:10E08000DFFFDFFFDFFFDFFFDFFFDFFFDFFFDFFFA0
:10E09000BFF7BFF7BFF7BFF72421400041080000DA
:10E0A0000000000041082000000000004108610855
:10E0B0000000000000000000000040080000000018
:10E0C0000000200000000000000000000000000030
:10E0D00000000000CC5A04210100000000000000F4
:10E0E0004108000075AD79CE494A000000000000EB
:10E0F00000004108484A9194B6B5000000000000B5
:10E100000100D07BEC6275AD4108C318BFF795AD37
:10E1100079CE9FEF9FF79FF79FF79FF7BFF7BFF766
:10E12000BFF7BFF7BFF7BFF7BFF7DFF7DFF7DFFFD7
:10E13000BFF7BFF7DFFFDFFFDFFFBFF79FEF7FEF27
:10E140007FEF9FEF9FF7BFF79FEF9FEF9FEFBFF727
:10E15000DFF7DFFFDFFFDFFFDFFFDFFFDFFFDFFFD7
:10E16000DFFFDFFFDFFFDFFFDFFFDFFFDFFFDFFFBF
:10E17000DFFFDFFFDFFFDFFFDFFFDFFFDFFFDFFFAF
:10E18000DFFFDFFFDFFFDFFFDFFFDFFFDFFFDFFF9F
:10E19000DFFFDFFFDFFFDFFFDFFFDFFFDFFFDFFF8F
:10E1A000DFFFDFFFDFFFDFFFDFFFDFFFDFFFDFFF7F
:10E1B000DFFFDFFFDFFFDFFFDFFFDFFFDFFFDFFF6F
:10E1C000DFFFDFFFDFFFDFFFDFFFDFFFDFFFDFFF5F
:10E1D000DFFFDFFFDFFFDFFFDFFFDFFFDFFFDFFF4F
:10E1E000DFFFDFFFDFFFDFFFDFFFDFFFDFFFDFFF3F
:10E1F000DFFFDFFFDFFFDFFFDFFFDFFFDFFFDFFF2F
:10E20000DFFFDFFFDFFFDFFFDFFFDFFFDFFFDFFF1E
:10E21000DFFFDFFFDFFFDFFFDFFFDFFFDFFFDFFF0E
:10E22000DFFFDFFFDFFFDFFFDFFFDFFFDFFFDFFFFE
:10E23000DFFFDFFFDFFF61080000200000000000BB
:10E2400000000000000020000000000000000000AE
:10E25000000000002000200020002000000000003E
:10E2600000000000000000000000000000000000AE
:10E27000000092948E73010000006108000000000D
:10E2800000002942410876B500000000200000008F
:10E290004108E6390742F6BD074260080000020067
:10E2A00090734E6BF7BD96B54108C739BFF70B6346
:10E2B00051847FEF7FEF9FEF9FEF9FEF9FF7BFF7B7
:10E2C000BFF7BFF7BFF7BFF7BFF7DFF7DFFFDFFF2E
:10E2D000DFFFDFFFDFFFDFFFBFF79FEF9FEF7FEF86
:10E2E0007FEF9FEFBFF7BFF7BFF7BFF7DFFFDFFF9E
:10E2F000DFFFDFFFDFFFDFFFDFFFDFFFDFFFDFFF2E
:10E30000DFFFDFFFDFFFDFFFDFFFDFFFDFFFDFFF1D
:10E31000DFFFDFFFDFFFDFFFDFFFDFFFDFFFDFFF0D
:10E32000DFFFDFFFDFFFDFFFDFFFDFFFDFFFDFFFFD
:10E33000DFFFDFFFDFFFDFFFDFFFDFFFDFFFDFFFED
:10E34000DFFFDFFFDFFFDFFFDFFFDFFFDFFFDFFFDD
:10E35000DFFFDFFFDFFFDFFFDFFFDFFFDFFFDFFFCD
:10E36000DFFFDFFFDFFFDFFFDFFFDFFFDFFFDFFFBD
:10E37000DFFFDFFFDFFFDFFFDFFFDFFFDFFFDFFFAD
:10E38000DFFFDFFFDFFFDFFFDFFFDFFFDFFFDFFF9D
:10E39000DFFFDFFFDFFFDFFFDFFFDFFFDFFFDFFF8D
:10E3A000DFFFDFFFDFFFDFFFDFFFDFFFDFFFDFFF7D
:10E3B000DFFFDFFFDFFFDFFFDFFFDFFFDFFFDFFF6D
:10E3C000DFFFDFFFDFFFDFFFDFFFDFFFDFFFDFFF5D
:10E3D000DFFF34A500002000000020000000000046
:10E3E00000000000E73900000000000000002000ED
:10E3F000000000000000410841080000000020006B
:10E4000000000000000000000000000001002100EA
:10E410004E6BEB5AA210000000000000000000004C
:10E4200029422842BFF70000000041080000821086
:10E43000C739B6B5518CCF7B000000000000E7392A
:10E44000E7396D6BBFF72000A310BFF7518CF39C29
:10E450007FEF7FEF7FEF9FEF9FEF9FEFBFF7BFF75C
:10E46000BFF7BFF7BFF7BFF7DFF7DFFFDFFFDFFF64
:10E47000DFFFDFFFBFF7BFF7BFF79FF77FEF7FEF4C
:10E480007FEF9FF7BFF7DFF7DFFFDFFFDFFFDFFF84
:10E49000DFFFDFFFDFFFDFFFDFFFDFFFDFFFDFFF8C
:10E4A000DFFFDFFFDFFFDFFFDFFFDFFFDFFFDFFF7C
:10E4B000DFFFDFFFDFFFDFFFDFFFDFFFDFFFDFFF6C
:10E4C000DFFFDFFFDFFFDFFFDFFFDFFFDFFFDFFF5C
:10E4D000DFFFDFFFDFFFDFFFDFFFDFFFDFFFDFFF4C
:10E4E000DFFFDFFFDFFFDFFFDFFFDFFFDFFFDFFF3C
:10E4F000DFFFDFFFDFFFDFFFDFFFDFFFDFFFDFFF2C
:10E50000DFFFDFFFDFFFDFFFDFFFDFFFDFFFDFFF1B
:10E51000DFFFDFFFDFFFDFFFDFFFDFFFDFFFDFFF0B
:10E52000DFFFDFFFDFFFDFFFDFFFDFFFDFFFDFFFFB
:10E53000DFFFDFFFDFFFDFFFDFFFDFFFDFFFDFFFEB
:10E54000DFFFDFFFDFFFDFFFDFFFDFFFDFFFDFFFDB
:10E55000DFFFDFFFDFFFDFFFDFFFDFFFDFFFDFFFCB
:10E56000DFFFDFFFDFFFDFFFDFFFDFFFDFFFDFFFBB
:10E5700024214008000020000000000000000000EE
:10E580002000C6390000000020000000000020002C
:10E5900045290000000000000000000020000000ED
:10E5A0004108000000000000000000000100E73901
:10E5B0004D6B8D7300000000000000000000CF7B59
:10E5C0003084D39C03190000000020000000494A59
:10E5D0000421AA5259CE0000000020000000718CD6
:10E5E0009294AE7382100000CF7BBFF7AA52AA525A
:10E5F0007FEF9FF7BFF7BFF79FF79FF7BFF7BFF713
:10E60000BFF7BFF7DFF7DFFFDFFFDFF7BFF7BFF7CA
:10E61000BFF79FF7BFF7DFF7DFF7BFF79FEF9FEF7A
:10E620009FEFBFF7DFFFDFFFDFFFDFFFDFFFDFFF72
:10E63000DFFFDFFFDFFFDFFFDFFFDFFFDFFFDFFFEA
:10E64000DFFFDFFFDFFFDFFFDFFFDFFFDFFFDFFFDA
:10E65000DFFFDFFFDFFFDFFFDFFFDFFFDFFFDFFFCA
:10E66000DFFFDFFFDFFFDFFFDFFFDFFFDFFFDFFFBA
:10E67000DFFFDFFFDFFFDFFFDFFFDFFFDFFFDFFFAA
:10E68000DFFFDFFFDFFFDFFFDFFFDFFFDFFFDFFF9A
:10E69000DFFFDFFFDFFFDFFFDFFFDFFFDFFFDFFF8A
:10E6A000DFFFDFFFDFFFDFFFDFFFDFFFDFFFDFFF7A
:10E6B000DFFFDFFFDFFFDFFFDFFFDFFFDFFFDFFF6A
:10E6C000DFFFDFFFDFFFDFFFDFFFDFFFDFFFDFFF5A
:10E6D000DFFFDFFFDFFFDFFFDFFFDFFFDFFFDFFF4A
:10E6E000DFFFDFFFDFFFDFFFDFFFDFFFDFFFDFFF3A
:10E6F000DFFFDFFFDFFFDFFFDFFFDFFFDFFFDFFF2A
:10E70000DFFFDFFFDFFFDFFFDFFFDFFFB6B58108E1
:10E710006108000000000000000000002000000070
:10E720000321000020008210200000008210200041
:10E730002000000000002000AA52DFFF00000D634F
:10E740000000000000000000000061080C6330843D
:10E75000D6BD232100000000000000000000494A4F
:10E76000494A9FEF200000000000000000006529DA
:10E7700096B559CE8631000000000000C6394D6BB9
:10E78000D39CDFFF00000000AF73F7BD9FEF45296A
:10E79000BFF7DFF7DFFFDFFFBFF79FF79FF7BFF799
:10E7A000BFF7DFFFDFFFDFFFBFF79FEF7FEF9FEFD9
:10E7B0009FEFBFF7DFF7DFF7BFF7BFF7BFF7BFF791
:10E7C000DFFFDFFFDFFFDFFFDFFFDFFFDFFFDFFF59
:10E7D000DFFFDFFFDFFFDFFFDFFFDFFFDFFFDFFF49
:10E7E000DFFFDFFFDFFFDFFFDFFFDFFFDFFFDFFF39
:10E7F000DFFFDFFFDFFFDFFFDFFFDFFFDFFFDFFF29
:10E80000DFFFDFFFDFFFDFFFDFFFDFFFDFFFDFFF18
:10E81000DFFFDFFFDFFFDFFFDFFFDFFFDFFFDFFF08
:10E82000DFFFDFFFDFFFDFFFDFFFDFFFDFFFDFFFF8
:10E83000DFFFDFFFDFFFDFFFDFFFDFFFDFFFDFFFE8
:10E84000DFFFDFFFDFFFDFFFDFFFDFFFDFFFDFFFD8
:10E85000DFFFDFFFDFFFDFFFDFFFDFFFDFFFDFFFC8
:10E86000DFFFDFFFDFFFDFFFDFFFDFFFDFFFDFFFB8
:10E87000DFFFDFFFDFFFDFFFDFFFDFFFDFFFDFFFA8
:10E88000DFFFDFFFDFFFDFFFDFFFDFFFDFFFDFFF98
:10E89000DFFFDFFFDFFFDFFFDFFFDFFFDFFFDFFF88
:10E8A000DFFFDFFFDFFFDFFFF49C000040082000F8
:10E8B000AA52A21041080000000000004008000019
:10E8C000000000000000610820002000C5390000A1
:10E8D000200040080000518CDFFF0100528C4108ED
:10E8E000200000000000000040080B63B194BFF757
:10E8F000484A00000000000000000000EB5A8A5265
:10E90000B6B520000000200000004108BFF7AA5261
:10E91000EF7B718C00002000A2108210EB5A8A520B
:10E920008E73A631000041080F7C03199FEF5184BC
:10E93000DFF7DFFFDFFFDFFFBFF79FF79FF7BFF7CF
:10E94000BFF7BFF7BFF79FF79FEF7FEF7FEF9FF70F
:10E95000BFF7BFF7DFF7DFFFDFFFDFFFDFFFDFFF1F
:10E96000DFFFDFFFDFFFDFFFDFFFDFFFDFFFDFFFB7
:10E97000DFFFDFFFDFFFDFFFDFFFDFFFDFFFDFFFA7
:10E98000DFFFDFFFDFFFDFFFDFFFDFFFDFFFDFFF97
:10E99000DFFFDFFFDFFFDFFFDFFFDFFFDFFFDFFF87
:10E9A000DFFFDFFFDFFFDFFFDFFFDFFFDFFFDFFF77
:10E9B000DFFFDFFFDFFFDFFFDFFFDFFFDFFFDFFF67
:10E9C000DFFFDFFFDFFFDFFFDFFFDFFFDFFFDFFF57
:10E9D000DFFFDFFFDFFFDFFFDFFFDFFFDFFFDFFF47
:10E9E000DFFFDFFFDFFFDFFFDFFFDFFFDFFFDFFF37
:10E9F000DFFFDFFFDFFFDFFFDFFFDFFFDFFFDFFF27
:10EA0000DFFFDFFFDFFFDFFFDFFFDFFFDFFFDFFF16
:10EA1000DFFFDFFFDFFFDFFFDFFFDFFFDFFFDFFF06
:10EA2000DFFFDFFFDFFFDFFFDFFFDFFFDFFFDFFFF6
:10EA3000DFFFDFFFDFFFDFFFDFFFDFFFDFFFDFFFE6
:10EA4000DFFFDFFFDFFF294A200000000000AA529D
:10EA500000004108000000004008000020004008BD
:10EA600000002000000000000000232100006008DA
:10EA7000000000002108DFFFDFFF4E6B40000000B8
:10EA800000002000000000008952E63974AD919426
:10EA900000000000000000000000929475AD99D6BF
:10EAA00003210000000000000000494A494A6D6B44
:10EAB00096B500000000000000008A522C636D6BC8
:10EAC000B29400000000CE73CE73918C6629BFF71C
:10EAD000DFFFDFFFDFFFBFF79FF79FF79FF7BFF76E
:10EAE000BFF7BFF7BFF79FF79FEF9FEF9FF7BFF706
:10EAF000DFF7DFFFDFFFDFFFDFFFDFFFDFFFDFFF2E
:10EB0000DFFFDFFFDFFFDFFFDFFFDFFFDFFFDFFF15
:10EB1000DFFFDFFFDFFFDFFFDFFFDFFFDFFFDFFF05
:10EB2000DFFFDFFFDFFFDFFFDFFFDFFFDFFFDFFFF5
:10EB3000DFFFDFFFDFFFDFFFDFFFDFFFDFFFDFFFE5
:10EB4000DFFFDFFFDFFFDFFFDFFFDFFFDFFFDFFFD5
:10EB5000DFFFDFFFDFFFDFFFDFFFDFFFDFFFDFFFC5
:10EB6000DFFFDFFFDFFFDFFFDFFFDFFFDFFFDFFFB5
:10EB7000DFFFDFFFDFFFDFFFDFFFDFFFDFFFDFFFA5
:10EB8000DFFFDFFFDFFFDFFFDFFFDFFFDFFFDFFF95
:10EB9000DFFFDFFFDFFFDFFFDFFFDFFFDFFFDFFF85
:10EBA000DFFFDFFFDFFFDFFFDFFFDFFFDFFFDFFF75
:10EBB000DFFFDFFFDFFFDFFFDFFFDFFFDFFFDFFF65
:10EBC000DFFFDFFFDFFFDFFFDFFFDFFFDFFFDFFF55
:10EBD000DFFFDFFFDFFFDFFFDFFFDFFFDFFFDFFF45
:10EBE000DFFFDFFFA31821080000400840080000F5
:10EBF00000000000000000008D7300000000000015
:10EC00002000000041080000674A23212000200066
:10EC1000200000004208DFFF2E63242100000000D6
:10EC2000400800000000484AB294CE7B99D600000C
:10EC30000000210000000000E3186D6B484A75AD2C
:10EC400020004108000000008E73694ACF7B14A5A4
:10EC5000C3180000000000002000494A14A5BFF7B7
:10EC600020002100CE739FF7D2949FEF39C6DFFFBB
:10EC7000DFFFBFF79FF79FEF9FF7BFF7BFF7BFF724
:10EC8000BFF7BFF7DFFFDFF7BFF7BFF7DFFFDFFF3C
:10EC9000DFFFDFFFDFFFDFFFDFFFDFFFDFFFDFFF84
:10ECA000DFFFDFFFDFFFDFFFDFFFDFFFDFFFDFFF74
:10ECB000DFFFDFFFDFFFDFFFDFFFDFFFDFFFDFFF64
:10ECC000DFFFDFFFDFFFDFFFDFFFDFFFDFFFDFFF54
:10ECD000DFFFDFFFDFFFDFFFDFFFDFFFDFFFDFFF44
:10ECE000DFFFDFFFDFFFDFFFDFFFDFFFDFFFDFFF34
:10ECF000DFFFDFFFDFFFDFFFDFFFDFFFDFFFDFFF24
:10ED0000DFFFDFFFDFFFDFFFDFFFDFFFDFFFDFFF13
:10ED1000DFFFDFFFDFFFDFFFDFFFDFFFDFFFDFFF03
:10ED2000DFFFDFFFDFFFDFFFDFFFDFFFDFFFDFFFF3
:10ED3000DFFFDFFFDFFFDFFFDFFFDFFFDFFFDFFFE3
:10ED4000DFFFDFFFDFFFDFFFDFFFDFFFDFFFDFFFD3
:10ED5000DFFFDFFFDFFFDFFFDFFFDFFFDFFFDFFFC3
:10ED6000DFFFDFFFDFFFDFFFDFFFDFFFDFFFDFFFB3
:10ED7000DFFFDFFFDFFFDFFFDFFFDFFFDFFFDFFFA3
:10ED800079CE042100000000484A00002000000065
:10ED90000000000020008D73400000000000000013
:10EDA000200000000000400060082000000000007B
:10EDB000000000000100528CAF7300000000200032
:10EDC00020000000694A8E7313A579CE0000200050
:10EDD000000000000000C3186D6BCA5ABFF70000A6
:10EDE0000000200020000000CB5A108459CE7FEF95
:10EDF0002000200020000000C3182C638E732D63B8
:10EE00000000894A894A9FF728426A4ABFF7BFF73C
:10EE1000BFF79FF79FF7BFF7DFFFDFFFBFF7BFF732
:10EE2000BFF7DFFFDFFFDFFFDFFFDFFFDFFFDFFF1A
:10EE3000DFFFDFFFDFFFDFFFDFFFDFFFDFFFDFFFE2
:10EE4000DFFFDFFFDFFFDFFFDFFFDFFFDFFFDFFFD2
:10EE5000DFFFDFFFDFFFDFFFDFFFDFFFDFFFDFFFC2
:10EE6000DFFFDFFFDFFFDFFFDFFFDFFFDFFFDFFFB2
:10EE7000DFFFDFFFDFFFDFFFDFFFDFFFDFFFDFFFA2
:10EE8000DFFFDFFFDFFFDFFFDFFFDFFFDFFFDFFF92
:10EE9000DFFFDFFFDFFFDFFFDFFFDFFFDFFFDFFF82
:10EEA000DFFFDFFFDFFFDFFFDFFFDFFFDFFFDFFF72
:10EEB000DFFFDFFFDFFFDFFFDFFFDFFFDFFFDFFF62
:10EEC000DFFFDFFFDFFFDFFFDFFFDFFFDFFFDFFF52
:10EED000DFFFDFFFDFFFDFFFDFFFDFFFDFFFDFFF42
:10EEE000DFFFDFFFDFFFDFFFDFFFDFFFDFFFDFFF32
:10EEF000DFFFDFFFDFFFDFFFDFFFDFFFDFFFDFFF22
:10EF0000DFFFDFFFDFFFDFFFDFFFDFFFDFFFDFFF11
:10EF1000DFFFDFFFDFFFDFFFDFFFDFFFDFFFEF7B75
:10EF2000000000000000CA5A20000000000000009D
:10EF300000000000073A2000400000000000000030
:10EF4000000082108952694A000000006108A31085
:10EF500000006208C839B49405212100A2102000E5
:10EF60000000494A08428631BFF74108000000000E
:10EF700000000000000096B55084F29CE7390000C4
:10EF80000000000000004108EB5A75AD7FEF1084CF
:10EF90000000400820000000B29414A5DFFF6A5270
:10EFA0000000EF7B4C63D7BD9FF76E6BBFF7BFF7D9
:10EFB000BFF7BFF7BFF7DFFFDFFFBFF79FF7BFF771
:10EFC000DFFFDFFFDFFFDFFFDFFFDFFFDFFFDFFF51
:10EFD000DFFFDFFFDFFFDFFFDFFFDFFFDFFFDFFF41
:10EFE000DFFFDFFFDFFFDFFFDFFFDFFFDFFFDFFF31
:10EFF000DFFFDFFFDFFFDFFFDFFFDFFFDFFFDFFF21
:10F00000DFFFDFFFDFFFDFFFDFFFDFFFDFFFDFFF10
:10F01000DFFFDFFFDFFFDFFFDFFFDFFFDFFFDFFF00
:10F02000DFFFDFFFDFFFDFFFDFFFDFFFDFFFDFFFF0
:10F03000DFFFDFFFDFFFDFFFDFFFDFFFDFFFDFFFE0
:10F04000DFFFDFFFDFFFDFFFDFFFDFFFDFFFDFFFD0
:10F05000DFFFDFFFDFFFDFFFDFFFDFFFDFFFDFFFC0
:10F06000DFFFDFFFDFFFDFFFDFFFDFFFDFFFDFFFB0
:10F07000DFFFDFFFDFFFDFFFDFFFDFFFDFFFDFFFA0
:10F08000DFFFDFFFDFFFDFFFDFFFDFFFDFFFDFFF90
:10F09000DFFFDFFFDFFFDFFFDFFFDFFFDFFFDFFF80
:10F0A000DFFFDFFFDFFFDFFFDFFFDFFFDFFFDFFF70
:10F0B000DFFFDFFFDFFFDFFFDFFFDFFFF39C00008D
:10F0C000821000004C6B200000008108200000002E
:10F0D0000000894A85290000000040080000000067
:10F0E0000000E3184C6B81100000000000002100BC
:10F0F00000000D6377B5A4180100E8390000E3189B
:10F10000084296B56E734E6B452900004108000019
:10F1100000004108A631F39CD29C518C41080000AC
:10F120000000000008422842CF7BF39C38C6000054
:10F13000A21045290000AE737294D7BD76B5400089
:10F140006D6B50849FF7F8BD09429AD6DFFFDFF759
:10F15000BFF7BFF7DFFFDFFFBFF79FF7BFF7DFFFA7
:10F16000DFFFDFFFDFFFDFFFDFFFDFFFDFFFDFFFAF
:10F17000DFFFDFFFDFFFDFFFDFFFDFFFDFFFDFFF9F
:10F18000DFFFDFFFDFFFDFFFDFFFDFFFDFFFDFFF8F
:10F19000DFFFDFFFDFFFDFFFDFFFDFFFDFFFDFFF7F
:10F1A000DFFFDFFFDFFFDFFFDFFFDFFFDFFFDFFF6F
:10F1B000DFFFDFFFDFFFDFFFDFFFDFFFDFFFDFFF5F
:10F1C000DFFFDFFFDFFFDFFF0100020004000600BA
:10F1D00008000A000C001000200040008000000120
:10F1E00001010103070100000804020408010101F4
:10F1F00000000000000000000102030406070809E7
:10F200000000000001020304DDDDDDDDDCBBBBDD51
:10F21000DDDDDDDDDDDDDDDD9888888888888888B6
:10F2200077777777778888888555555666666666D6
:10F2300066666666666888888333333222222222B5
:10F24000222222222228888D68F201080000002054
:10F25000B40000002C6300081CF30108B400002077
:10F26000640E00003C630008000000000000000085
:10F2700010000000010000000024F4000000000065
:10F2800000000000C169000801000000000000004B
:10F29000A56700080500000000000000796500086F
:10F2A0006400000000000000016D0008E803000099
:10F2B000000000004D630008640000000000000032
:10F2C0000000000000000000FF000000000000003F
:10F2D000000000007A000020000000000000FFFF96
:10F2E0000000E80388130000000000000000000098
:10F2F000000000000000000000000000000000000E
:10F3000000000000000000000000000000000000FD
:0CF31000000000000000000000000000F1
:04000005080001D915
:00000001FF
