:020000040800F2
:10000000F00B0020ED010008794B0008BB40000810
:10001000754B0008D1090008D568000800000000F1
:10002000000000000000000000000000094F000870
:10003000BD0A0008000000007D4B00080B4F0008BF
:10004000070200080702000807020008070200086C
:10005000070200080702000807020008070200085C
:10006000070200080702000807020008D509000877
:10007000E5090008F5090008050A0008070200085C
:1000800007020008000000009D07000807020008A2
:10009000070200080702000807020008070200081C
:1000A000070200080702000807020008070200080C
:1000B00007020008070200080702000807020008FC
:1000C00007020008070200080702000807020008EC
:1000D00007020008A56800080702000807020008D8
:1000E00007020008070200080702000807020008CC
:1000F00007020008070200080702000800000000CD
:1001000000000000070200080000000007020008CD
:1001100007020008000000000702000807020008AC
:10012000070200080702000807020008070200088B
:10013000070200080000000000000000070200089D
:10014000070200080702000800000000000000008D
:10015000000000000000000000000000000000009F
:10016000000000000000000000000000070200087E
:10017000070200080000000000000000000000006E
:10018000000000000702000800000000000000005E
:10019000000000000000000000000000000000005F
:1001A000000000000000000007020008070200082D
:1001B000070200080702000807020008000000000C
:1001C000000000000702000800000000000000001E
:1001D0000702000807020008DFF80CD000F05CFA04
:1001E00000480047757A0008F00B00200648804759
:1001F00006480047FEE7FEE7FEE7FEE7FEE7FEE70C
:10020000FEE7FEE7FEE7FEE77D4F0008D9010008A4
:100210002DE9F05F0546002092469B46884606463B
:10022000814640241BE0284641464746224600F0CE
:100230006AF853465A46C01A914110D311461846DF
:10024000224600F051F82D1A67EB01084F4622466E
:100250000120002100F048F817EB00094E41201E54
:10026000A4F10104DFDC484631462A464346BDE896
:10027000F09FD2B201E000F8012B491EFBD270477B
:100280000022F6E710B513460A4604461946FFF762
:10029000F0FF204610BD00F0004230F000400AD0D0
:1002A000C10D01F56071C0F3160042EA0151C208A8
:1002B00040071143704700200146704730B50B4698
:1002C000014600202022012409E021FA02F59D4286
:1002D00005D303FA02F5491B04FA02F52844151E5A
:1002E000A2F10102F1DC30BD202A04DB203A00FA41
:1002F00002F1002070479140C2F1200320FA03F37D
:10030000194390407047202A04DB203A21FA02F07A
:100310000021704721FA02F3D040C2F1200291403F
:100320000843194670472DE9FE4F804681EA0300D5
:10033000C00F0C46009021F0004123F00045B8EBBF
:100340000200A94105D24046214690461C460B4674
:10035000024623F00040104347D0270DC7F30A00A0
:10036000C3F30A510290401A019040286BDAC3F39C
:10037000130040F4801B0098924620B10023D2EB7A
:10038000030A63EB0B0B01985946C0F1400250463B
:10039000FFF7AAFF06460D4650465946019A00F05F
:1003A0008DF910EB08006141002487EA115284EABC
:1003B000E7731A4340D0009A62B3019A012A4FEAC8
:1003C000075215DC001B61EB02014FF0004202EA0C
:1003D0000752CDE90042001C41F5801132462B4600
:1003E00000F08DF903B0BDE8F08F40462146F9E7F3
:1003F000001B61EB0201001C41F5801300185B41FA
:100400002018A2F5001747EB030140EAD570B61992
:100410006D4111E06D084FEA360645EAC0754FEAB6
:100420000752001B61EB0201001C41F580114908D5
:100430004FEA30000019514132462B4603B0BDE867
:10044000F04F00F04DB90098012240000023D0EB9E
:10045000020263EBE073009821464FEAE074B8EBC8
:10046000000061EB0401E9E783F000435BE781F002
:10047000004158E72DE9FE4F81EA030404F00044EF
:1004800021F0004100944FF0000B23F0004350EAAC
:1004900001045ED052EA03045BD0C3F30A54C1F3F3
:1004A0000A552C44A4F2F3340194A0FB0254C1F386
:1004B000130141F48011C3F3130343F4801301FBD0
:1004C000024400FB034E840A970A44EA815447EA37
:1004D0008357A4FB076802958D0A05FB07854FEA41
:1004E000932C04FB0C542705029D4FEA065847EA5B
:1004F0001637B5EB08056EEB070C870E920E47EA30
:10050000811742EA8312A7FB0201B6EB0B0164EBF1
:1005100000042B0D43EA0C335E1844EB1C50DA4602
:100520005146E7FB0201C5F313044FEA0B3343EADC
:1005300014534FEA0432019C43EA0603A4F10C046D
:100540000294009CCDE900B400F0D9F803B0BDE8F6
:10055000F08F00200146F9E72DE9F04D81EA030410
:1005600004F0004B21F0004514464FF0000A23F040
:10057000004150EA050220D054EA01021DD0C5F323
:100580000A570246C5F31303C1F31300C1F30A5619
:1005900040F4801543F48013A7EB0608101BD646E1
:1005A00008F2FD3873EB050002D308F1010801E001
:1005B00092185B41B8F1000F03DA00200146BDE854
:1005C000F08D00204FF48011064684460EE0171B84
:1005D00073EB050705D3121B63EB050306434CEAD7
:1005E000010C49084FEA300092185B4150EA0107BC
:1005F000EDD152EA030012D082EA040083EA050139
:10060000084305D0101BAB4106D20122002306E0AF
:1006100000224FF0004302E06FF0010253101AEB8A
:1006200006004CEB085110EB0A0041EB0B01BDE852
:10063000F04D00F055B8C1F30A52C1F3130140F276
:10064000FF3341F480119A4202DA002001467047DC
:1006500040F233439A42A2F2334202DC5242FFF7A5
:1006600052BEFFF741BE000030B5041E71F1000418
:1006700004DB4FF00044404264EB0101141E73F1AF
:10068000000405DB1C464FF00043524263EB0403B9
:10069000994208BF904230BD064C074D06E0E06825
:1006A00040F0010394E8070098471034AC42F6D3B9
:1006B000FFF796FD048F0008248F0008202A06DB30
:1006C000CB17203A41FA02F043EAE07306E041FA20
:1006D00002F3D040C2F1200291400843194670470E
:1006E00010B5141E73F1000408DA401C41F100013A
:1006F00092185B411A4301D120F0010010BD2DE991
:10070000F04D92469B4611B1B1FA81F202E0B0FA87
:1007100080F220329046FFF7E7FD04460F4640EA9C
:100720000A0041EA0B0153465A46084313D01146CA
:1007300053EA010019D0C8F140025046FFF7E3FD2B
:1007400005460E46504659464246FFF7CDFD084342
:1007500005D0012004E020463946BDE8F08D002098
:10076000054346EAE0762C4337430A986305E40ADA
:10077000A0EB08000022FD0A44EA47540A3002D5E3
:1007800000200146E9E7010510196941DDE9084546
:1007900000196941BDE8F04DA2E7000010B503481B
:1007A00000F00CFD024800F009FD10BDD000002053
:1007B0003C01002070B50546AC6AE06D00F05000C9
:1007C00098BBE06D40F40070E0652068006800F0C0
:1007D0000800A8B1206803F000FF10B32068C068CB
:1007E00000F40050E8B9E06D20F48070E065E06D41
:1007F00000F48050A8B9E06D40F00100E06510E021
:100800002068C06800F0020058B9E06D20F48070E4
:10081000E065E06D00F4805018B9E06D40F0010033
:10082000E065204600F0C6FC0CE0FFE7E06D00F05C
:10083000100018B1204600F0BFFC03E0606D416B72
:100840002846884770BD70B50546AC6AE06D40F03B
:100850004000E065206E40F004002066204600F075
:10086000ABFC70BD70B50446A56A284600F0A3FC39
:1008700070BD000070B50446206803F090FE064687
:10088000206803F091FE98B396BB2068806800F062
:100890000D0001280AD1206881681A4A1140891C7C
:1008A000816000BF03202168086009E0E06D40F02E
:1008B0001000E065206E40F001002066012070BD50
:1008C00001F088FB054614E001F084FB401B022880
:1008D0000FD92068806800F0010050B1E06D40F051
:1008E0001000E065206E40F0010020660120E6E780
:1008F00005E02068806800F001000028E4D10020B5
:10090000DDE70000C0FFFF7F38B5044600200090FF
:10091000206803F049FE00284FD1206880682849EC
:10092000084048B1E06D40F01000E065206E40F0F6
:1009300001002066012038BD206803F015FE00BFCD
:100940002048806800F0E07000F4000080B11E488C
:1009500000681E49B0FBF1F0401C00EB4000800035
:10096000009002E00098401E009000980028F9D105
:1009700001F030FB05461AE0206803F015FE10B9BF
:10098000206803F0F1FD01F025FB401B02280ED981
:100990002068006800F0010048B9E06D40F01000E8
:1009A000E065206E40F0010020660120C3E720686A
:1009B000006800F001000028DED00020BBE7000046
:1009C0003F0000800003005010000020400D030095
:1009D00000BFFEE710B5024801F0ABF810BD000003
:1009E000F404002010B5024801F0A3F810BD000087
:1009F000A801002010B5024801F09BF810BD0000CE
:100A00000802002010B5024801F093F810BD000064
:100A10000003002030B50E4D0468AC4201D20D49F0
:100A200001E00C4920310B460478083C1425B4FB46
:100A3000F5F2446CA40803EB84048464054C803410
:100A4000C46402F01F050124AC40046530BD000001
:100A5000080402400008024001794A1E064B03EBDD
:100A600082024265044A403282654A1E02F01F0338
:100A700001229A40C26570470009024030B5D0E9B2
:100A800013546C60446D14B1D0E916546C6090F846
:100A9000444004F01F050124AC40056C6C60046800
:100AA00063608468102C04D10468A2600468E1606B
:100AB00003E00468A1600468E26030BD7047002173
:100AC00009E0002201E0531C9AB240F6B8339A4282
:100AD000F9DB4B1C99B28142F3DB704772B600BF61
:100AE000FEE70000F8B504460D460020009000BF68
:100AF00094F85800012801D10220F8BD012084F8A3
:100B0000580000BF2046FFF7B5FE06468EBBE06DDD
:100B100020F4885040F00200E065206881681B4A9C
:100B2000114005F0804242F000421143816000BF55
:100B300013E00098401C00901549009888420CD39F
:100B4000E06D20F0020040F01000E06500BF0020E2
:100B500084F8580000BF0120CFE720688168C90FE2
:100B60000029E6D1E06D20F0020040F00100E065D0
:100B700004E0FFE7E06D40F01000E06500BF0020FA
:100B800084F8580000BF3046B7E70000C0FFFF3FC1
:100B900002DE0400704770477047704770470000DE
:100BA0002DE9F0439BB004460E464FF00008306834
:100BB00000B100BF00BF94F85800012803D1022003
:100BC0001BB0BDE8F083012084F8580000BF00206E
:100BD000179018902068B0F1A04F02D131480090D2
:100BE00001E000200090009850B9E06D40F0200036
:100BF000E06500BF002084F8580000BF0120DFE757
:100C0000009803F0E5FC0746206803F0E1FCD8BB40
:100C1000D7BB254D306800B394F83800716841EABD
:100C20004030A96821F460410843A8604FF0A0401B
:100C300003F0BFFC81461B4803F0BBFC49EA0009F6
:100C4000B9F1000F27D1B16830680843A96840F6B0
:100C50001F7291430843A8601DE0A86820F460401B
:100C6000A8604FF0A04003F0A4FC81460D4803F0BB
:100C7000A0FC49EA0009B9F1000F0CD1A86840F6C0
:100C80001F718843A86006E0FFE7E06D40F0200098
:100C9000E0654FF0010800BF002084F8580000BF55
:100CA00040468DE700010050000300502DE9F84F49
:100CB00005460C464FF0000A00200090FE49E0680F
:100CC000884200D000E000BF00BF95F8580001281E
:100CD00002D10220BDE8F88F012085F8580000BF3E
:100CE000286803F070FC00287DD12968D4E9002031
:100CF00001F1300CC0F3012B0CEB8B03D3F800C0D7
:100D000000F01F0E4FF01F0B0BFA0EFB2CEA0B0C22
:100D100000F01F0BC2F3846E0EFA0BFE4CEA0E0CB1
:100D2000C3F800C000BF286803F04DFC8146286866
:100D300003F030FC8046B9F1000F64D1B8F1000F28
:100D4000FBD1A068B0F1004F0AD1216800222868C9
:100D500003F054FC4FF00041286803F074FC08E0F5
:100D6000A2682168286803F049FC0021286803F084
:100D70006AFC60692968C968C1F3C101490000FAC9
:100D800001F7206904283FD028682268216900F112
:100D9000600C0CEB8103D3F800C0DFF820B30CEA41
:100DA0000B0C02F0F84B4BF0004B4BEA070B4CEAF4
:100DB0000B0CC3F800C000BF2868A269216900F1CC
:100DC000600C0CEB8103D3F800C02CF0807C4CEA63
:100DD000020CC3F800C000BF2868227F2169012AE5
:100DE00002D1520601E0C6E10022134600F1600C78
:100DF0000CEB8102D2F800C02CF0007C4CEA030C12
:100E0000C2F800C000BFA7E00021286803F0B9FBCA
:100E1000C0F3120030B90021286803F0B2FBC0F320
:100E2000846007E00021286803F0ABFB90FAA0F093
:100E3000B0FA80F02168C1F3120119B92168C1F339
:100E4000846104E0216891FAA1F1B1FA81F188424C
:100E500004D100221146286803F0EAFB012128682A
:100E600003F08FFBC0F3120030B90121286803F0B2
:100E700088FBC0F3846007E00121286803F081FB50
:100E800090FAA0F0B0FA80F02168C1F3120119B90C
:100E90002168C1F3846104E0216891FAA1F1B1FAFB
:100EA00081F1884204D100220121286803F0C0FBAF
:100EB0000221286803F065FBC0F3120030B902215B
:100EC000286803F05EFBC0F3846007E00221286815
:100ED00003F057FB90FAA0F0B0FA80F02168C1F35C
:100EE000120119B92168C1F3846104E0216891FA03
:100EF000A1F1B1FA81F1884204D1002202212868CF
:100F000003F096FB0321286803F03BFBC0F31200BB
:100F100030B90321286803F034FBC0F3846007E094
:100F20000321286803F02DFB90FAA0F0B0FA80F0BE
:100F30002168C1F3120119B92168C1F3846104E089
:100F4000216891FAA1F1B1FA81F1884204D100221D
:100F50000321286803F06CFB286803F025FB0028B8
:100F600072D12868E2682168D0F8B030C1F3120C61
:100F700023EA0C0302F0180BDFF844C12CFA0BFC37
:100F80000CEA010C43EA0C03C0F8B03000BF4A4938
:100F9000E068884258D12368C3F312031BB9236861
:100FA000C3F3846304E0236893FAA3F3B3FA83F3EF
:100FB0005B1C03F01F03092B3ED82368C3F3120305
:100FC0001BB92368C3F3846304E0236893FAA3F393
:100FD000B3FA83F35B1C03F01F034FF0010C0CFA10
:100FE00003FC2368C3F312031BB92368C3F38463B0
:100FF00004E0236893FAA3F3B3FA83F35B1C03F0D2
:101000001F034CEA836C2368C3F312031BB92368E4
:10101000C3F3846304E0236893FAA3F3B3FA83F37E
:101020005B1C03F01F0303EB43034FF0000B4BEA81
:1010300003534CEA030347E02368C3F3120323B9C5
:101040002368C3F3846305E043E0236893FAA3F3C2
:10105000B3FA83F35B1C03F01F034FF0010C0CFA8F
:1010600003FC2368C3F312031BB92368C3F384632F
:1010700004E0236893FAA3F3B3FA83F35B1C03F051
:101080001F034CEA836C2368C3F312031BB9236864
:10109000C3F3846304E0236893FAA3F3B3FA83F3FE
:1010A0005B1C03F01F030A3B03EB43034FF0007B81
:1010B0004BEA035306E0000000007F4000F0FF030E
:1010C000FFFF07004CEA03031946A268286803F0F3
:1010D00095FA2F492068084050B300BF2D4880681A
:1010E00000F0E07600BF2C492068884203D02B49ED
:1010F000206888421DD106F40000D0B92868B0F1FC
:10110000A04F3ED146F40001224803F08BFA244858
:1011100000682449B0FBF1F0401C00EB4000800067
:10112000009002E00098401E009000980028F9D13D
:1011300027E01D49206888420CD106F0807048B92C
:101140001A49286888421CD046F08071114803F083
:1011500069FA16E016492068884212D106F4800028
:1011600078B91249286888420BD046F480010948B2
:1011700003F058FA05E0E86D40F02000E8654FF014
:10118000010A00BF002085F8580000BF5046A1E5C5
:101190000000088000030050000021C31000C09030
:1011A00010000020400D0300000052C70001005055
:1011B000000084CB70477047704700002DE9F84F5E
:1011C0000446002000902068056820684668C548ED
:1011D00003F0D2F9074605F00200022811D106F00B
:1011E000020002280DD1E06D00F0100018B9E06D8A
:1011F00040F40060E0652046FFF7CCFC0220216847
:10120000086005F00400042803D106F00400042857
:1012100007D005F0080008285FD106F0080008286C
:101220005BD1E06D00F0100018B9E06D40F4007083
:10123000E065206803F0D1F9002848D0AA49206869
:10124000884202D14FF0A04000E020682168884227
:1012500004D01FB1052F01D0092F03D12068D0F889
:101260000C800AE0A0492068884202D14FF0A040DB
:1012700000E020688346DBF80C8008F40050B0F5ED
:10128000005F24D02068006800F0080008281ED104
:10129000206803F098F990B92068406820F00C00AD
:1012A00021684860E06D20F48070E065E06D00F436
:1012B000805060B9E06D40F00100E06507E0E06D4E
:1012C00040F01000E065206E40F0010020662046EE
:1012D000FFF770FF0C202168086005F0200020282F
:1012E00003D106F02000202807D005F04000402858
:1012F00072D106F0400040286ED1E06D00F0100081
:1013000018B9E06D40F40050E0652068C16C01F44C
:10131000C07109B9012100E000218A4600BF2068A0
:1013200003F05BF9814670492068884202D14FF092
:10133000A04000E020682168884204D01FB1062F39
:1013400001D0072F03D12068D0F80C800AE066494D
:101350002068884202D14FF0A04000E02068834618
:10136000DBF80C80BAF1000F30D008F0007028B123
:10137000B9F1000F2AD008F4005038BB206800688B
:1013800000F04000402821D108F40010F0B9206896
:1013900003F000F990B92068406820F060002168EF
:1013A0004860E06D20F48050E065E06D00F48070EE
:1013B00060B9E06D40F00100E06507E0E06D40F0ED
:1013C0001000E065206E40F0010020662046FFF727
:1013D000E2FB60202168086005F0800080280DD1C4
:1013E00006F08000802809D1E06D40F48030E0658F
:1013F000204600F0A9F980202168086005F480707B
:10140000B0F5807F0FD106F48070B0F5807F0AD1EF
:10141000E06D40F40030E0652046FFF7BEFB4FF47E
:1014200080702168086005F40070B0F5007F0FD16E
:1014300006F40070B0F5007F0AD1E06D40F4802022
:10144000E0652046FFF7AAFB4FF4007021680860B2
:1014500005F0100010282AD106F01000102826D11F
:10146000E06B10B90120009010E047B100BF1D48AB
:10147000806800F4604048B10120009006E02068D8
:10148000C06800F0010008B1012000900098012818
:101490000AD1E06D40F48060E065206E40F002000B
:1014A00020662046FFF788FE10202168086005F4BA
:1014B0008060B0F5806F13D106F48060B0F5806F66
:1014C0000ED1E06D40F48040E065206E40F00800F1
:1014D00020664FF48060216808602046FFF75CFBBF
:1014E000BDE8F88F00030050000100502DE9F843DB
:1014F00004464FF000080020009014B90120BDE818
:10150000F883606920B194F82400012800D100BF5D
:10151000E06D30B9204600F019F90020206684F80B
:10152000580020688168C1F3407131B1206881683A
:101530007E4A1140816000BF00BF206803F03EF882
:10154000B0B9206881687A4A114041F080518160C9
:1015500000BF784800687849B0FBF1F0401C4000BB
:10156000009002E00098401E009000980028F9D1F9
:10157000206803F023F848B9E06D40F01000E06502
:10158000206E40F0010020664FF00108206803F053
:101590001AF80646E06D00F01000002877D1002E02
:1015A000FCD1E06D20F4807040F00200E06520681E
:1015B00002F0FAFFB0B94FF0A04002F0F5FF81460B
:1015C0005E4802F0F1FF49EA0009B9F1000F09D1C4
:1015D00060685B49896821F47C110143584A916035
:1015E00000BF00BF607FE16B41EA4030E168084323
:1015F000A168084394F8241040EA014594F82400B7
:10160000012803D1208D401E45EA4045E06A28B1FB
:10161000A08D00F47870216B084305432068C068F2
:101620004849084028432168C8602068006920F0C4
:101630004060616B084321680861206802F0AAFFDE
:101640000746002E50D1EFBB207F002141EA8031B8
:1016500094F8380041EA40052068C06844F202016D
:10166000884328432168C860206988B120680069E0
:1016700040F48030216808612068D0F8C0006FF322
:101680000D00216908432168C1F8C0000EE045E063
:101690002068006920F48030216808612068D0F853
:1016A000C0006FF30D002168C1F8C00094F840003D
:1016B000012813D1606C40F00101A06C0843E16C7B
:1016C000084300E010E0216D08432168096940F2F9
:1016D000FC72914308432168086105E020680069B5
:1016E00020F00100216808616069012809D12068A3
:1016F000006B20F00F00216A491E0843216808632F
:1017000005E02068006B20F00F0021680863E06DA1
:1017100020F0020040F00100E06505E0E06D40F0DF
:101720001000E0654FF001084046E8E6C0FFFF5FAB
:10173000C0FFFF7F10000020400D0300000100509B
:10174000000300500740F0FF7047000010B598B04C
:101750000446142113A8FEF793FD442102A8FEF7C6
:101760008FFD2068B0F1A04F5FD14FF40040029090
:101770008003119002A800F099FD08B1FFF7AEF9BF
:101780005D480068401C5C49086008460068012804
:101790000DD100BF5948C06C40F400505749C8648F
:1017A0000846C06C00F40050019000BF00BF00BFAD
:1017B0005248C06C40F002005049C8640846C06CF2
:1017C00000F00200019000BF00BF881413900320B6
:1017D00014900020159013A9494800F007FB4948D0
:1017E0004949086005204860002147488160C16080
:1017F0008021016189004161890081612021C161ED
:10180000C901016200F014FA08B1FFF767F900BFDF
:101810003D486065846200BF00220221122000F072
:101820005DFC122000F046FC63E0384920688842E5
:101830005FD1C00102908003119002A800F036FD34
:1018400008B1FFF74BF92C480068401C2A49086092
:101850000846006801280DD100BF2848C06C40F43C
:1018600000502649C8640846C06C00F4005001903E
:1018700000BF00BF00BF2148C06C40F002001F49FC
:10188000C8640846C06C00F00200019000BF00BFB1
:101890004FF400401390032014900020159013A9DA
:1018A000174800F0A3FA174814301949086024209B
:1018B0004860002116488160C16080210161890073
:1018C0004161890081612021C161C901016200F08B
:1018D000AFF908B1FFF702F900BF0D4860658462F7
:1018E00000BF00220221122000F0F8FB122000F0BD
:1018F000E1FB18B010BD0000000000200010024005
:10190000000400481C000240A80100200001005013
:10191000080200202DE9F04104460F4690463D485C
:1019200002F02AFE0646206802F04DFE00286DD126
:1019300000BF94F85800012802D10220BDE8F081D0
:10194000012084F8580000BF1EB1052E01D0092ED9
:1019500056D12046FEF7D8FF0546002D4BD1E06D4D
:1019600040F60161884340F48070E0652A492068B0
:10197000884202D14FF0A04000E0206821688842F0
:1019800000D01EB9E06D20F48010E065E06D00F439
:10199000805020B1206E20F00600206601E000207B
:1019A00020661E48616DC8621D48616D08631D4850
:1019B000616D48631C202168086000BF002084F826
:1019C000580000BF2068406840F01000216848605F
:1019D0002068C06840F001002168C860226802F1F8
:1019E000400143463A46606D00F08AF9054620689A
:1019F00002F0FCFD0BE000BF002084F8580006E078
:101A0000012500BF002084F8580000E00225284688
:101A100094E700000003005000010050B5070008E3
:101A200065080008470800080146002091F82520B5
:101A3000022A03D00422CA63012027E00A68126840
:101A400022F00E020B681A608A6C126822F480720F
:101A50008B6C1A600A68126822F001020B681A6027
:101A600091F8442002F01F0301229A400B6C5A6047
:101A7000D1E913325A604A6D42B14A6D126822F4BC
:101A800080724B6D1A60D1E916325A60012281F8DA
:101A9000252000BF002281F8242000BF704770B5C8
:101AA0000446002594F8250002280BD00420E063AA
:101AB000012084F8250000BF002084F8240000BF26
:101AC000012534E02068006820F00E0021680860DD
:101AD0002068006820F0010021680860A06C0068A0
:101AE00020F48070A16C086094F8440000F01F019D
:101AF00001208840216C4860D4E913104860606D73
:101B000040B1606D006820F48070616D0860D4E9B8
:101B100016104860012084F8250000BF002084F8DA
:101B2000240000BFA06B10B12046A16B8847284657
:101B300070BD70B50446206C05682068066894F88E
:101B4000440000F01F01042088402840E0B106F066
:101B50000400C8B12068006800F0200028B920689F
:101B6000006820F004002168086094F8440000F048
:101B70001F0104208840216C4860206B002856D04B
:101B80002046216B884752E094F8440000F01F0182
:101B900002208840284018B306F0020000B32068F5
:101BA000006800F0200040B92068006820F00A00BA
:101BB00021680860012084F8250094F8440000F0B2
:101BC0001F0102208840216C486000BF002084F87B
:101BD000240000BFE06A50B32046E16A884726E04F
:101BE00094F8440000F01F01082088402840F0B11C
:101BF00006F00800D8B12068006820F00E002168C7
:101C0000086094F8440000F01F0101208840216C16
:101C100048600120E06384F8250000BF002084F8BC
:101C2000240000BF606B10B12046616B884770BD17
:101C300070B504460CB9012070BD2F492068884258
:101C40000BD22E492068401A1421B0FBF1F080001D
:101C500060642A48083820640AE027492068401A4E
:101C60001421B0FBF1F08000606423480838206440
:101C7000022084F825002068056847F6F070854347
:101C8000D4E9020108432169084361690843A16955
:101C90000843E1690843216A084305432068056059
:101CA0002046FEF7B7FEA068B0F5804F01D10020B6
:101CB00060602079A16C0860D4E913104860606806
:101CC00060B16068042809D82046FEF7C5FE0020F0
:101CD000616D0860D4E91610486003E0002060657B
:101CE000A065E0650020E063012084F82500002065
:101CF00084F8240000BF9FE7080402400800024067
:101D00002DE9F04104460D4616461F464FF00008E7
:101D100000BF94F82400012802D10220BDE8F08120
:101D2000012084F8240000BF94F8250001283FD149
:101D3000022084F825000020E0632068006820F07D
:101D40000100216808603B46324629462046FEF7DE
:101D500095FE206B30B12068006840F00E002168CD
:101D600008600BE02068006820F00400216808602B
:101D70002068006840F00A0021680860A06C0068D4
:101D800000F4803028B1A06C006840F48070A16C31
:101D90000860606D28B1606D006840F48070616D0E
:101DA00008602068006840F001002168086006E0D3
:101DB00000BF002084F8240000BF4FF00208404616
:101DC000ACE7000070B5044600F004F9064625466D
:101DD000681C10B104480068054400BF00F0FAF820
:101DE000801BA842FAD370BD0C00002078B50246D3
:101DF0000B460021CAE001268E401D6805EA060454
:101E0000002C73D01D7905F00305012D04D01D7938
:101E100005F00305022D13D190684E000325B5404F
:101E2000A8434E00DD68B540284390605068012506
:101E30008D40A8431D79C5F300158D40284350609F
:101E40001D7905F00305032D09D0D0684E00032548
:101E5000B540A8434E009D68B5402843D0601D7929
:101E600005F00305022D13D1CE0802F1200555F827
:101E700026004D07EE0E0F25B540A8434E07F60E7F
:101E80001D69B5402843CE0802F1200545F826001B
:101E900010684E000325B540A8431D7905F00305E1
:101EA0004E00B540284310605D6805F44035002DB4
:101EB0006BD000BF384D2D6E45F00105364E3566AE
:101EC00035462D6E05F00105009500BF00BF4FEAB5
:101ED000B6358E0855F826008D072E0F0F25B54014
:101EE000A843B2F1904F02D100251AE04DE02B4DEE
:101EF000AA4201D1012514E0294DAA4201D10225AF
:101F00000FE0284DAA4201D103250AE0264DAA423E
:101F100001D1042505E0254DAA4201D1052500E0A7
:101F200006258E07360FB5402843214D8E0845F80B
:101F30002600204D2868A0435D6805F4801505B192
:101F400020431C4D28602D1D2868A0435D6805F4C2
:101F5000001505B12043174D2D1D2860154D2D1F6F
:101F60002868A0435D6805F4003505B12043114D94
:101F70002D1F28602D1F2868A0435D6805F480355B
:101F800005B120430B4D083D2860491C1D68CD401C
:101F9000002D7FF430AF78BD0010024000040048EF
:101FA00000080048000C00480010004800140048D9
:101FB0000800014008040140024613690B400BB1C0
:101FC000012000E0002070470AB1816100E08162D9
:101FD00070470000014800687047000004000020BE
:101FE00003480068034909680844014908607047CC
:101FF000040000200C00002010B50024032000F095
:10200000ABF8002000F008F808B1012401E000F06E
:102010002FF8204610BD000070B504460025114879
:102020000068D8B10F4800684FF47A71B1FBF0F046
:102030000D490968B1FBF0F6304600F025FF58B9AC
:10204000102C07D200222146501E00F047F8074806
:10205000046004E0012502E0012500E00125284696
:1020600070BD00000C0000201000002008000020BF
:1020700008B500BF0E48006E40F001000C4908662C
:102080000846006E00F00100009000BF00BF00BFD6
:102090000846806D40F0805088650846806D00F0ED
:1020A0008050009000BF00BF00F0F6F808BD0000AF
:1020B000001002400146084600280DDB00BF00BFAB
:1020C00000F01F0301229A4043099B0003F1E02323
:1020D000C3F8002100BF00BF00BF70472DE9F05FCB
:1020E00080460D46164604F009FC074639462A4646
:1020F000334601F00700C0F1070ABAF1040F02D914
:102100004FF0040A01E0C0F1070AD14600F1040AC9
:10211000BAF1070F02D24FF0000A01E0A0F1030A62
:10212000D4464FF0010A0AFA09FAAAF1010A0AEAAA
:10213000020A0AFA0CFA4FF0010B0BFA0CFBABF196
:10214000010B0BEA030B4AEA0B042146404604F05C
:10215000DDFBBDE8F09F000000BF00F00702064B6A
:1021600019684FF6FF031940044B0B4343EA022161
:10217000014B196000BF70470CED00E00000FA054C
:1021800002468ABB4148006800F4C060B0F5806F29
:102190002BD13E488030006820F480703B4BC3F860
:1021A00080001846006820F4C06040F40070186099
:1021B0003748006832235843364BB0FBF3F0411CDC
:1021C00000E0491E3148406900F48060B0F5806F3E
:1021D00001D10029F5D12D48406900F48060B0F5A7
:1021E000806F51D10320704708E028488030006894
:1021F00020F48070254BC3F8800045E0B2F5007FE5
:102200003AD12248006800F4C060B0F5806F2AD14E
:102210001E488030006840F480701C4BC3F880007A
:102220001846006820F4C06040F400701860184838
:10223000006832235843174BB0FBF3F0411C00E019
:10224000491E1248406900F48060B0F5806F01D1EA
:102250000029F5D10D48406900F48060B0F5806F29
:1022600012D10320BFE709488030006840F4807035
:10227000064BC3F8800007E00448006820F4C06003
:1022800040F48060014B18600020ACE70070004013
:102290001000002040420F000348806840F4804056
:1022A0000149886070470000007000402DE9F84344
:1022B00004460027B846206800F40020B0F5002F3F
:1022C00073D1B946D348806D00F0805078B900BF13
:1022D000D048806D40F08050CE4988650846806DBA
:1022E00000F08050009000BF00BF4FF00109CA48C5
:1022F000006840F48070C8490860FFF76BFE06462E
:1023000006E0FFF767FE801B022801D9032705E0DE
:10231000C148006800F480700028F2D000BF002F90
:1023200046D1BC489030006800F44075CDB1206CB7
:10233000A84216D0B7489030006820F44075B548E0
:10234000D0F8900040F48030B249C1F890000846BF
:10235000D0F8900020F48030C1F890000846C0F812
:10236000905005F00100A0B1FFF734FE064608E0EA
:10237000FFF730FE801B41F28831884201D90327E4
:1023800006E0A4489030006800F002000028EFD07A
:1023900000BF5FB99F489030006820F44070216C06
:1023A00008439C49C1F8900003E00CE0B84600E007
:1023B000B846B9F1010F05D19648806D20F08050E4
:1023C0009449886500BF207800F0010048B1914829
:1023D0008830006820F00300616808438D49C1F827
:1023E0008800207800F00200022809D1894888304E
:1023F000006820F00C00A16808438649C1F88800F5
:10240000207800F00400042809D182488830006850
:1024100020F03000E16808437E49C1F88800207848
:1024200000F00800082809D17A488830006820F0B8
:10243000C000216908437749C1F88800207800F07E
:102440002000202809D173488830006820F44060BB
:10245000616908436F49C1F88800207800F04000A6
:10246000402809D16B488830006820F44050A169A9
:1024700008436849C1F88800207800F0800080286F
:1024800009D164488830006820F44040E16908437D
:102490006049C1F88800208800F48070B0F5807F22
:1024A00009D15C488830006820F44030216A084334
:1024B0005849C1F88800208800F40070B0F5007F0A
:1024C00009D154488830006820F44020616A0843EC
:1024D0005049C1F88800208800F48060B0F5806F12
:1024E00013D14C488830006820F44010A16A08439A
:1024F000484988310860A06AB0F5801F05D1454879
:10250000C06840F480104349C860208800F400602F
:10251000B0F5006F13D13F488830006820F44000C8
:10252000E16A08433B4988310860E06AB0F5800FF2
:1025300005D13848C06840F480103649C86020880A
:1025400000F48050B0F5805F13D1324888300068C5
:1025500020F04070216B08432E4988310860206BC1
:10256000B0F1807F05D12B48C06840F48010294924
:10257000C860208800F40050B0F5005F13D12548F2
:102580008830006820F04060616B08432149883141
:102590000860606BB0F1006F05D11E48C06840F460
:1025A00080101C49C860208800F48040B0F5804F3E
:1025B00013D118488830006820F04060A16B0843B0
:1025C000144988310860A06BB0F1006F05D1114843
:1025D000C06840F480100F49C860208800F40040B3
:1025E000B0F5004F13D10B488830006820F0405000
:1025F000E16B0843074988310860E06BB0F1805F08
:1026000005D10448C06840F480300249C8604046A3
:10261000BDE8F88300100240007000402DE9F04151
:1026200004460D464FF0000814B90120BDE8F081C2
:102630007D48006800F00F00A8420ED27A4800687A
:1026400020F00F002843784908600846006800F031
:102650000F00A84201D00120E8E7207800F0010037
:10266000002864D06068032823D17048006800F017
:10267000007008B90120D9E702F082FA06466C48DA
:10268000864237D96948806800F0F00030B1207880
:1026900000F0020002282DD1A06858BB6348806872
:1026A00020F0F00040F08000604988604FF0800822
:1026B00020E06068022806D15C48006800F4003021
:1026C00040B90120B2E75948006800F4806008B9B9
:1026D0000120ABE700F0DEF806465548864209D9EE
:1026E0005248806820F0F00040F080004F49886038
:1026F0004FF080084D48806820F00300616808436F
:102700004A498860FFF766FC074608E0FFF762FC6D
:10271000C01B41F28831884201D9032086E7434833
:10272000806800F00C006168B0EB810FEED120787A
:1027300000F00200022820D1207800F004000428D4
:1027400005D13A48806840F4E060384988602078D4
:1027500000F00800082807D13448806820F4605051
:1027600040F4E060314988603048806820F0F00033
:10277000A16808432D49886008E0B8F1800F05D1B1
:102780002A48806820F0F0002849886026480068C0
:1027900000F00F00A84219D92348006820F00F006C
:1027A000284321490860FFF715FC074608E0FFF7BA
:1027B00011FCC01B41F28831884201D9032035E762
:1027C0001948006800F00F00A842F0D1207800F00E
:1027D0000400042807D11548806820F4E060E1680F
:1027E000084312498860207800F00800082808D1C2
:1027F0000E48806820F46050216940EAC1000B490E
:10280000886000F047F809498968C1F30311094A53
:10281000515C01F01F01C840074908600748006883
:10282000FFF7FAFB02E70000002002400010024020
:1028300000B4C4041C7D0008100000200800002023
:1028400001480068704700001000002000B5FFF745
:10285000F7FF05498968C1F30221044A515C01F080
:102860001F01C84000BD0000001002402C7D000880
:1028700000B5FFF7E5FF05498968C1F3C221044AA5
:10288000515C01F01F01C84000BD00000010024073
:102890002C7D000870B5224DAD6805F00C05042DA7
:1028A00001D120483AE01E4DAD6805F00C05082D19
:1028B00001D11D4832E01A4DAD6805F00C050C2D14
:1028C0002BD1174DED6805F00304154DED68C5F3E8
:1028D00003156A1C022C0CD0032C09D1124DB5FB38
:1028E000F2F50F4EF668C6F3062605FB06F10AE080
:1028F00000BF0C4DB5FBF2F5094EF668C6F306268F
:1029000005FB06F100BF00BF054DED68C5F341654D
:102910006D1C6B00B1FBF3F000E0002070BD000007
:10292000001002400024F40000366E012DE9F84347
:10293000044614B90120BDE8F883207800F00100B6
:10294000002865D0FC48806800F00C07FA48C06891
:1029500000F003060C2F01D1032E01D0082F0AD15D
:10296000F548006800F40030002851D06068002865
:102970004ED10120DFE700BF6068B0F5803F06D18F
:10298000ED48006840F48030EB4908601AE0606868
:10299000B0F5A02F0BD1E848006840F48020E6494C
:1029A00008600846006840F4803008600AE0E248A9
:1029B000006820F48030E04908600846006820F490
:1029C0008020086000BF606888B1FFF703FB054600
:1029D00006E0FFF7FFFA401B642801D90320AAE7AD
:1029E000D548006800F400300028F2D010E0FFF76E
:1029F000F1FA054606E0FFF7EDFA401B642801D91D
:102A0000032098E7CC48006800F400300028F2D199
:102A1000207800F00200022860D1C748806800F0EA
:102A20000C07C548C06800F003060C2F01D1022E28
:102A300001D0042F18D1C048006800F4806018B19C
:102A4000E06808B9012076E7BB48406820F0FE4006
:102A5000217C40EA0160B8494860B8480068FFF747
:102A6000DBFA18B3012066E7E06800B3B2480068FB
:102A700040F48070B0490860FFF7ACFA054606E004
:102A8000FFF7A8FA401B022801D9032053E7AA4800
:102A9000006800F480600028F2D0A748406820F069
:102AA000FE40217C40EA0160A349486016E0A2484C
:102AB000006820F48070A0490860FFF78BFA054693
:102AC00006E0FFF787FA401B022801D9032032E70E
:102AD0009948006800F480600028F2D1207800F066
:102AE0000800082836D16069D0B193489430006856
:102AF00040F001009049C1F89400FFF76BFA0546D9
:102B000006E0FFF767FA401B022801D9032012E70D
:102B100089489430006800F002000028F1D019E0E4
:102B200085489430006820F001008349C1F8940082
:102B3000FFF750FA054606E0FFF74CFA401B022863
:102B400001D90320F7E67C489430006800F00200C9
:102B50000028F1D1207800F00400042872D14FF051
:102B600000087548806D012121EA107078B100BF1E
:102B70007148806D40F080506F4988650846806DCF
:102B800000F08050009000BF00BF4FF001086C487B
:102B9000006800F48070B0B96948006840F4807043
:102BA00067490860FFF716FA054606E0FFF712FAD4
:102BB000401B022801D90320BDE66148006800F4EB
:102BC00080700028F2D000BFA068012808D15A48C0
:102BD0009030006840F001005749C1F8900021E0B2
:102BE000A06805280FD154489030006840F00400D8
:102BF0005149C1F890000846D0F8900040F001001B
:102C0000C1F890000EE04C489030006820F00100C0
:102C10004949C1F890000846D0F8900020F004001F
:102C2000C1F8900000BFA068A8B1FFF7D3F905462E
:102C300009E0FFF7CFF9401B41F28831884202D901
:102C4000032078E625E03C489030006800F0020060
:102C50000028EED013E0FFF7BDF9054608E0FFF7C6
:102C6000B9F9401B41F28831884201D9032062E65C
:102C700031489030006800F002000028EFD1B8F130
:102C8000010F05D12C48806D20F080502A498865BD
:102C900000BF207800F02000202836D1A069D0B1F4
:102CA00025489830006840F001002349C1F8980099
:102CB000FFF790F9054606E0FFF78CF9401B022864
:102CC00001D9032037E61C489830006800F0020064
:102CD0000028F1D019E018489830006820F0010071
:102CE0001549C1F89800FFF775F9054606E0FFF7AA
:102CF00071F9401B022801D903201CE60E489830C8
:102D0000006800F002000028F1D1E069002860D0DE
:102D10000948806800F00C000C287AD0E06902288D
:102D200058D10548006820F0807003490860FFF71B
:102D300051F905460DE00000001002400800002097
:102D400000700040FFF746F9401B022801D903201C
:102D5000F1E54A48006800F000700028F2D1D4E99B
:102D60000810401E41EA0011A06A41EA0021208EAD
:102D70000122C2EB500041EA40513420005DC2EB19
:102D8000500041EA40612C20005D41EAC0603B49AF
:102D9000C9683B4A114008433849C8600846006882
:102DA00040F0807008600846C06840F08070C860DD
:102DB000FFF710F9054606E0FFF70CF9401B022863
:102DC00001D90320B7E52D48006800F00070002805
:102DD000F2D051E02948006820F08070274908604F
:102DE000FFF7F8F8054606E0FFF7F4F8401B022865
:102DF00001D903209FE52148006800F000700028F9
:102E0000F2D11E48C0681F4908401C49C86033E021
:102E1000FFE7E069012800D18DE51848C66806F093
:102E20000301206A814225D106F0F001606A401E4C
:102E3000B1EB001F1ED106F4FE41A06AB1EB002FDA
:102E400018D106F078412C20005DB1EBC06F11D194
:102E500006F4C001208E0122C2EB5000B1EB405FAE
:102E600008D106F0C0613420005DC2EB5000B1EB28
:102E7000406F01D001205EE500205CE500100240BB
:102E80000C809F01FCFFEEFE70B504462546681ECF
:102E9000B0F1807F01D301200FE0681E4FF0E021E8
:102EA00048610F214FF0FF3003F030FD00204FF05C
:102EB000E021886107200861002070BD30B502461E
:102EC0000B4600BF92F83C00012801D1022030BD22
:102ED000012082F83C0000BF022082F83D0010680B
:102EE0004168106884681D4D1068A84203D01C4DCD
:102EF0001068A84203D121F47001586801431948B1
:102F000001401868014310684160144D1068A842E0
:102F100013D01068B0F1804F0FD0134D1068A84245
:102F20000BD0124D1068A84207D00D4D1068A84272
:102F300003D00F4D1068A84205D124F08004986892
:102F4000044310688460012082F83D0000BF002027
:102F500082F83C0000BF00BFB9E70000002C014030
:102F6000003401408FFFFFFD0004004000080040D6
:102F70000040014010B504460CB9012010BD94F882
:102F80003D0028B9002084F83C00204600F02AF8D3
:102F9000022084F83D00211D206801F0F9FF012086
:102FA00084F8480000BF84F83E0001213F2001550D
:102FB0004020015541200155422001554320015533
:102FC00000BF00BF012084F8440045200155462081
:102FD00001554720015500BF012084F83D00002025
:102FE000CCE7000010B586B00446142101A8FDF717
:102FF00047F92068B0F1804F47D100BF2D48806D60
:1030000040F001002B4988650846806D00F0010002
:10301000009000BF00BF00BF0846C06C40F0010038
:10302000C8640846C06C00F00100009000BF00BFFB
:103030004FF4004001900220029000200390049081
:103040000120059001A94FF09040FEF7CFFE1A48ED
:103050001A49086038204860002118488160C16022
:103060008021016189004161890081612021C16164
:1030700000210162FEF7DCFD08B1FDF72FFD00BF66
:103080000E4961620846846211E00D492068884259
:103090000DD100BF0748806D40F0020005498865EA
:1030A0000846806D00F00200009000BF00BF06B02F
:1030B00010BD000000100240440002400003002048
:1030C000000400402DE9F04104460D46002700BFF2
:1030D00094F83C00012802D10220BDE8F0810120D3
:1030E00084F83C0000BF022084F83D002068866818
:1030F0003F48064026F47F4620688660286870288E
:1031000024D00CDC00F00F01002964D10011072845
:1031100061D2DFE800F05354555649353F00354A37
:10312000811A90424FD009DCB0F5805F0DD0B0F528
:10313000005F18D0B0F1101F4DD143E0102943D0EB
:10314000202942D0502946D140E046E0D5E902137B
:103150006A68206802F01FF82068866846F07706E3
:103160002068866039E0D5E902136A68206802F0B9
:1031700012F82068806840F48040216888602CE064
:10318000EA686968206802F073FA5021206802F04A
:103190000DF822E0EA686968206802F0BBFA602155
:1031A000206802F003F818E0EA686968206802F015
:1031B0005FFA4021206801F0F9FF0EE000BF00BF78
:1031C00000BF00BF00BF00BF00BF00BF296820686C
:1031D00001F0ECFF01E0012700BF00BF012084F8EF
:1031E0003D0000BF002084F83C0000BF384674E773
:1031F00088FFCEFF200010007047704770472DE910
:10320000F04104460D461646002700BF94F83C00E6
:10321000012802D10220BDE8F081012084F83C00A1
:1032200000BF96B9EB68D5E90012206802F034FAC5
:103230002068806920F00C0021688861206880691E
:10324000A96808432168886141E0042E13D1EB6826
:10325000D5E90012206802F071FA2068806920F434
:1032600040602168886120688069A96840EA01207F
:10327000216888612BE0082E12D1EB68D5E9001295
:10328000206802F078FA2068C06920F00C002168FC
:10329000C8612068C069A96808432168C86116E050
:1032A0000C2E13D1EB68D5E90012206802F07FFAEA
:1032B0002068C06920F440602168C8612068C06946
:1032C000A96840EA01202168C86100E0012700BF29
:1032D000002084F83C0000BF38469CE710B5044647
:1032E0000CB9012010BD94F83D0028B9002084F8E5
:1032F0003C00204600F029F8022084F83D00211D02
:10330000206801F045FE012084F8480000BF84F8E1
:103310003E0001213F20015540200155412001552B
:10332000422001554320015500BF00BF012084F811
:10333000440045200155462001554720015500BF56
:10334000012084F83D000020CCE770472DE9F05FB4
:1033500004460D46174698464FF0000B15B994F8F1
:103360003E0015E0042D02D13F20005D10E0082D45
:1033700002D14020005D0BE00C2D02D14120005D08
:1033800006E0102D02D14220005D01E04320005DE7
:10339000814615B994F844000BE0042D02D1452074
:1033A000005D06E0082D02D14620005D01E04720C7
:1033B000005D8246B9F1020F02D0BAF1020F02D1CC
:1033C0000220BDE8F09FB9F1010F3DD1BAF1010F24
:1033D0003AD117B1B8F1000F01D10120F1E71DB9C1
:1033E000022084F83E001AE0042D03D102213F2080
:1033F000015514E0082D03D10221402001550EE0B3
:103400000C2D03D102214120015508E0102D03D1DC
:1034100002214220015502E00221432001551DB93D
:10342000022084F8440011E0042D03D1022145203C
:1034300001550BE0082D03D102214620015505E07E
:1034400002214720015501E00120BAE70122294667
:10345000206801F003FE35B1042D1FD0082D38D0AF
:103460000C2D6CD150E05049606AC1624F49606ACE
:1034700001634F49606A4163226802F134014346A7
:103480003A46606AFEF73CFC08B1012099E72068E3
:10349000C06840F400702168C86053E04249A06AE7
:1034A000C1624249A06A01634149A06A416322683E
:1034B00002F1380143463A46A06AFEF721FC08B102
:1034C00001207EE72068C06840F480602168C86001
:1034D00038E03549E06AC1623449E06A0163344941
:1034E000E06A4163226802F13C0143463A46E06AE1
:1034F000FEF706FC08B1012063E72068C06840F4CD
:1035000000602168C8601DE02749206BC16227491F
:10351000206B01632649206B4163226802F1400160
:1035200043463A46206BFEF7EBFB08B1012048E723
:103530002068C06840F480502168C86002E04FF005
:10354000010B00BF00BF1B492068884213D02068D0
:10355000B0F1804F0FD01849206888420BD017492E
:103560002068884207D016492068884203D0154950
:103570002068884210D120688068134900EA01065B
:10358000062E0FD0B6F5803F0CD02068006840F0C2
:1035900001002168086005E02068006840F0010033
:1035A0002168086058460CE77F500008F950000871
:1035B00039510008002C0140000400400008004080
:1035C00000340140004001400700010010B586B002
:1035D0000446142101A8FCF753FE2068B0F1804F87
:1035E0001AD100BF0D48C06C40F001000B49C864FF
:1035F0000846C06C00F00100009000BF00BF022030
:10360000019002900020039004900120059001A9F0
:103610004FF09040FEF7EAFB06B010BD00100240EC
:103620002DE9F04104460D461646002700BF94F8E8
:103630003C00012802D10220BDE8F081012084F87D
:103640003C0000BF0C2E51D005DC4EB1042E1ED024
:10365000082E7AD133E0102E60D0142EF9D175E007
:103660002946206801F0AEFD2068806940F008001E
:10367000216888612068806920F0040021688861E1
:1036800020688069296908432168886178E02946B3
:10369000206801F0EDFD2068806940F40060216839
:1036A00088612068806920F48060216888612068D2
:1036B0008069296940EA01202168886160E0294623
:1036C000206801F02FFE2068C06940F008002168E2
:1036D000C8612068C06920F004002168C8612068C2
:1036E000C069296908432168C86149E02946206802
:1036F00001F072FE2068C06940F400602168C86172
:103700002068C06920F480602168C8612068C069B1
:10371000296940EA01202168C86131E02946206812
:1037200001F0B4FE2068006D40F0080021680865D3
:103730002068006D20F00400216808652068006D95
:1037400029690843216808651AE017E029462068BE
:1037500001F0D4FE2068006D40F400602168086527
:103760002068006D20F48060216808652068006D85
:10377000296940EA01202168086501E0012700BFAE
:1037800000BF00BF002084F83C0000BF384653E76C
:1037900010B504460CB9012010BD94F83D0028B9BD
:1037A000002084F83C00204600F029F8022084F82C
:1037B0003D00211D206801F0EBFB012084F848004A
:1037C00000BF84F83E0001213F20015540200155F3
:1037D00041200155422001554320015500BF00BF43
:1037E000012084F84400452001554620015547201A
:1037F000015500BF012084F83D000020CCE7704750
:1038000070B504460D4615B994F83E0015E0042D38
:1038100002D13F20005D10E0082D02D14020005D64
:103820000BE00C2D02D14120005D06E0102D02D1ED
:103830004220005D01E04320005D012801D001200D
:1038400070BD1DB9022084F83E001AE0042D03D19A
:1038500002213F20015514E0082D03D10221402010
:1038600001550EE00C2D03D102214120015508E045
:10387000102D03D102214220015502E002214320F4
:10388000015501222946206801F0E8FB27492068FC
:1038900088420FD02649206888420BD025492068ED
:1038A000884207D024492068884203D023492068F1
:1038B000884201D1012000E0002028B12068406C3E
:1038C00040F400402168486418492068884213D0B9
:1038D0002068B0F1804F0FD01949206888420BD082
:1038E00018492068884207D011492068884203D0CF
:1038F00010492068884210D120688068124900EA87
:103900000106062E0FD0B6F5803F0CD02068006867
:1039100040F001002168086005E02068006840F080
:1039200001002168086000208AE70000002C0140A7
:103930000034014000400140004401400048014083
:1039400000040040000800400700010070B5044674
:103950000D4600BF94F83C00012801D1022070BD43
:10396000012084F83C0000BF022084F83D00294675
:10397000204601F0FBFD48B1012084F83D0000BF66
:10398000002084F83C0000BF0120E8E72068C06800
:1039900020F040002168C8602068C06820F48040A2
:1039A0002168C860012084F83D0000BF002084F831
:1039B0003C0000BF00BFD2E7014600BF91F8840081
:1039C000012801D102207047012081F8840000BF46
:1039D0002420C1F88800086802680868006820F0A0
:1039E00001000B68186022F0005200204866086849
:1039F00002602020C1F8880000BF002081F8840008
:103A000000BF00BFDFE72DE9F04104460E46174630
:103A1000D4F88C00202825D106B117B90120BDE8C3
:103A2000F0810120E066002020673A4631462046BA
:103A300002F0D0FD05469DB9E06E01280FD110209F
:103A40002168086200BF00BF216851E8001F41F0F3
:103A50001000226842E800010029F5D100E00125AC
:103A60002846DCE70220DAE770B505460C46074831
:103A700004F0A8F820B922460549044804F0CCF81F
:103A800080210348FCF7FCFB70BD0000940500207A
:103A9000E0030020704770B504460D4600BF94F85F
:103AA0008400012801D1022070BD012084F8840027
:103AB00000BF2420C4F888002068066820680068D9
:103AC00020F00100216808602068806820F06060B4
:103AD000284321688860204601F088FE206806603F
:103AE0002020C4F8880000BF002084F8840000BFB4
:103AF00000BFD9E770B504460D4600BF94F88400B6
:103B0000012801D1022070BD012084F8840000BF8B
:103B10002420C4F88800206806682068006820F027
:103B20000100216808602068806820F06040284318
:103B300021688860204601F059FE20680660202038
:103B4000C4F8880000BF002084F8840000BF00BFD4
:103B5000D9E77047704770472DE9F0470446206861
:103B6000C569206806682068876840F60F0005EA86
:103B70000009B9F1000F0FD105F0200060B106F087
:103B8000200010B907F0805030B1606F10B12046AE
:103B9000616F8847BDE8F087B9F1000F7ED0D44847
:103BA000384018B9D34830400028F7D005F001005C
:103BB00058B106F4807040B1012021680862D4F841
:103BC000900040F00100C4F8900005F0020058B1E8
:103BD00007F0010040B1022021680862D4F890008B
:103BE00040F00400C4F8900005F0040058B107F05C
:103BF000010040B1042021680862D4F8900040F030
:103C00000200C4F8900005F0080070B106F0200032
:103C100010B9B748384040B1082021680862D4F88C
:103C2000900040F00800C4F8900005F4006060B116
:103C300006F0806048B14FF4006021680862D4F853
:103C4000900040F02000C4F89000D4F890000028C4
:103C500052D005F0200050B106F0200010B907F056
:103C6000805020B1606F10B12046616F8847D4F852
:103C700090A02068806800F04000402802D00AF040
:103C8000280070B3204601F077FF2068806800F0BC
:103C90004000402826D100BF00BF00E02DE0216891
:103CA000083151E8001F21F040002168083141E847
:103CB0000002002AF1D100BFD4F8800068B18E481C
:103CC000D4F880108863D4F88000FDF7E8FE98B13E
:103CD000D4F88000816B88470EE02046FFF73BFF59
:103CE0000AE003E02046FFF736FF05E02046FFF735
:103CF00032FF0020C4F890004CE7E06E012865D147
:103D000005F01000002861D006F010000028FAD05D
:103D10001020216808622068806800F04000402878
:103D200065D1D4F88000006840681FFA80F8B8F1C7
:103D3000000F5BD0B4F85C00404557DDA4F85E800E
:103D4000D4F880000068006800F02000E8BB00BFE5
:103D500000BF216851E8001F21F48070226842E80A
:103D600000010029F5D100BF00BF00BF2168083164
:103D700051E8001F21F001002168083141E80002EC
:103D8000002AF3D100BF00BF00BF2168083151E80D
:103D9000001F21F040002168083141E80002002A9C
:103DA000F3D100BF2020C4F88C000020E06600BFE3
:103DB00000BF216851E8001F21F01000226842E88E
:103DC00000010029F5D100BF01E004E053E0D4F880
:103DD0008000FDF729FE02202067B4F85C00B4F8EB
:103DE0005E20801A81B22046FFF73EFED2E634F80C
:103DF0005C0F6188401A1FFA80F860885C3CC8B389
:103E0000B8F1000F36D000BF00BF216851E8001F95
:103E100021F49070226842E800010029F5D100BF2A
:103E200000BF00BF2168083151E8001F304AD2436B
:103E300001EA02002168083141E80002002AF1D1BC
:103E400000BF2020C4F88C000020E066606700BF3F
:103E500000BF216851E8001F21F01000226842E8ED
:103E600000010029F5D100BF02202067414620460D
:103E7000FFF7FAFD8EE605F4801050B107F48000DC
:103E800038B14FF48010216808622046FFF762FEC7
:103E900080E605F0800058B106F0800010B907F404
:103EA000000028B1A06F10B12046A16F884771E6CD
:103EB00005F0400030B106F0400018B1204601F096
:103EC00091FE67E605F4000030B106F0804018B1BD
:103ED0002046FFF73EFE5DE605F0807030B106F04B
:103EE000004018B12046FFF7D5FD53E600BF51E66C
:103EF0000100001020010004275A000810B50446F4
:103F00000CB9012010BDA06900B100E000BFD4F8D9
:103F1000880028B9002084F88400204600F02AF8A0
:103F20002420C4F888002068006820F0010021687F
:103F30000860A06A10B1204601F084FC204602F01F
:103F400087F9012800D1DDE72068406820F490401F
:103F5000216848602068806820F02A002168886015
:103F60002068006840F0010021680860204601F0E8
:103F7000E5FCC7E710B598B00446142113A8FCF778
:103F80007FF9442102A8FCF77BF92F492068884279
:103F900058D1012002900020039002A8FEF786F974
:103FA00008B1FCF79BFD00BF2848006E40F480403C
:103FB000264908660846006E00F48040019000BF64
:103FC00000BF00BF0846C06C40F00100C86408464E
:103FD000C06C00F00100019000BF00BF4FF4C06052
:103FE000139002201490002015901690072017902F
:103FF00013A94FF09040FDF7F9FE154815490860E8
:1040000018204860002113488160C160802101614F
:10401000002141618161C1614FF400510162FDF7EE
:1040200007FE08B1FCF75AFD00BF0A48C4F880003B
:10403000846200BF002211462520FEF74FF825209C
:10404000FEF738F818B010BD0038014000100240EB
:1040500008000240F404002070B504460D461646E0
:10406000D4F88C00202821D105B10EB9012070BDF3
:104070000020E0660E492068884211D02068406820
:1040800000F4000060B100BF00BF216851E8001FCC
:1040900041F08060226842E800010029F5D100BFAC
:1040A00032462946204602F0F9FAE0E70220DEE730
:1040B0000080004070477047704700BFFEE7000077
:1040C00000B585B014216846FCF7DAF84FF6FF70AA
:1040D0000090002001900320039000200290694688
:1040E0000248FDF783FE05B000BD0000000800484F
:1040F00000B585B014216846FCF7C2F84FF6FF7092
:104100000090012001900320039000200290694656
:104110000248FDF76BFE05B000BD00000008004836
:1041200030B5054600240021084600F049F900F0AA
:1041300097F900BF03E0284600F056F9641CB4F577
:10414000963FF8D330BD000000B587B0142102A817
:10415000FCF796F800BF2B48C06C40F004002949DA
:10416000C8640846C06C00F00400019000BF00BFA6
:1041700000BF0846C06C40F00100C8640846C06C2F
:1041800000F00100019000BF00BF00BF0846C06CF6
:1041900040F00200C8640846C06C00F002000190C4
:1041A00000BF00BF4FF4487002900120039003202D
:1041B00005900020049002A91348FDF717FE4FF464
:1041C000807002900120039003200590002004904D
:1041D00002A94FF09040FDF709FEFFF789FF4FF06D
:1041E0009040806940F480704FF0904188610648AB
:1041F0001830006840F4087003491831086007B0AF
:1042000000BD0000001002400004004870B50546E3
:104210000E461446A4F12000C4B204EB4400044945
:1042200001EB00123146284600F01AF870BD00007C
:10423000347D0008F0B507460C46002540F23F16D5
:1042400009E0227831463846FFF7E0FFA6F110007A
:1042500086B2641C6D1C207808B1142DF1D3F0BD1A
:104260002DE9F04306468946174600240025A0465E
:10427000B0464946404600F0A3F800BF1EE000F0FB
:10428000EFF800250FE037F814000121A94008409D
:1042900020B90C48008800F0A7F803E00A4800881D
:1042A00000F0A2F86D1C102DEDD308F1010000F014
:1042B000FF084946404600F083F8641C182CDED302
:1042C000BDE8F083840000208200002010B5FFF7D5
:1042D0003BFF002000F016F80949088008460088D6
:1042E00048F23021884202D100F07EFC01E000F06B
:1042F0000BFD002000F006F80149088010BD000009
:104300008600002070B504462748006840F400701D
:10431000254908600846006840F48070086022481B
:104320001038006840F020001F49103908601F480D
:1043300004601D48006840F020001B49086000BF71
:1043400000BF00BF18481038006840F02000164930
:10435000103908600846006840F480700860FFF774
:10436000AFFE4FF09040806A40F480704FF0904173
:10437000886200BF00BF00BF0C48001F006885B204
:104380004FF09040806940F480704FF09041886118
:10439000FFF7AEFE04481038006840F40070024990
:1043A00010390860284670BD2804004814080048E9
:1043B00001B5BDF800000149088008BD8400002057
:1043C00030B504460D462146202000F085F82946E8
:1043D000212000F081F830BD01B5BDF80000014991
:1043E000088008BD820000201B49096841F4007163
:1043F000194A116018491039096841F48071164A48
:10440000103A11601146096841F02001116013490A
:1044100008601149096841F020010F4A116000BF8E
:1044200000BF00BF0C491039096841F020010A4A59
:10443000103A11601146096841F48071116000BFA3
:1044400000BF00BF04491039096841F40071024AF5
:10445000103A116070470000280400481408004812
:104460001B48006840F4007019490860084600685D
:1044700040F48070086016481038006840F0200052
:10448000134910390860222012490860104800685A
:1044900040F020000E49086000BF00BF00BF0C487C
:1044A0001038006840F020000949103908600846BB
:1044B000006840F48070086000BF00BF00BF04487F
:1044C0001038006840F400700149103908607047E6
:1044D0002804004814080048214A126842F4007277
:1044E0001F4B1A601A46126842F480721A601C4A06
:1044F000103A126842F02002194B103B1A60194A18
:104500001060174A126842F02002154B1A6000BF73
:1045100000BF00BF124A103A126842F02002104B4E
:10452000103B1A601A46126842F480721A600D4AF3
:1045300011600B4A126842F02002094B1A6000BF5A
:1045400000BF00BF064A103A126842F02002044B36
:10455000103B1A601A46126842F480721A60704763
:1045600028040048140800488168024A1140491C88
:1045700081607047C0FFFF7F0146886800F01F0020
:104580007047024602F1600000EB8103186800F0FA
:10459000F840704701468868C0F3C0007047014684
:1045A0008868C0F3400070470146886800F0010049
:1045B00070470146886800F001007047014688682E
:1045C000C0F30070704701468868C0F380007047F0
:1045D00001468868C0F3800070470146C86800F44F
:1045E000406008B9012070470020FCE78168024A5A
:1045F0001140091D81607047C0FFFF7F70B500F159
:104600001404C1F3406504EB85031C68C1F3045630
:104610000725B540AC43C1F3045502FA05F52C4318
:104620001C6070BD826822F0E0720A4382607047AD
:1046300010B500F1600404EB81031C6824F0004411
:1046400014431C6010BD426922F000420A434261DB
:1046500070470FB410B588B004460CA8019002A8AA
:10466000019A0B9902F038F90020019002A9204626
:10467000FFF7E0FD08B010BC5DF814FB00B58BB08F
:104680000020089009900A9020216846FBF7F8FD69
:104690004FF0A040204908604FF4403048600021AE
:1046A0001D488160C1600161416104218161002177
:1046B0000177012141770162002180F82410C16255
:1046C0000163012180F838100021C16380F8401097
:1046D000FCF70CFF08B1FCF701FA0020089008A9CC
:1046E0000D48FCF75DFA08B1FCF7F8F90B480090AB
:1046F00006200190002002907F2003900420049067
:104700000020059069460448FCF7D0FA08B1FCF790
:10471000E5F90BB000BD0000D00000200008302EED
:1047200000B589B0202101A8FBF7AAFD1C481D494E
:1047300008604FF44030486000211A488160C16031
:1047400001614161042181610021017701214177EB
:104750000162002180F82410C1620163012180F808
:1047600038100021C16380F84010FCF7BFFE08B18B
:10477000FCF7B4F90C480190062002900020039049
:104780007F200490042005900020069001A9054890
:10479000FCF78CFA08B1FCF7A1F909B000BD0000E4
:1047A000000100503C0100200080F03E08B500BF31
:1047B0001D48806C40F004001B4988640846806CEA
:1047C00000F00400009000BF00BF00BF0846806CEE
:1047D00040F0010088640846806C00F00100009001
:1047E00000BF00BF002211460B20FDF777FC0B2015
:1047F000FDF760FC002211460C20FDF76FFC0C2039
:10480000FDF758FC002211460D20FDF767FC0D2036
:10481000FDF750FC002211460E20FDF75FFC0E2034
:10482000FDF748FC08BD00000010024000B587B04D
:10483000142102A8FBF724FD00BF4848C06C40F0DB
:1048400004004649C8640846C06C00F004000190AA
:1048500000BF00BF00BF0846C06C40F02000C86425
:104860000846C06C00F02000019000BF00BF00BFF0
:104870000846C06C40F00100C8640846C06C00F0F7
:104880000100019000BF00BF00BF0846C06C40F0AF
:104890000200C8640846C06C00F00200019000BF2E
:1048A00000BF00BF0846C06C40F00800C86408465E
:1048B000C06C00F00800019000BF00BF01224FF45F
:1048C0007F412748FDF780FB0022FF212448FDF7A8
:1048D0007BFB00224FF480714FF09040FDF774FB9A
:1048E000002204211F48FDF76FFB4FF6FF70029076
:1048F0000120039000200490059002A91848FDF7BC
:1049000075FA0120029000200390049002A94FF054
:104910009040FDF76BFA072002900020039004906E
:1049200002A91148FDF762FA4FF48070029001204D
:10493000039000200490059002A94FF09040FDF7ED
:1049400055FA042002900120039000200490059065
:1049500002A90448FDF74AFA07B000BD0010024062
:1049600000080048000C00480004004800B597B05B
:104970000020139014901590169014210EA8FBF7A8
:104980007FFC00200B900C900D90079008900990F0
:104990000A901C216846FBF773FC4FF080403149B8
:1049A00008604F20486000212E48816040F2E731C6
:1049B000C160002101618161FEF7DCFA08B1FCF7FA
:1049C0008DF84FF48050139013A92648FEF77AFB18
:1049D00008B1FCF783F82348FEF780FC08B1FCF728
:1049E0007DF82048FEF7D4FE08B1FCF777F80420E4
:1049F0000E9050200F900020109012900EA9194890
:104A0000FEF7A4FF08B1FCF769F800200B900D90A9
:104A10000BA91448FEF752FA08B1FCF75FF8002022
:104A2000079001200890002009900A90002207A911
:104A30000C48FEF7E4FB08B1FCF750F8602000904A
:104A4000322001900020029004900422694605481B
:104A5000FEF7E6FD08B1FCF741F80248FEF7B6FDA7
:104A600017B000BD6802002000B587B00020039099
:104A7000049005900690009001900290144815490A
:104A800008604F2048600021124881604FF6FF7196
:104A9000C160002101618161FEF76CFA08B1FCF789
:104AA0001DF84FF48050039003A90A48FEF70AFB53
:104AB00008B1FCF713F80020009002906946054801
:104AC000FEF7FCF908B1FCF709F807B000BD0000DB
:104AD00000040040B402002010B5214821490860BC
:104AE0004FF41650486000211E488160C16001618A
:104AF0000C21416100218161C1610162416200209C
:104B0000184988620846FFF7F9F908B1FBF7E6FF94
:104B100000211448FEF7EEFF08B1FBF7DFFF00218C
:104B20001048FEF7B8FF08B1FBF7D8FF0D48FEF7B5
:104B300043FF08B1FBF7D2FF01220B490948FFF7F9
:104B40008BFA802209490748FEF75DFF0848006894
:104B5000006820F0040006490968086010BD0000E4
:104B6000003801406004002060030020E0030020C2
:104B7000F404002000BFFEE700BFFEE7704700001E
:104B800070B5164DED6805F00304144DED68C5F3DE
:104B900003156B1C022C0CD0032C09D1104DB5FB56
:104BA000F3F50E4EF668C6F3062605FB06F10AE09D
:104BB00000BF0C4DB5FBF3F5084EF668C6F30626AC
:104BC00005FB06F100BF00BF044DED68C5F341656C
:104BD0006D1C6A00B1FBF2F070BD000000100240D5
:104BE00000366E010024F40000B501210020FFF71B
:104BF00073FC4FF47A70FBF762FF00210120FFF78E
:104C00006BFC41F290711020FFF766FC4FF41C51D1
:104C10006020FFF761FC01216120FFF75DFC0221AC
:104C20004620FFF759FC48F210011320FFF754FC0F
:104C300048F2FE011220FFF74FFC4FF4A061022062
:104C4000FFF74AFC41F230010320FFF745FC40F238
:104C500003313020FFF740FC40F203313120FFF7F1
:104C60003BFC40F203313220FFF736FC4FF4407139
:104C70003320FFF731FC03213420FFF72DFC40F2F5
:104C800003313520FFF728FC14213620FFF724FCE0
:104C900040F203313720FFF71FFC40F20331382088
:104CA000FFF71AFC40F203313920FFF715FC4FF4EF
:104CB00040713A20FFF710FC03213B20FFF70CFC6A
:104CC00040F203313C20FFF707FC4FF4A0513D2098
:104CD000FFF702FC4FF400719220FFF7FDFB40F25A
:104CE00003319320FFF7F8FB40F60D019020FFF70A
:104CF000F3FB41F218010320FFF7EEFB40F27311C2
:104D00000720FFF7E9FB00BD10B543F20801E320DF
:104D1000FFF7E2FB1221E720FFF7DEFB41F2312132
:104D2000EF20FFF7D9FB00210120FFF7D5FB4FF45F
:104D3000E0610220FFF7D0FB41F230010320FFF7D2
:104D4000CBFB00210420FFF7C7FB40F2072108201E
:104D5000FFF7C2FB00210920FFF7BEFB00210A205C
:104D6000FFF7BAFB00210C20FFF7B6FB00210D2056
:104D7000FFF7B2FB00210F20FFF7AEFB0021102050
:104D8000FFF7AAFB07211120FFF7A6FB0021122045
:104D9000FFF7A2FB00211320FFF79EFBC820FDF7C1
:104DA00011F841F290611020FFF796FB40F22721A5
:104DB0001120FFF791FB3220FDF704F81D2112208E
:104DC000FFF78AFB3220FCF7FDFF4FF40061132050
:104DD000FFF782FB14212920FFF77EFB0B212B20FC
:104DE000FFF77AFB3220FCF7EDFF00212020FFF7D0
:104DF00073FB00212120FFF76FFB07213020FFF715
:104E00006BFB40F207713120FFF766FB0621322071
:104E1000FFF762FB40F204713520FFF75DFB41F6BE
:104E200004713620FFF758FB04213720FFF754FBAD
:104E300000213820FFF750FB40F206713920FFF7C0
:104E40004BFB40F201713C20FFF746FB0F213D2058
:104E5000FFF742FB00215020FFF73EFBEF215120DE
:104E6000FFF73AFB00215220FFF736FB40F23F11DB
:104E70005320FFF731FB4FF41C516020FFF72CFB50
:104E800001216120FFF728FB00216A20FFF724FBA6
:104E900000218020FFF720FB00218120FFF71CFB71
:104EA00000218220FFF718FB00218320FFF714FB6D
:104EB00000218420FFF710FB00218520FFF70CFB69
:104EC00010219020FFF708FB00219220FFF704FB40
:104ED00003219320FFF700FB4FF488719520FFF723
:104EE000FBFA00219720FFF7F7FA00219820FFF73F
:104EF000F3FA41F218010320FFF7EEFA40F27311C2
:104F00000720FFF7E9FA10BD704710B5FDF768F804
:104F100010BD00B593B0382105A8FBF7B1F91421F5
:104F20006846FBF7ADF94FF40070FDF729F9012051
:104F300005900004069002200C9003210D910E9123
:104F400014210F91022110911191129105A8FDF7E2
:104F5000EDFC08B1FBF7C2FD0F200090032001908B
:104F6000002002900390049002216846FDF756FB52
:104F700008B1FBF7B3FD13B000BD000003480068A3
:104F800040F47000014908607047000088ED00E0BF
:104F900010B502682A4B98420BD0B0F1804F08D070
:104FA000284B984205D0284B984202D0274B984274
:104FB00003D122F070024B681A43214B984214D05F
:104FC000B0F1804F11D01F4B98420ED01E4B98422B
:104FD0000BD01E4B984208D01D4B984205D01D4B5C
:104FE000984202D01C4B984203D122F44072CB6805
:104FF0001A4322F080034C6943EA040202608B6882
:10500000C3620B6883620E4B98420BD00F4B9842E1
:1050100008D00F4B984205D00E4B984202D00E4B51
:10502000984201D10B69036301234361036903F0D3
:1050300001031BB1036923F00103036110BD0000EC
:10504000002C0140000400400008004000340140F2
:1050500000400140004401400048014030B501F0EB
:105060001F05012404FA05F3046A9C430462046AE0
:1050700001F01F0502FA05F52C43046230BD70B53E
:105080000546AC6A606AA8420AD101202077E86927
:1050900000282BD1012084F83E0084F8440025E04C
:1050A000A06AA84209D102202077E869F0B901215D
:1050B0003F2001554520015518E0E06AA84209D17A
:1050C00004202077E86988B9012140200155462055
:1050D00001550BE0206BA84208D108202077E86931
:1050E00020B9012141200155472001552046FEF7F6
:1050F00084F80020207770BD70B50546AC6A606A00
:10510000A84202D10120207710E0A06AA84202D173
:10511000022020770AE0E06AA84202D1042020772A
:1051200004E0206BA84201D1082020772046FEF73A
:1051300065F80020207770BD70B50546AC6A606ADE
:10514000A84204D10120207784F83E001DE0A06A27
:10515000A84205D10220207701213F20015514E00B
:10516000E06AA84205D104202077012140200155A2
:105170000BE0206BA84205D10820207701214120B7
:10518000015502E0012084F83D002046FEF734F886
:105190000020207770BD30B50C46816821F47F4136
:1051A00042EA032525432943816030BD0A468168D0
:1051B000034B194042F00703194381607047000018
:1051C0008FFFCFFF30B5026A056A25F00105056241
:1051D00043688469204D2C4024F003040D682C435F
:1051E00022F002028D682A431C4DA84200D10FE034
:1051F0001B4DA84200D10BE01A4DA84200D107E098
:10520000194DA84200D103E0184DA84206D100BFB5
:1052100022F00802CD682A4322F004020F4DA84272
:105220000BD00F4DA84208D00E4DA84205D00E4D10
:10523000A84202D00D4DA84207D123F4807323F475
:1052400000734D692B438D692B43436084614D6826
:105250004563026230BD00008FFFFEFF002C01405D
:10526000003401400040014000440140004801403A
:1052700030B5026A056A25F0100505624368846945
:10528000224D2C4024F440740D6844EA052422F099
:1052900020028D6842EA05121D4DA84200D10FE0A0
:1052A0001C4DA84200D10BE01B4DA84200D100BF0D
:1052B0001A4DA84200D100BF194DA84207D106E0FF
:1052C00022F08002CD6842EA051222F04002104D21
:1052D000A8420BD00F4DA84208D00F4DA84205D0D0
:1052E0000E4DA84202D00E4DA84209D123F480638E
:1052F00023F400634D6943EA85038D6943EA85031E
:10530000436084614D688563026230BDFF8FFFFE9C
:10531000002C0140003401400040014000440140A5
:105320000048014030B5026A056A25F480750562BF
:105330004368C469224D2C4024F003040D682C43BB
:1053400022F400728D6842EA05221E4DA84200D167
:105350000FE01D4DA84200D10BE01C4DA84200D12A
:1053600000BF1B4DA84200D100BF1A4DA84207D173
:1053700006E022F40062CD6842EA052222F480624F
:10538000104DA8420BD0104DA84208D00F4DA84296
:1053900005D00F4DA84202D00E4DA84209D123F4EA
:1053A000805323F400534D6943EA05138D6943EAA2
:1053B00005134360C4614D68C563026230BD0000DF
:1053C0008FFFFEFF002C01400034014000400140EF
:1053D000004401400048014030B5026A056A25F4E6
:1053E000805505624368C469224D2C4024F4407402
:1053F0000D6844EA052422F400528D6842EA053221
:105400001D4DA84200D10FE01C4DA84200D10BE079
:105410001B4DA84200D100BF1A4DA84200D100BFC9
:10542000194DA84207D106E022F40042CD6842EAB5
:10543000053222F48042104DA8420BD00F4DA842F5
:1054400008D00F4DA84205D00E4DA84202D00E4DF7
:10545000A84209D123F4804323F400434D6943EA71
:1054600085138D6943EA85134360C4614D68056403
:10547000026230BDFF8FFFFE002C0140003401406E
:1054800000400140004401400048014030B5026A3C
:10549000056A25F4803505624368046D114D2C4082
:1054A0000D682C4322F400320D8942EA05420E4D6C
:1054B000A8420BD00D4DA84208D00D4DA84205D0F2
:1054C0000C4DA84202D00C4DA84204D123F48033E5
:1054D0004D6943EA0523436004654D6885640262B3
:1054E00030BD00008FFFFEFF002C01400034014062
:1054F00000400140004401400048014030B5026ACC
:10550000056A25F4801505624368046D114D2C4031
:105510000D6844EA052422F400120D8942EA05527E
:105520000D4DA8420BD00D4DA84208D00C4DA842FD
:1055300005D00C4DA84202D00B4DA84204D123F453
:1055400080234D6943EA8523436004654D68C56443
:10555000026230BDFF8FFFFE002C0140003401408D
:105560000040014000440140004801402DE9F0475F
:1055700005460C464FF00009286886683948064001
:1055800060680643384806402068064328688660FD
:105590006068602851D00EDC302857D006DC002827
:1055A00051D0102850D0202856D14EE040281ED08F
:1055B000502851D13BE02D4A811A904249D00ADC53
:1055C00070280DD0B0F1101F41D0A0F58010203808
:1055D000002841D13CE010293CD040293CD13AE0A0
:1055E000D4E90313A2682868FFF7D5FD37E02068E7
:1055F000052803D02068B0F1011F02D10120BDE8C9
:10560000F0872868D0F820802868006A20F0010020
:10561000296808622868876927F0F007206947EA47
:105620000017286887612868C0F8208017E0226981
:10563000A168286800F01CF811E02269A1682868B8
:1056400000F068F80BE000BF00BF00BF00BF00BF64
:1056500000BF00BF00BF02E04FF0010900BF00BF64
:105660004846CCE78FFFCFFFF8FFFEFF3000100069
:1056700030B50B461446026A056A25F0010505623D
:10568000816921F0F00141EA041122F00A021A4373
:105690008161026230BD000070B50C461546026A99
:1056A000066A26F0010606628169154EB0420ED0E8
:1056B000B0F1804F0BD0134EB04208D0124EB04222
:1056C00005D0124EB04202D0114EB04201D1012697
:1056D00000E000261EB121F00301294301E041F062
:1056E000010121F0F001F02606EA0316314322F011
:1056F0000A0204F00A0632438161026270BD0000B2
:10570000002C01400004004000080040003401402B
:105710000040014030B50B461446026A056A25F088
:1057200010050562816921F4704141EA043122F0DB
:10573000A00242EA03128161026230BD70B50C46DC
:105740001546026A066A26F010060662816921F48F
:10575000407141EA052121F470414FF4704606EA98
:105760000336314322F0A002A02606EA0416324393
:105770008161026270BD70B50C461546026A066A08
:1057800026F480760662C16921F00301294321F0E5
:10579000F001F02606EA0316314322F420624FF4AA
:1057A000206606EA04263243C161026270BD70B50C
:1057B0000C461546026A066A26F480560662C169DE
:1057C00021F4407141EA052121F470414FF4704603
:1057D00006EA0336314322F420424FF4204606EA1B
:1057E00004363243C161026270BD000070B5456E7F
:1057F0002DB90125A0F86A50A0F868501CE00823D4
:1058000008240568AD68C5F342610568AD686A0F94
:105810000A4DAD5C15FB04F5094EB65C95FBF6F53B
:10582000A0F86A50054D6D5C15FB03F5044E765CDF
:1058300095FBF6F5A0F8685070BD00000C7D0008DF
:10584000147D000890F8281001F00801082907D1FC
:105850000168496821F40041826B1143026851607C
:1058600090F8281001F0010139B10168496821F46C
:105870000031C26A11430268516090F8281001F0AB
:105880000201022907D10168496821F48031026BC5
:1058900011430268516090F8281001F004010429B6
:1058A00007D10168496821F48021426B11430268E5
:1058B000516090F8281001F01001102907D10168FB
:1058C000896821F48051C26B11430268916090F89D
:1058D000281001F02001202907D10168896821F4EE
:1058E0000051026C11430268916090F8281001F099
:1058F0004001402913D10168496821F48011426CAC
:10590000114302685160416CB1F5801F07D10168F5
:10591000496821F4C001826C11430268516090F81B
:10592000281001F08001802907D10168496821F41D
:105930000021C26C114302685160704738B50446BB
:105940000020C4F89000FCF745FB0546206800687D
:1059500000F00800082821D16FF07E402B4600227D
:105960004FF400110090204600F046FFB0B100BF98
:1059700000BF216851E8001F21F08000226842E842
:1059800000010029F5D100BF2020C4F8880000BF25
:10599000002084F8840000BF032038BD2068006820
:1059A00000F00400042830D16FF07E402B46002226
:1059B0004FF480010090204600F01EFF28B300BF86
:1059C00000BF216851E8001F21F49070226842E86E
:1059D00000010029F5D100BF00BF00BF21680831D8
:1059E00051E8001F21F001002168083141E8000260
:1059F000002AF3D100BF2020C4F88C0000BF002093
:105A000084F8840000BF0320C7E72020C4F8880082
:105A1000C4F88C000020E066206700BF84F8840092
:105A200000BF00BFB9E770B50546AC6A0020A4F816
:105A30005E00A4F856002046FEF78DF870BD2DE9F3
:105A4000F0410546AC6AD4F88860D4F88C702068C0
:105A5000806800F08000802807D1212E05D1002029
:105A6000A4F85600204600F0D5F82068806800F0C1
:105A70004000402807D1222F05D10020A4F85E0065
:105A8000204600F079F8D4F8900040F01000C4F8F7
:105A900090002046FEF75FF8BDE8F08170B505463E
:105AA000AC6A2868006800F02000E0BB0020A4F881
:105AB0005E0000BF00BF216851E8001F21F4807024
:105AC000226842E800010029F5D100BF00BF00BFF5
:105AD0002168083151E8001F21F0010021680831D8
:105AE00041E80002002AF3D100BF00BF00BF2168D7
:105AF000083151E8001F21F040002168083141E8D9
:105B00000002002AF3D100BF2020C4F88C00E06E10
:105B100001280ED100BF00BF216851E8001F21F00D
:105B20001000226800E004E042E800010029F3D1FF
:105B300000BF00202067E06E012805D1B4F85C109A
:105B40002046FDF791FF02E02046FEF7B3FA70BD54
:105B500070B50546AC6A01202067E06E012806D1C9
:105B6000B4F85C0041082046FDF77EFF02E02046C5
:105B7000FEF7A1FA70BD000000BF00BF026852E846
:105B8000002F22F49071036843E80012002AF5D137
:105B900000BF00BF00BF0268083252E8002F104B60
:105BA00002EA03010268083242E80013002BF2D136
:105BB00000BFC16E01290CD100BF00BF026852E8CE
:105BC000002F22F01001036843E80012002AF5D1EB
:105BD00000BF2021C0F88C100021C16641677047CA
:105BE000FEFFFFEF10B5044600BF00BF216851E87B
:105BF000001F21F04000226842E800010029F5D191
:105C000000BF2020C4F888000020A0672046FEF7CF
:105C100053FA10BD00BF00BF026852E8002F22F007
:105C2000C001036843E80012002AF5D100BF00BF9D
:105C300000BF0268083252E8002F22F40001026817
:105C4000083242E80013002BF3D100BF2021C0F836
:105C5000881070472DE9F0410446B4F86070D4F81C
:105C60008C0022286ED12068406A86B2A56D06EAB3
:105C700007002880A06D801CA065B4F85E00401E5F
:105C8000A4F85E00B4F85E00002861D100BF00BF38
:105C9000216851E8001F21F49070226842E8000159
:105CA0000029F5D100BF00BF00BF2168083151E8CD
:105CB000001F21F001002168083141E80002002A9C
:105CC000F3D100BF2020C4F88C000020606720675B
:105CD00020492068884211D02068406800F4000004
:105CE00060B100BF00BF216851E8001F21F0806053
:105CF000226842E800010029F5D100BFE06E0128CA
:105D00001CD10020E06600BF00BF216851E8001FE1
:105D100021F01000226842E800010029F5D100BFFF
:105D20002068C069C0F3001010B11020216808621B
:105D3000B4F85C102046FDF797FE09E02046FEF718
:105D4000B9F905E02068806940F0080021688861A1
:105D5000BDE8F081008000402DE9F84F0446B4F81A
:105D600060B02068C5692068006800902068D0F89D
:105D700008A0D4F88C0022287ED1B4F86890ADE059
:105D80002068406A1FFA80F8A76D08EA0B00388087
:105D9000A06D801CA065B4F85E00401EA4F85E00F3
:105DA0002068C56905F00700B0B305F0010060B1D7
:105DB000009800F4807040B1012021680862D4F896
:105DC000900040F00100C4F8900005F0020058B1C6
:105DD0000AF0010040B1022021680862D4F8900066
:105DE00040F00400C4F8900005F0040058B10AF037
:105DF000010040B1042021680862D4F8900040F00E
:105E00000200C4F89000D4F8900028B12046FDF7B5
:105E1000A2FE0020C4F89000B4F85E0000285DD116
:105E200000BF00BF216851E8001F21F48070226884
:105E300042E800010029F5D100BF00BF00BF216882
:105E4000083151E8001F404A01EA02002168083188
:105E500041E80002002AF2D100BF2020C4F88C00E3
:105E600000206067206739492068884213D0206885
:105E7000406800F4000000E05DE060B100BF00BFDA
:105E8000216851E8001F21F08060226842E800018B
:105E90000029F5D100BFE06E01281CD10020E0668A
:105EA00000BF00BF216851E8001F21F010002268E8
:105EB00042E800010029F5D100BF2068C069C0F3A5
:105EC000001010B1102021680862B4F85C10204660
:105ED000FDF7CAFD02E02046FEF7ECF8B9F1000F2D
:105EE00004D005F0200000287FF44AAFB4F85E60CB
:105EF00006B3B4F86800B04223DD00BF00BF2168DC
:105F0000083151E8001F21F080502168083141E834
:105F10000002002AF3D100BF0D48606700BF00BF38
:105F2000216851E8001F41F02000226842E800018A
:105F30000029F5D105E02068806940F0080021685B
:105F40008861BDE8F88F0000FEFFFFEF0080004091
:105F5000555C000870B50446B4F86060D4F88C0055
:105F600022286FD12068406A85B2F0B22840A16D26
:105F70000870A06D401CA065B4F85E00401EA4F837
:105F80005E00B4F85E00002862D100BF00BF216847
:105F900051E8001F21F49070226842E800010029B6
:105FA000F5D100BF00BF00BF2168083151E8001FD4
:105FB00021F001002168083141E80002002AF3D1F4
:105FC00000BF2020C4F88C000020606720672149B2
:105FD0002068884211D02068406800F4000060B159
:105FE00000BF00BF216851E8001F21F080602268D7
:105FF00042E800010029F5D100BFE06E01281CD164
:106000000020E06600BF00BF216851E8001F21F0BA
:106010001000226842E800010029F5D100BF206885
:10602000C069C0F3001010B1102021680862B4F8F4
:106030005C102046FDF718FD0AE02046FEF73AF80E
:1060400006E0FFE72068806940F008002168886169
:1060500070BD0000008000402DE9F05F0446B4F8F8
:1060600060A02068C5692068D0F800B02068D0F82A
:106070000890D4F88C0022287ED1B4F86880ACE077
:106080002068406A87B20AF0FF003840A16D0870AE
:10609000A06D401CA065B4F85E00401EA4F85E0030
:1060A0002068C56905F00700A8B305F0010058B1E4
:1060B0000BF4807040B1012021680862D4F8900090
:1060C00040F00100C4F8900005F0020058B109F05A
:1060D000010040B1022021680862D4F8900040F02D
:1060E0000400C4F8900005F0040058B109F0010064
:1060F00040B1042021680862D4F8900040F002000A
:10610000C4F89000D4F8900028B12046FDF723FD94
:106110000020C4F89000B4F85E0000285DD100BFF4
:1061200000BF216851E8001F21F48070226842E816
:1061300000010029F5D100BF00BF00BF2168083170
:1061400051E8001F3F4A01EA02002168083141E896
:106150000002002AF2D100BF2020C4F88C000020E9
:106160006067206738492068884213D020684068FB
:1061700000F4000070B100E05CE000BF00BF2168E7
:1061800051E8001F21F08060226842E800010029E8
:10619000F5D100BFE06E01281CD10020E06600BFF1
:1061A00000BF216851E8001F21F01000226842E87A
:1061B00000010029F5D100BF2068C069C0F30010BC
:1061C00010B1102021680862B4F85C102046FDF779
:1061D0004BFC02E02046FDF76DFFB8F1000F04D044
:1061E00005F0200000287FF44BAFB4F85E6006B3E2
:1061F000B4F86800B04223DD00BF00BF2168083159
:1062000051E8001F21F080502168083141E8000268
:10621000002AF3D100BF0D48606700BF00BF2168AE
:1062200051E8001F41F02000226842E800010029E7
:10623000F5D105E02068806940F008002168886198
:10624000BDE8F09FFEFFFFEF00800040555F0008B3
:106250002DE9FE4F044600200290D4492068884270
:1062600000D100E000BF2169A068084361690843CC
:10627000E16940EA010820680068CD49084040EA29
:106280000800216808602068406820F44050E168F8
:10629000084321684860D4F81880C44920688842BF
:1062A00002D0206A40EA080820688068C149084096
:1062B00040EA0800216888602068C06A20F00F006A
:1062C000616A08432168C86200BFBB4920688842F0
:1062D00016D1BA48006800F0030030B1012808D098
:1062E000022804D0032808D105E0012507E0022593
:1062F00005E0042503E0082501E0102500BF6FE05C
:10630000AF492068884216D1AC48006800F00C0004
:1063100030B1042808D0082804D00C2808D105E0A2
:10632000002507E0022505E0042503E0082501E03B
:10633000102500BF54E0A3492068884216D19F4829
:10634000006800F0300030B1102808D0202804D0B8
:10635000302808D105E0002507E0022505E00425E6
:1063600003E0082501E0102500BF39E096492068C8
:10637000884216D19148006800F0C00030B1402832
:1063800008D0802804D0C02808D105E0002507E007
:10639000022505E0042503E0082501E0102500BFE3
:1063A0001EE082492068884219D18448006800F4C0
:1063B000406048B1B0F5806F0AD0B0F5006F05D0ED
:1063C000B0F5406F08D105E0002507E0022505E0A3
:1063D000042503E0082501E0102500BF00E010259A
:1063E00000BF72492068884259D135B1022D08D0CA
:1063F000042D08D0082D0DD109E0FCF727FA064638
:106400000CE0724E0AE0FCF745FA064606E04FF44F
:10641000004603E000260120029000BF00BF002ECE
:1064200010D06B49606A31F81000B6FBF0F9606873
:1064300000EB4000484503D860680003484502D29D
:1064400001200290A6E06249606A31F810C06246FD
:10645000002330461946F9F7DBFE4FF4807C00221A
:10646000A0FB0C3B01FB0CB100FB02116068400873
:1064700018185141CDE90001D4F804C06246002348
:10648000F9F7C6FE0746B7F5407F05D3B7F5801F7D
:1064900002D22068C7607DE0012002907AE0E069C6
:1064A000B0F5004F3FD1092D17D2DFE805F00509FF
:1064B0000D160F1616161300FCF7C8F9064610E065
:1064C000FCF7D6F906460CE0404E0AE0FCF7E2F98C
:1064D000064606E04FF4004603E000260120029045
:1064E00000BF00BF86B33A49606A31F81000B6FBBE
:1064F000F0F04000616800EB5100B0FBF1F7102FA5
:106500000ED3B7F5803F0BD24FF6F07007EA000AC2
:10651000C7F342004AEA000A2068C0F80CA039E03C
:106520000120029036E0092D18D2DFE805F00509B8
:106530000E17101717171400FCF788F9064611E01C
:10654000FCF796F906460DE024E0204E0AE0FCF741
:10655000A1F9064606E04FF4004603E000260120BC
:10656000029000BF00BFAEB11949606A31F8100057
:10657000B6FBF0F0616800EB5100B0FBF1F7102FB3
:1065800006D3B7F5803F03D2B8B22168C86001E0F6
:10659000012002900120A4F86A00A4F868000020FD
:1065A0006067A0670298BDE8FE8F00000080004091
:1065B000F369FFCFFFF4FF1100380140881002405B
:1065C0000044004000480040004C00400024F4001B
:1065D000F47C000870B504460E46154644F8586F22
:1065E000A5800020A06322206063A06A583CF8B117
:1065F0002748241DE16FC8622648E16F08632648DA
:10660000E16F48630020E16F886354F8043C03F1B4
:106610002401626DE06F241F2B46FBF771FB38B13C
:106620001020C4F890002020C4F88C00012070BD18
:10663000206960B100BF00BF216851E8001F41F42C
:106640008070226842E800010029F5D100BF00BF38
:1066500000BF2168083151E8001F41F001002168A6
:10666000083141E80002002AF3D100BF00BF00BF9B
:106670002168083151E8001F41F0400021680831CD
:1066800041E80002002AF3D100BF0020CFE700005C
:106690009D5A0008515B00083F5A000830B5034678
:1066A0009965A3F85C20A3F85E200020586700BF1E
:1066B0009868B0F5805F0AD1186920B940F2FF10E0
:1066C000A3F8600020E0FF20A3F860001CE09868B9
:1066D00048B9186918B9FF20A3F8600014E07F20BA
:1066E000A3F8600010E09868B0F1805F09D11869E4
:1066F00018B97F20A3F8600006E03F20A3F86000EF
:1067000002E00020A3F8600000BF0020C3F8900062
:106710002220C3F88C0000BF00BF1C68083454E876
:10672000004F44F001001C68083444E80005002DC7
:10673000F3D100BF586EB0F1005F2CD1B3F8680000
:10674000904228DC9868B0F5805F04D1186910B9D0
:106750002548586701E025485867186960B100BFAF
:1067600000BF1C6854E8004F44F480701D6845E881
:106770000004002CF5D100BF00BF00BF1C68083426
:1067800054E8004F44F080501C68083444E8000589
:10679000002DF3D126E09868B0F5805F04D1186928
:1067A00010B91348586701E012485867186960B17A
:1067B00000BF00BF1C6854E8004F44F490701D688F
:1067C00045E80004002CF5D10CE000BF00BF1C68B8
:1067D00054E8004F44F020001D6845E80004002CF8
:1067E000F5D100BF002030BD595D00085960000898
:1067F000555C0008555F00082DE9F04104460D4640
:1068000017469846069E41E0701C00283ED0FBF7D4
:10681000E1FBA0EB0800B04200D816B90320BDE8A8
:10682000F0812068006800F0040070B3802D2DD046
:10683000402D2BD02068C069C0F3C00078B108207B
:10684000216808622046FFF797F90820C4F89000F5
:1068500000BF002084F8840000BF0120DFE720682B
:10686000C069C0F3C02080B14FF4006021680862A5
:106870002046FFF781F92020C4F8900000BF0020D7
:1068800084F8840000BF0320C9E7FFE72068C069DF
:106890002840A84201D1012000E00020B842B3D036
:1068A0000020BCE710B50848FDF756F980220749DB
:1068B0000548FDF7A8F806480068006820F00400C5
:1068C00003490968086010BD60040020E00300204F
:1068D000F404002000BFFEE737B514460846064B17
:1068E0006A46214600F0F8F804466946002000F0A8
:1068F0008AFC20463EBD000007720008024800687E
:10690000C0F30220704700000CED00E010B5002835
:1069100004DB0A07130E054A135406E00A07140E97
:10692000034A00F00F031B1FD45410BD00E400E025
:1069300018ED00E002E008C8121F08C1002AFAD1D1
:1069400070477047002001E001C1121F002AFBD1EF
:10695000704700002DE9FF5F82B00021DDE90430BF
:10696000020DDDF840B0034318D044F61050A2F2F7
:10697000FF3242431514119801281FD0A5EB0B00DC
:10698000401C5FEA000A4FF000064E4FDFF83891D6
:10699000B046504615D5CAF1000413E01198012401
:1069A0004AA3012801D16FEA0B010298119AC0E9AC
:1069B0000031C0E9024206B0BDE8F09FCBF1000013
:1069C000DFE704460021404A491842EB0450CDE974
:1069D000001012E0E00707D032463B4640464946E9
:1069E000F9F748FD8046894632463B46104619462F
:1069F000F9F740FD06460F466410002CEAD1DDE9A8
:106A00000401DDE90023BAF1000F06DAF9F732FDDF
:106A100042464B46F9F72EFD05E0F9F79DFD42464B
:106A20004B46F9F799FD04460E460022284BF9F72C
:106A30001BFE03D84FF0FF30014607E00022254B34
:106A400020463146F9F76FFCF9F7F5FD102409E00F
:106A5000002C0ADB0A220023F9F7DAFB039B303211
:106A60001A55641E50EA0102F2D1641C039AC4F163
:106A700011031444119A012A03D0012208430DD1B5
:106A80000AE0084304D000204FF0110B119072E788
:106A9000A3EB0B056D1E0DE05B4504DD4FF000021E
:106AA00005F1010504E003DA4FF00002A5F101054C
:106AB000002AECD002981199C0E90231C0E90045E2
:106AC00079E70000000014400000F03F30000000B3
:106AD0000000F0430000E03F2DE9FF4F95B09B46DA
:106AE0008946064600250FE2252877D1002427464F
:106AF000F84A0121059400E0044316F8013F203BC9
:106B000001FA03F01042F7D130782A2811D06FF043
:106B10002F033078A0F13002092A16D8059A44F0E4
:106B2000020402EB820203EB42021044761C059041
:106B3000EFE759F8042B0592002A03DA504244F497
:106B40000054059044F00204761C30782E2816D1AB
:106B500016F8010F44F004042A280DD06FF02F021C
:106B60003078A0F13003092B09D807EB870302EB3B
:106B70004303C718761CF3E759F8047B761C30787A
:106B80006C280FD006DC4C2817D068280DD06A2856
:106B900014D104E0742810D07A280FD10DE044F409
:106BA00000140AE044F4801401E044F440147278C4
:106BB000824202D104F58014761C761C3078662857
:106BC0000BD013DC582877D009DC002875D0452875
:106BD000F6D04628F4D047281AD19DE118E0632862
:106BE00035D0642879D0652812D195E1702873D00A
:106BF00008DC6728F1D069286FD06E280DD06F2887
:106C000006D1B5E073282CD0752875D0782874D0BB
:106C10005A46179990476D1C75E1C4F3025002283B
:106C200009D003280DD0D9F8001004280DD00D602C
:106C300009F1040967E1D9F80010EA17C1E9005227
:106C4000F6E7D9F800100D80F2E70D70F0E719F8BB
:106C5000041B8DF8001000208DF80100EA46012089
:106C600003E059F804AB4FF0FF3061074FF000012B
:106C700002D40DE008F101018846B9420FDA8045DF
:106C8000F8DB1AF808100029F4D108E008F1010136
:106C900088468142FADB1AF808100029F6D10598D7
:106CA0005B46A0EB080721463846179A00F094FA95
:106CB000284400EB080507E04DE029E10DE01AF853
:106CC000010B5A4617999047B8F10108F7D25B4675
:106CD00021463846179A13E142E00A220092C4F393
:106CE00002524FF0000A022A08D059F804CB032AB6
:106CF0004FEAEC710AD00DE029E02AE009F1070122
:106D000021F00702F2E802C1914609E00FFA8CFC7B
:106D10004FEAEC71042A03D14FFA8CFC4FEAEC7174
:106D2000002907DA0A460021DCF1000C61EB0201C0
:106D30002D2202E0220504D52B228DF80420012209
:106D400003E0E20701D02022F7E7904659E00A214C
:106D500002E010220DE010214FF0000A00910BE03C
:106D600010224FF0000A44F004040827009203E0C8
:106D700008224FF0000A0092C4F30252022A05D002
:106D800059F804CB0021032A08D009E009F10701D2
:106D900021F00702F2E802C1914605E01FFA8CFCDF
:106DA000042A01D10CF0FF0C4FF00008220728D56F
:106DB000702806D0009B83F0100353EA0A0305D025
:106DC0000EE040228DF80420012208E05CEA010276
:106DD00006D030228DF804208DF80500022290465E
:106DE000009B83F0080353EA0A030AD15CEA01021C
:106DF00001D1620705D530228DF804204FF001083B
:106E00007F1E582804D034A003900EA802900DE0F5
:106E100036A0F9E753466046009AF9F7F9F9844637
:106E20000398825C0298401E029002705CEA0100A6
:106E3000F0D1029806A9081A00F1200A600702D5CD
:106E400024F4803400E00127574502DDA7EB0A0057
:106E500000E0002000EB0A01009005984144401A30
:106E60000590E00306D45B462146179A059800F08A
:106E7000B3F90544002706E001A85A46C05D1799FA
:106E800090476D1C7F1C4745F6DBE0030CD55B4645
:106E90002146179A059800F09FF9054404E0302038
:106EA0005A46179990476D1C0099481E009000297A
:106EB000F5DC08E0029802995A460078491C0291D4
:106EC000179990476D1CBAF10001AAF1010AF1DC93
:106ED00065E100000928010030313233343536379E
:106EE0003839616263646566000000003031323316
:106EF00034353637383941424344454600000000B6
:106F000000F058F90544761C307800287FF4ECAD89
:106F100019B02846BDE8F08F620700D4062709F1B2
:106F2000070222F0070CFCE80223E14603F00048C8
:106F30005FEA080C02D00FF2702C0DE05FEA045CEF
:106F400002D50FF2682C07E05FEAC47C02D00FF292
:106F5000602C01E0AFF2700C4FF0FF3823F00043DB
:106F6000CDF850C065280CD006DC452809D046284D
:106F70001DD047283DD13DE0662818D067287ED136
:106F800038E00021112F01DB112000E0781CCDE951
:106F9000000106A90EA8FFF7DDFCDDE90F010E9A3E
:106FA00003910021009207F1010A04914DE04FF096
:106FB00000400097CDE9011006A90EA8FFF7CAFC12
:106FC000DDE90F0203920E9B11990022DDF80CA05F
:106FD0000093049211B9791C00EB010AB7EB0A0087
:106FE00004D4C0F1FF3007F1010A0490AAEB0700B6
:106FF000019044E0012F00DA01270021112F01DD6B
:10700000112000E03846CDE9000106A90EA8FFF7DF
:10701000A1FCDDE90F010E9A039100210491009279
:10702000BA4621070CD40399514500DA8A46BAF1D1
:10703000010F05DD009AAAF10101515C302908D049
:10704000B84202DA10F1040F06DA0121CDE901108D
:1070500015E0AAF10101E9E7002805DC04990144E3
:107060000491AAEB000102E0411C514500DD8A4673
:107070000499401A401C01904FF0004002902007F4
:1070800004D40198504501DBCDF8048000208DF830
:107090004F0002980DF14F07B0F1004F25D02B2083
:1070A0000E9002984FF0020800280CDA404202903D
:1070B0002D200E9007E00A210298F9F7FFF83031F1
:1070C000029007F8011DB8F10001A8F10108F2DCF7
:1070D00002980028EFD1791E0E980870307800F0E1
:1070E000200040F0450007F8020D12A8C01B00F177
:1070F00007081498007800B1012000EB0A010198FC
:1071000001EBE07105984144401A401E0590E003F0
:1071100006D45B462146179A059800F05DF80544B1
:107120001498007818B15A46179990476D1CE003DF
:1071300024D55B462146179A059800F04DF8054482
:107140001CE00498002807DBDDE90301884203DD29
:107150000098405C179901E0179930205A469047F3
:10716000049805F10105401C04900198401E01900F
:1071700004D12E205A46179990476D1CBAF1000190
:10718000AAF1010ADDDC05E017F8010B5A46179950
:1071900090476D1CB8F10001A8F10108F4DC5B46D2
:1071A0002146179A0598ABE62D0000002B00000041
:1071B000200000002DE9F041044600251E46174638
:1071C000880404D405E039462020B0476D1C641EB5
:1071D000F9D52846BDE8F0812DE9F04104460025A7
:1071E0001E469046C80301D5302700E020278804BA
:1071F00004D505E041463846B0476D1C641EF9D5FC
:107200002846BDE8F0810A68531C0B601070704777
:1072100010B500201FE03C49D1ED000A3B4951F870
:10722000201000EE101AB8EE400A30EE800A3649FF
:1072300081ED000AD1ED010A3449783151F820106E
:1072400000EE101AB8EE400A30EE800A2E4981EDA9
:10725000010A411CC8B21E28DDDB2B48D0ED000A14
:10726000B3EE0F0A80EE801A80ED001AD0ED010A0D
:10727000B3EE0F1A80EE810A9FED251AC0EE010AC7
:107280009FED240A20EE800A80ED010A2248007852
:1072900020BB1D4890ED010AF7EE000AB4EEE00AAB
:1072A000F1EE10FA05D2B2EE040A1C4880ED000A95
:1072B00024E0154890ED010AF7EE000AB4EEE00A6A
:1072C000F1EE10FA0BDDD0ED010A9FED150A9FEDEE
:1072D000151A11EE200A114880ED000A0EE00A4846
:1072E00090ED010AF0EE080AB4EEE00AF1EE10FAB1
:1072F00004DD9FED0D0A094880ED000A074890ED76
:10730000000A00F00BFC10BDAC00002000060020BD
:10731000000080453333534080000020A800002047
:107320000000DC41000016420000AA420C48006840
:10733000C0B20B4908600846006860F480700860BD
:107340000848006840F0040006490860054810300D
:10735000006840F0040003491031086070470000E5
:1073600014080048180C004810B500206549086052
:1073700000BF08E0644951F82010624A12681144C5
:10738000604A1160401C4028F4DB5E4800688009B8
:107390005C490860084690ED000AB8EE400ADFED4F
:1073A0005B0A80EE801ABDEEC10A594880ED000AE2
:1073B00044F620634FF4FA72012100F045FB544873
:1073C00000685349086008460068400000EE100A53
:1073D000B8EE400ADFED4F0A60EE200A4E48007812
:1073E00000EE100AB8EE400A20EE800A9FED4B1A1C
:1073F000C0EE010A4848407800EE100AB8EE400A94
:1074000080EE801A464880ED001A464800684649DA
:107410000968401A642838D344480078012819D1F3
:10742000434800885030424908804248007808B9F3
:10743000012001E04FF0FF303F490988502202FB54
:1074400000103D4908800846008800F07FFB0120BD
:107450003A49487036480088B0F57A6F11D1334800
:10746000007880F001003149087000203049088020
:107470003048007880F001002E49087000202F4924
:10748000487028480068284908602D4890ED000A97
:10749000BDEEC00A10EE100A214991ED000ABDEEC2
:1074A000C00A10EE101A88420AD01E48006825490A
:1074B00008601B4890ED000A214880ED000A1FE09B
:1074C000184800681F490968401AB0F5FA6F17D3C9
:1074D0001D481849097800EB810090ED000A10481A
:1074E000D0ED000AB4EEE00AF1EE10FA08D290ED09
:1074F000000A15480F49097800EB810080ED000A69
:1075000010BD0000CC000020F006002000247449CB
:10751000C8000020C3F54840890000200000C84290
:107520009800002004000020B80000207600002011
:10753000BC000020A1000020B60000206400002054
:10754000C0000020C400002090000020144815490D
:107550000860012088800872002048721048086185
:107560000221104881820121017641760C480D49A3
:10757000086204210B488184012180F8281002212F
:1075800080F829104FF09040064908630121054812
:10759000818680F83810032180F839107047000088
:1075A000000400485405002010B500F0E1F86249DD
:1075B000087062480078097848405F4909780840B7
:1075C0005F4908705D4800785B49097848405A492E
:1075D000097888435B490870574800785749087014
:1075E0005848007804280DD15748007850B9FAF768
:1075F000F1FC56490968401AB0F5FA6F02D901202A
:10760000534908704E480078012806D002281AD045
:1076100003283ED0042862D159E04B480078401C32
:10762000032190FBF1F201FB120047490870084664
:107630000078022806D14748007847490870454835
:10764000407848704BE040480078B8B9FAF7C2FC7F
:1076500042490968401A41F28831884202D84048BC
:10766000007858B901203F490870FAF7B3FC3B494C
:1076700008603B480078401C39490870324800785F
:10768000012805D13848007880F00100364908709B
:1076900025E02D480078012809D12E483249097883
:1076A000405C401C2B49304A127888540EE0264832
:1076B000007801280AD127482B490978405C0B281B
:1076C00004D100212348284A1278815407E01E483B
:1076D000007818B9FAF77EFC1C49086000BF00BFAB
:1076E00018480078042826D12048006817490968FE
:1076F000401AB0F5FA6F03D90120154908701AE055
:1077000011480078012813D1124817490978405CC4
:10771000401EC1B20F48144A1278815412490978A8
:10772000405C40B901200B490F4A1278885402E0AE
:1077300000200749087010BD710000207200002071
:107740007300002074000020A000002078000020BA
:10775000800000208B000020890000207C00002099
:107760008800002076000020750000200400002022
:1077700010B5002401210D48FAF71EFC00B90124C0
:1077800002210A48FAF718FC00B90224042107482C
:10779000FAF712FC00B9032401214FF09040FAF7E8
:1077A0000BFC00B90424204610BD00000004004872
:1077B00010B52DED028B3D48007820B1012830D066
:1077C00002286ED142E03AA11820FCF742FF3C4863
:1077D000007808B93BA000E03BA002463BA148204E
:1077E000FCF737FF3C480068F8F755FD41EC180BF3
:1077F00053EC182B39A16020FCF72BFF3B480068A5
:10780000F8F749FD41EC180B53EC182B38A1782000
:10781000FCF71FFF3A4802883AA19020FCF719FFB5
:107820003FE03DA11820FCF714FF3F4802783FA13C
:107830004820FCF70EFF3C48427840A16020FCF74E
:1078400008FF42A17820FCF704FF2AE043A118209A
:10785000FCF7FFFE4548027845A14820FCF7F9FEF9
:10786000474890ED010A10EE101A0846F8F713FD8C
:1078700041EC180B53EC182B42A16020FCF7E9FEF9
:107880003F4890ED000A10EE101A0846F8F703FD85
:1078900041EC180B53EC182B3FA17820FCF7D9FED4
:1078A00000BF00BFBDEC028B10BD0000A000002097
:1078B00020202020202020204441544100000000AE
:1078C000A10000204C0000004800000020202020E3
:1078D0004D3D257320202000A800002020202020DE
:1078E000503D252E316625250A20200098000020D5
:1078F00020202020563D252E31662020200000002B
:10790000B6000020202020206672657175656E63C8
:10791000793D2564202020002020202020202020C8
:1079200050415241000000008B0000202020202008
:10793000523D25642020202020000000202020200F
:107940004B3D256420202020200000002020202006
:107950002020202020202020200000002020202087
:1079600020202020524543440000000088000020D1
:10797000202020204E3D25642020202020000000D3
:1079800090000020202020204D483D252E316620EB
:107990002020202000000000202020204D4C3D25EC
:1079A0002E3166202020202000000000024600200A
:1079B000002104E0535C8B400343D8B2491C0829E2
:1079C000F8DB1049097888421BD00F490968C9B211
:1079D0000D4B1960194609686FEA002319430A4BD9
:1079E00019600A49096841F00401084B1960074908
:1079F0001031096841F00401044B1033196001494A
:107A0000087070476C00002014080048180C0048EB
:107A100000B50A48FFF7CAFF0948007808B90120F5
:107A200000E000200549087006480078012800D1D0
:107A300000E000200149887000BD000064000020C3
:107A4000A00000208000002030B5044600200DE09A
:107A500054F82050954202D244F8202005E054F812
:107A600020509D4201D944F82030401C8842EFDB71
:107A700030BD0000FAF7C0FAFDF74BFAFCF7D6FE6E
:107A8000FCF794FEFDF728F8FCF7F8FDFCF748FE3C
:107A9000FCF76CFFFCF7E8FFFFF748FC7F21194873
:107AA000F9F720F87F211848F9F71CF8FFF74EFD89
:107AB0004023164A00211648FBF748FC04211448CD
:107AC000FBF79EFE1E2213490E48F9F723FF1E22E4
:107AD000104978310C48F9F71DFFFCF7F7FB00203F
:107AE000FCF71EFB4FF6FF70FCF776FC0020FCF75E
:107AF0005FFC00F0B3F8084800F050F801E000F037
:107B0000B3F8FCE7D00000203C010020F006002084
:107B1000680200200006002094050020DFED0A0A1C
:107B200080EE201A4FF08040C06A401C00EE900AA0
:107B3000F8EE600A61EE200AFCEEE00A10EE900A10
:107B40004FF08041886370470000C84210B5124A68
:107B5000B2FBF0F3591E1305D9629B6B00EE103A8D
:107B6000B8EE401A1305DB6A5B1C00EE103AB8EE63
:107B7000400AC1EE000A4B1C00EE103AB8EE400A73
:107B800020EE800ABCEEC00A10EE103A1405A36382
:107B90000123636110BD000000B4C40410B50446A5
:107BA0000020606020601E2104F10800F8F768FBE7
:107BB0000020A06210BD0146886A08B90120704704
:107BC0000020FCE70146886A1E2801D10120704789
:107BD0000020FCE730B503460C461846FFF7EBFFE4
:107BE00010B14FF0FF3030BD10E003F108005968CC
:107BF000405C04F8010B5868401C1E21B0FBF1F5F5
:107C000001FB15005860986A401E9862101EA2F190
:107C10000102EAD100BFE6E730B503460C4618463C
:107C2000FFF7D0FF10B14FF0FF3030BD10E014F877
:107C3000011B03F108001D6841551868401C1E21F6
:107C4000B0FBF1F501FB15001860986A401C9862C2
:107C5000101EA2F10102EAD100BFE6E706200149A9
:107C6000087070471800002010B5002421E0FAF7D2
:107C7000B1F91249086004EB4400114901EB80009E
:107C8000406804EB44010E4A02EB81018968084414
:107C90000A49096888420BD80848006804EB440187
:107CA00002EB8101886004EB440152F82100804717
:107CB000641C044800788442D9DB10BD1400002005
:107CC0001C0000201800002010B50848FFF773FFC3
:107CD00000B110BD05480649826AFFF77BFF4021CD
:107CE0000348F8F7CDFA00BFF3E700009405002041
:107CF000C0050020010002000400060008000A0080
:107D00000C00100020004000800000010101010370
:107D1000070100000804020408010101000000003E
:107D2000000000000102030406070809000000002B
:107D30000102030400000000000000000000000039
:107D40000000000000000000000000000000000033
:107D50000000000000000000000000000000000023
:107D6000000000000000800180018001800180018E
:107D700080018001800180018001800180018001FB
:107D800000000000800180010000000000000000F1
:107D90000000000000000000CC00CC00CC00CC00B3
:107DA000CC00CC000000000000000000000000003B
:107DB00000000000000000000000000000000000C3
:107DC00000000000000000000000000000000000B3
:107DD000600C600C600C30063006FE1FFE1F300683
:107DE00038071803FE1FFE1F180318038C018C01AF
:107DF0008C01000000008000E003F80F9C0E8C1C3A
:107E00008C188C009800F801E007800E801C8C18FC
:107E10008C189C18B80CF00FE00380008000000064
:107E2000000000000000000000000E181B0C110CE8
:107E300011061106110311039B018E01C038C06C9D
:107E400060446044304430441844186C0C380000DE
:107E5000000000000000E001F003380718061806D3
:107E60003003F001F000F8009C310E33061E061CB2
:107E7000061C063FFC73F02100000000000000001B
:107E800000000000000000000C000C000C000C00C2
:107E90000C000C00000000000000000000000000CA
:107EA00000000000000000000000000000000000D2
:107EB000000000000000000200038001C000C000BC
:107EC00060006000300030003000300030003000D2
:107ED0003000300060006000C000C000800100037E
:107EE00000020000000020006000C000800180014E
:107EF0000003000300060006000600060006000658
:107F0000000600060003000380018001C00060003D
:107F10002000000000000000000000000000000041
:107F2000C000C000D806F807E001300338070000A1
:107F30000000000000000000000000000000000041
:107F40000000000000000000000000000000000031
:107F500080018001800180018001FC3FFC3F8001A5
:107F6000800180018001800100000000000000000D
:107F70000000000000000000000000000000000001
:107F800000000000000000000000000000000000F1
:107F9000000000000000800180010001000180005D
:107FA00000000000000000000000000000000000D1
:107FB000000000000000000000000000E007E007F3
:107FC00000000000000000000000000000000000B1
:107FD00000000000000000000000000000000000A1
:107FE0000000000000000000000000000000000091
:107FF000000000000000C000C00000000000000001
:10800000000000000000000C000C00060006000646
:108010000003000300038003800180018001C00091
:10802000C000C00060006000000000000000000010
:10803000000000000000E003F007380E180C0C18D8
:108040000C180C180C180C180C180C180C180C1810
:10805000180C380EF007E0030000000000000000DC
:1080600000000000000000018001C001F001980143
:1080700088018001800180018001800180018001F0
:1080800080018001800180010000000000000000EC
:10809000000000000000E003F80F180C0C180C188A
:1080A00000180018000C000600038001C0006000EA
:1080B00030001800FC1FFC1F000000000000000042
:1080C000000000000000E001F807180E0C0C0C0C7A
:1080D000000C0006C003C007000C001800180C18A4
:1080E0000C18180CF807E003000000000000000066
:1080F000000000000000000C000E000F000F800DBB
:10810000C00C600C600C300C180C0C0CFC3FFC3FDD
:10811000000C000C000C000C00000000000000002F
:10812000000000000000F80FF80F180018000C0005
:10813000EC03FC071C0E001C0018001800180C189B
:108140001C0C180EF807E0030000000000000000FF
:10815000000000000000C007F00F381C18181800BD
:108160000C00CC03EC0F3C0E1C1C0C180C180C184B
:10817000181C380EF007E0030000000000000000AB
:10818000000000000000FC1FFC1F000C00060006A1
:10819000000380038001C001C000E00060006000B7
:1081A00070003000300030000000000000000000CF
:1081B000000000000000E003F007380E180C180C57
:1081C000180C3806F007F007180C0C180C180C18CF
:1081D0000C18380CF80FE00300000000000000004D
:1081E000000000000000E003F007380E1C0C0C1823
:1081F0000C180C181C1C381EF81BE0190018000C79
:10820000000C1C0EF807F001000000000000000048
:10821000000000000000000000000000000000005E
:10822000800180010000000000000000000000004C
:10823000000000008001800100000000000000003C
:10824000000000000000000000000000000000002E
:10825000800180010000000000000000000000001C
:10826000000000008001800100010001800000008A
:1082700000000000000000000000000000000000FE
:10828000000000000010001C800FE003F800180040
:10829000F800E003800F001C001000000000000048
:1082A00000000000000000000000000000000000CE
:1082B00000000000F81F000000000000F81F000090
:1082C00000000000000000000000000000000000AE
:1082D000000000000000000000000000000000009E
:1082E0000000000008003800F001C007001F00185F
:1082F000001FC007F0013800080000000000000067
:10830000000000000000E003F80F180C0C180C1817
:108310000018000C000600038001C000C000C0006F
:1083200000000000C000C0000000000000000000CD
:108330000000000000000000E00718180420C22917
:10834000224A114409440944094409221113E20C48
:10835000024004201818E0070000000000000000A0
:1083600000000000000080038003C006C006C006B5
:10837000600C600C301830183018F83FF83F1C7053
:108380000C600C6006C006C0000000000000000089
:10839000000000000000FC03FC0F0C0C0C180C1873
:1083A0000C180C0CFC07FC0F0C180C300C300C30AB
:1083B0000C300C18FC1FFC0700000000000000003F
:1083C000000000000000C007F01F38381C300C709F
:1083D00006600600060006000600060006000660AD
:1083E0000C701C30F01FE0070000000000000000CF
:1083F000000000000000FE03FE0F060E061806181F
:1084000006300630063006300630063006300618D4
:108410000618060EFE0FFE0300000000000000001C
:10842000000000000000FC3FFC3F0C000C000C00B2
:108430000C000C00FC1FFC1F0C000C000C000C00BE
:108440000C000C00FC3FFC3F00000000000000009E
:10845000000000000000F83FF83F18001800180066
:1084600018001800F81FF81F18001800180018004E
:10847000180018001800180000000000000000009C
:10848000000000000000E00FF83F3C780E6006E0BE
:1084900007C00300030003FE03FE03C007C006C0BD
:1084A0000EC03CF0F83FE00F0000000000000000AC
:1084B0000000000000000C300C300C300C300C3090
:1084C0000C300C30FC3FFC3F0C300C300C300C30CE
:1084D0000C300C300C300C300000000000000000AC
:1084E0000000000000008001800180018001800107
:1084F0008001800180018001800180018001800174
:108500008001800180018001000000000000000067
:10851000000000000000000600060006000600063D
:108520000006000600060006000600060006180603
:1085300018063807F003E00100000000000000000A
:1085400000000000000006300618060C06060603B0
:108550008601C60066007600DE008E010603060670
:10856000060C06180630066000000000000000003F
:108570000000000000001800180018001800180083
:10858000180018001800180018001800180018002B
:1085900018001800F81FF81F00000000000000007D
:1085A0000000000000000EE01EF01EF01EF036D8A5
:1085B00036D836D836D866CC66CC66CCC6C6C6C6E3
:1085C000C6C6C6C686C386C3000000000000000001
:1085D0000000000000000C301C303C303C306C309F
:1085E0006C30CC30CC308C310C330C330C360C3638
:1085F0000C3C0C3C0C380C3000000000000000006B
:10860000000000000000E007F81F1C380E70066034
:1086100003C003C003C003C003C003C003C006609F
:108620000E701C38F81FE00700000000000000007A
:10863000000000000000FC0FFC1F0C380C300C3058
:108640000C300C300C18FC1FFC070C000C000C004C
:108650000C000C000C000C000000000000000000EA
:10866000000000000000E007F81F1C380E700660D4
:1086700003E003C003C003C003C003C007E00663F8
:108680000E3F1C3CF83FE0F700C000000000000077
:10869000000000000000FE0FFE1F06380630063006
:1086A00006300638FE1FFE0706030606060C0618EF
:1086B00006180630063006600000000000000000CA
:1086C000000000000000E003F80F1C0C0C180C1850
:1086D0000C001C00F803E00F001E003806300630C6
:1086E0000E301C1CF80FE007000000000000000026
:1086F000000000000000FE7FFE7F800180018001FD
:108700008001800180018001800180018001800161
:108710008001800180018001000000000000000055
:108720000000000000000C300C300C300C300C301D
:108730000C300C300C300C300C300C300C300C3059
:108740000C301818F81FE0070000000000000000BF
:1087500000000000000003600630063006300C18F0
:108760000C180C18180C180C380E30063006700750
:1087700060036003C001C0010000000000000000B1
:108780000000000000000360C361C361C361663381
:10879000663366336633663366336C1B6C1B6C1B47
:1087A0002C1A3C1E380E380E00000000000000009D
:1087B0000000000000000FE00C7018303018700C42
:1087C000600EC00780038003C003E006700C301CFD
:1087D00018180C300E6007E00000000000000000D8
:1087E00000000000000003C006600C301C38381880
:1087F000300C6006E007C003800180018001800129
:108800008001800180018001000000000000000064
:10881000000000000000FC7FFC7F006000300018BA
:10882000000C000600038001C0006000300018004A
:108830000C000600FE7FFE7F00000000000000002C
:10884000000000000000E003E00360006000600042
:108850006000600060006000600060006000600018
:108860006000600060006000600060006000E00385
:10887000E003000000003000300060006000600095
:10888000C000C000C000C001800180018001000361
:1088900000030003000600060000000000000000C6
:1088A000000000000000E003E003000300030003F9
:1088B00000030003000300030003000300030003A0
:1088C0000003000300030003000300030003E003B0
:1088D000E003000000000000C001C001600360036D
:1088E000600330063006180C180C00000000000071
:1088F0000000000000000000000000000000000078
:108900000000000000000000000000000000000067
:108910000000000000000000000000000000000057
:10892000000000000000FFFFFFFF0000000000004B
:108930000000000000000C000C000C000C000C00FB
:108940000C0000000000000000000000000000001B
:108950000000000000000000000000000000000017
:108960000000000000000000000000000000000007
:10897000F003F8071C0C0C0C000FF00FF80C0C0C9B
:108980000C0C1C0FF80FF018000000000000000095
:10899000000000000000180018001800180018005F
:1089A000D803F80F380C18181818181818181818B1
:1089B0001818380CF80FD803000000000000000061
:1089C00000000000000000000000000000000000A7
:1089D000C003F007300E180C18001800180018001B
:1089E000180C300EF007C00300000000000000006B
:1089F00000000000000000180018001800180018FF
:108A0000C01BF01F301C1818181818181818181840
:108A10001818301CF01FC01B0000000000000000F0
:108A20000000000000000000000000000000000046
:108A3000C003F00F300C1818F81FF81F18001800AA
:108A40003818301CF00FC0070000000000000000C4
:108A5000000000000000800FC00FC000C000C00078
:108A6000F007F007C000C000C000C000C000C00098
:108A7000C000C000C000C0000000000000000000F6
:108A800000000000000000000000000000000000E6
:108A9000E00DF80F180E0C0C0C0C0C0C0C0C0C0C44
:108AA0000C0C180EF80FE00D000C0C0C1C06F8074F
:108AB000F00100000000180018001800180018004D
:108AC000D807F80F381C181818181818181818187C
:108AD00018181818181818180000000000000000D6
:108AE000000000000000C000C00000000000000006
:108AF000C000C000C000C000C000C000C000C00076
:108B0000C000C000C000C000000000000000000065
:108B1000000000000000C000C000000000000000D5
:108B2000C000C000C000C000C000C000C000C00045
:108B3000C000C000C000C000C000C000C000F800FD
:108B40007800000000000C000C000C000C000C0071
:108B50000C0C0C060C038C01CC006C00FC009C017E
:108B60008C030C030C060C0C00000000000000003D
:108B7000000000000000C000C000C000C000C00035
:108B8000C000C000C000C000C000C000C000C000E5
:108B9000C000C000C000C0000000000000000000D5
:108BA00000000000000000000000000000000000C5
:108BB0007C3CFF7EC7E383C183C183C183C183C182
:108BC00083C183C183C183C1000000000000000095
:108BD0000000000000000000000000000000000095
:108BE0009807F80F381C181818181818181818189B
:108BF00018181818181818180000000000000000B5
:108C00000000000000000000000000000000000064
:108C1000C003F00F300C1818181818181818181866
:108C20001818300CF00FC003000000000000000016
:108C30000000000000000000000000000000000034
:108C4000D803F80F380C181818181818181818180E
:108C50001818380CF80FD80318001800180018005E
:108C600018000000000000000000000000000000EC
:108C7000C01BF01F301C18181818181818181818CE
:108C80001818301CF01FC01B00180018001800181E
:108C900000180000000000000000000000000000BC
:108CA000B007F003700030003000300030003000BA
:108CB00030003000300030000000000000000000F4
:108CC00000000000000000000000000000000000A4
:108CD000E003F003380E180C3800F003C007000C56
:108CE000180C380EF007E003000000000000000040
:108CF00000000000000000008000C000C000C000B4
:108D0000F007F007C000C000C000C000C000C000F5
:108D1000C000C000C0078007000000000000000085
:108D20000000000000000000000000000000000043
:108D300018181818181818181818181818181818B3
:108D40001818381CF01FE019000000000000000097
:108D50000000000000000000000000000000000013
:108D60000C18180C180C180C30063006300660036E
:108D700060036003C001C0010000000000000000AB
:108D800000000000000000000000000000000000E3
:108D9000C141C141C3616363636363633636363681
:108DA00036361C1C1C1C1C1C0000000000000000AF
:108DB00000000000000000000000000000000000B3
:108DC0001C38381C300C60066003600360036003CD
:108DD0006006300C381C1C38000000000000000049
:108DE0000000000000000000000000000000000083
:108DF0001830301830187018600C600CE00CC00689
:108E0000C00680038003800380018001C001F00060
:108E100070000000000000000000000000000000E2
:108E2000FC1FFC1F000C000600038001C000600056
:108E300030001800FC1FFC1F0000000000000000B4
:108E400000000000000000038001C000C000C0005E
:108E5000C000C000C0006000600030006000400042
:108E6000C000C000C000C000C000C00080010003FE
:108E7000000000000000800180018001800180016D
:108E800080018001800180018001800180018001DA
:108E900080018001800180018001800180018001CA
:108EA0008001000000006000C000C001800180015E
:108EB000800180018001000300030006000300011F
:108EC000800180018001800180018001C00060007C
:108ED0000000000000000000000000000000000092
:108EE00000000000F010F81F080F00000000000054
:108EF0000000000000000000000000000000000072
:108F000000000000248F000800000020D0000000B6
:108F100034690008F48F0008D0000020200B000006
:108F2000446900080000000000000000100000007C
:108F3000010000000024F400000000000000000018
:108F4000117A00080100000000000000A975000867
:108F500005000000000000006973000832000000F6
:108F600000000000C97C0008E803000000000000C9
:108F7000117200083200000000000000B177000804
:108F8000640000000000000000000000000000007D
:108F9000FF000000000000000000000000000000D2
:108FA0000000000000000000FFFF000000010101C0
:108FB00001000000000000000000000000000000B0
:108FC00000000000000000000000000000000000A1
:108FD00000000000000000000000A00F00000000E2
:108FE0000000000000000000000000000000000081
:048FF000000000007D
:04000005080001D915
:00000001FF
